物件名,住所,最寄り駅,築年数,価格,間取り,面積,バルコニーの広さ,都県,市区,築年月数,価格(万円),不動産単価（万／坪）,路線,駅名,緯度,経度
ワールドシティタワーズ　アクアタワー西向き,東京都港区港南４,ＪＲ山手線「品川」徒歩15分,2005年10月,115000000.0,1LDK,56.09,9.51,東京,港,242,11500.0,677,ＪＲ山手線,品川,35.6273113,139.7485979
シティタワーズ豊洲ザ・ツイン,東京都江東区豊洲３,東京メトロ有楽町線「豊洲」徒歩5分,2009年2月,125000000.0,2LDK,55.37,5.68,東京,江東,202,12500.0,745,東京メトロ有楽町線,豊洲,35.6585681,139.7965242
ベイサイドタワー晴海,東京都中央区晴海３,都営大江戸線「勝どき」徒歩7分,2015年9月,145000000.0,3LDK,72.4,11.28,東京,中央,123,14500.0,661,都営大江戸線,勝どき,35.6548467,139.7786272
ザ・パークハウス青砥,東京都葛飾区青戸７-32-3,京成本線「青砥」徒歩13分,2013年6月,57800000.0,3LDK,69.79,9.3,東京,葛飾,150,5780.0,273,京成本線,青砥,35.7542915,139.857165
清新北ハイツ５号棟,東京都江戸川区清新町１-4-5,東京メトロ東西線「西葛西」徒歩10分,1983年3月,58800000.0,3LDK,74.48,19.18,東京,江戸川,513,5880.0,261,東京メトロ東西線,西葛西,35.6624792,139.8542792
プラウドタワー亀戸クロス　ゲートタワー,東京都江東区亀戸６,ＪＲ総武線「亀戸」徒歩2分,2022年1月,58800000.0,1RM,29.88,6.4,東京,江東,47,5880.0,649,ＪＲ総武線,亀戸,35.6957973,139.8278569
ヴェレーナ王子,東京都北区豊島５,東京メトロ南北線「王子神谷」徒歩15分,2012年3月,61800000.0,3LDK,80.27,12.8,東京,北,165,6180.0,254,東京メトロ南北線,王子神谷,35.7642385,139.7496788
ライオンズタワー大島,東京都江東区大島８-28-5,都営新宿線「大島」徒歩10分,2004年7月,61800000.0,1LDK,65.95,11.74,東京,江東,257,6180.0,309,都営新宿線,大島,35.6869743,139.8415346
ヴェレーナ王子,東京都北区豊島５,東京メトロ南北線「王子神谷」徒歩15分,2012年3月,62800000.0,3LDK,81.62,12.3,東京,北,165,6280.0,254,東京メトロ南北線,王子神谷,35.7642385,139.7496788
ザ・パークハウス青砥,東京都葛飾区青戸７-32-3,京成本線「青砥」徒歩13分,2013年6月,62800000.0,3LDK,72.16,9.6,東京,葛飾,150,6280.0,287,京成本線,青砥,35.7542915,139.857165
ザ・パークハウス青砥,東京都葛飾区青戸７,京成本線「青砥」徒歩13分,2013年6月,62800000.0,3LDK,72.16,9.6,東京,葛飾,150,6280.0,287,京成本線,青砥,35.7552758,139.8560065
晴海テラス,東京都中央区晴海５,都営大江戸線「勝どき」徒歩10分,2009年3月,66800000.0,1LDK,40.0,7.6,東京,中央,201,6680.0,551,都営大江戸線,勝どき,35.6490356,139.7741538
サンウッド品川天王洲タワー,東京都品川区東品川２,りんかい線「天王洲アイル」徒歩4分,2005年2月,67800000.0,1LDK,46.18,8.7,東京,品川,250,6780.0,484,りんかい線,天王洲アイル,35.6214449,139.751153
ミッドガーデンシティザ・タワー＆ヴィラ,東京都荒川区南千住６,東京メトロ日比谷線「南千住」徒歩10分,2011年1月,69800000.0,3LDK,73.5,0.0,東京,荒川,179,6980.0,313,東京メトロ日比谷線,南千住,35.73758170000001,139.7946064
ザ・ステージオガーデンフロントタワー,東京都足立区西新井栄町１,東武伊勢崎線「西新井」徒歩5分,2006年12月,74800000.0,3LDK,73.02,11.97,東京,足立,228,7480.0,338,東武伊勢崎線,西新井,35.7748516,139.7888534
ブリリア有明スカイタワー,東京都江東区有明１,新交通ゆりかもめ「有明テニスの森」徒歩6分,2010年12月,78500000.0,1DK,39.48,8.19,東京,江東,180,7850.0,656,新交通ゆりかもめ,有明テニスの森,35.6403728,139.7869359
シティタワー池袋,東京都豊島区東池袋２,ＪＲ山手線「池袋」徒歩12分,2003年8月,78800000.0,1LDK,44.6,15.84,東京,豊島,268,7880.0,583,ＪＲ山手線,池袋,35.7314981,139.7236915
アイタウン・レピア,東京都新宿区西新宿６-21-1,東京メトロ丸ノ内線「西新宿」徒歩11分,1994年10月,79800000.0,1LDK,43.21,8.7,東京,新宿,374,7980.0,609,東京メトロ丸ノ内線,西新宿,35.6929304,139.6904993
西早稲田シティタワー,東京都新宿区西早稲田１,東京メトロ東西線「早稲田」徒歩11分,1999年3月,79900000.0,1LDK,50.01,7.57,東京,新宿,321,7990.0,527,東京メトロ東西線,早稲田,35.710463,139.7198607
シティタワー大泉学園,東京都練馬区東大泉１,西武池袋線「大泉学園」徒歩2分,2010年1月,82500000.0,2LDK,57.15,7.32,東京,練馬,191,8250.0,476,西武池袋線,大泉学園,35.7491256,139.5910344
シエルズガーデンリビエルタワー,東京都大田区下丸子２-12-2,東急多摩川線「下丸子」徒歩13分,2003年4月,82800000.0,2LDK+S（納戸）,80.62,15.2,東京,大田,272,8280.0,339,東急多摩川線,下丸子,35.5643641,139.6819974
ブリリア有明スカイタワー,東京都江東区有明１,新交通ゆりかもめ「有明テニスの森」徒歩6分,2010年12月,82980000.0,1LDK,40.02,8.48,東京,江東,180,8298.0,684,新交通ゆりかもめ,有明テニスの森,35.6403728,139.7869359
パークシティ杉並セントラルタワー,東京都杉並区和田２,東京メトロ丸ノ内線「方南町」徒歩8分,2000年8月,84800000.0,3LDK+S（納戸）,72.82,11.85,東京,杉並,304,8480.0,384,東京メトロ丸ノ内線,方南町,35.6892748,139.6586012
パークシティ杉並　セントラルタワー,東京都杉並区和田２-26-3,東京メトロ丸ノ内線「方南町」徒歩8分,2000年8月,84800000.0,3LDK,72.82,11.85,東京,杉並,304,8480.0,384,東京メトロ丸ノ内線,方南町,35.6892272,139.6558758
パークシティ杉並セントラルタワー,東京都杉並区和田２-26-3,東京メトロ丸ノ内線「方南町」徒歩8分,2000年8月,84800000.0,3LDK,72.82,11.85,東京,杉並,304,8480.0,384,東京メトロ丸ノ内線,方南町,35.6892272,139.6558758
パークシティ杉並セントラルタワー,東京都杉並区和田２,東京メトロ丸ノ内線「方南町」徒歩8分,2000年8月,84800000.0,3LDK,72.82,11.85,東京,杉並,304,8480.0,384,東京メトロ丸ノ内線,方南町,35.6892748,139.6586012
ブリリアマーレ有明タワー＆ガーデン,東京都江東区有明１,新交通ゆりかもめ「有明テニスの森」徒歩4分,2008年12月,84800000.0,1LDK,40.8,6.42,東京,江東,204,8480.0,686,新交通ゆりかもめ,有明テニスの森,35.6403728,139.7869359
リバーフェイス,東京都荒川区南千住３,東京メトロ日比谷線「南千住」徒歩14分,2009年2月,85800000.0,3LDK,73.96,12.3,東京,荒川,202,8580.0,383,東京メトロ日比谷線,南千住,35.7312289,139.8073929
リビオタワー板橋,東京都板橋区板橋３,都営三田線「板橋区役所前」徒歩4分,2010年9月,85800000.0,3LDK,70.91,21.51,東京,板橋,183,8580.0,399,都営三田線,板橋区役所前,35.751471,139.7134765
リバーフェイス　,東京都荒川区南千住３,東京メトロ日比谷線「南千住」徒歩14分,2009年2月,85800000.0,3LDK,73.96,12.3,東京,荒川,202,8580.0,383,東京メトロ日比谷線,南千住,35.7312289,139.8073929
イニシア千住曙町,東京都足立区千住曙町40-1,京成本線「京成関屋」徒歩5分,2009年1月,88800000.0,1LDK+S（納戸）,73.39,13.42,東京,足立,203,8880.0,399,京成本線,京成関屋,35.7416694,139.8141257
テラス東陽町ネクスタワー,東京都江東区南砂２,東京メトロ東西線「南砂町」徒歩8分,2011年1月,89800000.0,3LDK,70.29,14.69,東京,江東,179,8980.0,422,東京メトロ東西線,南砂町,35.6730787,139.8227402
プラウドタワー金町,東京都葛飾区金町６,ＪＲ常磐線「金町」徒歩2分,2021年6月,89800000.0,2LDK,60.03,14.55,東京,葛飾,54,8980.0,494,ＪＲ常磐線,金町,35.7690373,139.8710463
西戸山タワーホウムズ セントラルタワー,東京都新宿区百人町３,ＪＲ山手線「新大久保」徒歩7分,1988年1月,89800000.0,2LDK,81.42,14.32,東京,新宿,455,8980.0,364,ＪＲ山手線,新大久保,35.7063302,139.6981574
パークタワー秋葉原,東京都千代田区神田練塀町５５,ＪＲ山手線「秋葉原」徒歩4分,2006年8月,89800000.0,1LDK+S（納戸）,40.76,9.62,東京,千代田,232,8980.0,727,ＪＲ山手線,秋葉原,35.7008551,139.7738343
サンウッド品川天王洲タワー,東京都品川区東品川２-2-25,りんかい線「天王洲アイル」徒歩3分,2005年2月,89800000.0,1LDK,55.13,7.75,東京,品川,250,8980.0,538,りんかい線,天王洲アイル,35.6217353,139.7492809
西戸山タワーホウムズノースタワー,東京都新宿区百人町３-1-5,ＪＲ山手線「新大久保」徒歩9分,1988年1月,91500000.0,2LDK,71.49,8.83,東京,新宿,455,9150.0,422,ＪＲ山手線,新大久保,35.7066397,139.701179
西戸山タワーホウムズノースタワー,東京都新宿区百人町３,ＪＲ山手線「高田馬場」徒歩11分,1988年1月,91500000.0,2LDK,71.49,1.0,東京,新宿,455,9150.0,422,ＪＲ山手線,高田馬場,35.7063302,139.6981574
パークタワー晴海,東京都中央区晴海２,東京メトロ有楽町線「月島」徒歩12分,2019年2月,91800000.0,1LDK,48.02,10.75,東京,中央,82,9180.0,631,東京メトロ有楽町線,月島,35.6564518,139.7869359
シティタワー金町タワー棟,東京都葛飾区新宿６,ＪＲ常磐線「金町」徒歩12分,2016年2月,91980000.0,3LDK,63.04,12.12,東京,葛飾,118,9198.0,481,ＪＲ常磐線,金町,35.7710963,139.861126
シティタワー金町タワー棟,東京都葛飾区新宿６,ＪＲ常磐線「金町」徒歩12分,2016年2月,91980000.0,3LDK,63.04,12.12,東京,葛飾,118,9198.0,481,ＪＲ常磐線,金町,35.7710963,139.861126
シティタワーズ東京ベイ,東京都江東区有明２,新交通ゆりかもめ「有明」徒歩6分,2019年7月,92000000.0,1LDK,42.48,11.47,東京,江東,77,9200.0,715,新交通ゆりかもめ,有明,35.6388488,139.7946064
シティタワー赤羽テラス,東京都北区岩淵町,東京メトロ南北線「赤羽岩淵」徒歩2分,2012年9月,92800000.0,3LDK,71.79,17.79,東京,北,159,9280.0,427,東京メトロ南北線,赤羽岩淵,35.7860104,139.7224146
ザ・湾岸タワーレックスガーデン,東京都江東区東雲２,りんかい線「東雲」徒歩4分,2012年9月,92800000.0,2LDK,58.04,4.12,東京,江東,159,9280.0,528,りんかい線,東雲,35.6396214,139.802278
ザ・タワーズ台場WEST棟,東京都港区台場２-2-2,新交通ゆりかもめ「お台場海浜公園」徒歩2分,2006年5月,92800000.0,1LDK,47.14,5.29,東京,港,235,9280.0,650,新交通ゆりかもめ,お台場海浜公園,35.6298408,139.7802649
ザ・パークハウス三軒茶屋タワー,東京都世田谷区上馬１,東急田園都市線「三軒茶屋」徒歩9分,2012年2月,94800000.0,1LDK,41.66,4.7,東京,世田谷,166,9480.0,751,東急田園都市線,三軒茶屋,35.6383248,139.6688067
リバーフェイス,東京都荒川区南千住３,東京メトロ日比谷線「南千住」徒歩15分,2009年2月,95000000.0,4LDK,86.96,34.77,東京,荒川,202,9500.0,361,東京メトロ日比谷線,南千住,35.7312289,139.8073929
シティタワーズ東京ベイ,東京都江東区有明２,新交通ゆりかもめ「有明」徒歩6分,2019年7月,95000000.0,1LDK,40.22,10.85,東京,江東,77,9500.0,779,新交通ゆりかもめ,有明,35.6388488,139.7946064
西戸山タワーホウムズ サウスタワー,東京都新宿区百人町３,ＪＲ山手線「新大久保」徒歩7分,1988年1月,97000000.0,2LDK,82.09,9.1,東京,新宿,455,9700.0,390,ＪＲ山手線,新大久保,35.7063302,139.6981574
ムーンアイランドタワー,東京都中央区月島２,東京メトロ有楽町線「月島」徒歩1分,2002年6月,97500000.0,1LDK,48.48,8.99,東京,中央,282,9750.0,664,東京メトロ有楽町線,月島,35.6619998,139.7850184
ザ・ガーデンタワーズ サンライズタワー,東京都江東区大島１,東京メトロ半蔵門線「住吉」徒歩9分,1997年1月,97800000.0,3LDK,90.13,12.62,東京,江東,347,9780.0,358,東京メトロ半蔵門線,住吉,35.6868603,139.8227402
シティタワー品川,東京都港区港南４,ＪＲ山手線「品川」徒歩10分,2008年4月,97800000.0,2LDK,73.89,18.51,東京,港,212,9780.0,437,ＪＲ山手線,品川,35.6273113,139.7485979
エアライズタワー,東京都豊島区東池袋４,東京メトロ有楽町線「東池袋」徒歩1分,2007年1月,97800000.0,1LDK,45.69,13.06,東京,豊島,227,9780.0,706,東京メトロ有楽町線,東池袋,35.727032,139.7211376
シティタワー品川,東京都港区港南４,ＪＲ山手線「品川」徒歩10分,2008年4月,98000000.0,2LDK,73.89,18.51,東京,港,212,9800.0,438,ＪＲ山手線,品川,35.6273113,139.7485979
シティタワー品川,東京都港区港南４-2-7,ＪＲ山手線「品川」徒歩10分,2008年4月,98000000.0,2LDK,73.89,18.51,東京,港,212,9800.0,438,ＪＲ山手線,品川,35.6312085,139.7480034
ファミール新宿グランスィートタワー,東京都渋谷区代々木２,ＪＲ山手線「新宿」徒歩7分,2002年2月,99000000.0,1LDK,41.2,2.8,東京,渋谷,286,9900.0,793,ＪＲ山手線,新宿,35.6856856,139.6981574
ザ・タワー十条,東京都北区上十条２,ＪＲ埼京線「十条」徒歩1分,2024年9月,99800000.0,2LDK,58.23,11.28,東京,北,15,9980.0,566,ＪＲ埼京線,十条,35.7591353,139.7211376
ワールドシティタワーズキャピタルタワー,東京都港区港南４,りんかい線「天王洲アイル」徒歩7分,2006年10月,99800000.0,1LDK,60.7,5.6,東京,港,230,9980.0,543,りんかい線,天王洲アイル,35.6273113,139.7485979
ワールドシティタワーズキャピタルタワー,東京都港区港南４-6-8,東京モノレール「天王洲アイル」徒歩7分,2006年10月,99800000.0,1LDK,60.7,5.6,東京,港,230,9980.0,543,東京モノレール,天王洲アイル,35.6278646,139.7506623
ワールドシティタワーズ　キャピタルタワー,東京都港区港南４,ＪＲ山手線「品川」徒歩13分,2006年10月,99800000.0,1LDK,60.7,5.6,東京,港,230,9980.0,543,ＪＲ山手線,品川,35.6273113,139.7485979
プラウドタワー金町,東京都葛飾区金町６,ＪＲ常磐線「金町」徒歩2分,2021年6月,99800000.0,2LDK,60.03,14.55,東京,葛飾,54,9980.0,549,ＪＲ常磐線,金町,35.7690373,139.8710463
ワールドシティタワーズキャピタルタワー,東京都港区港南４,東京モノレール「天王洲アイル」徒歩7分,2006年10月,99800000.0,1LDK,60.7,5.6,東京,港,230,9980.0,543,東京モノレール,天王洲アイル,35.6273113,139.7485979
ワールドシティタワーズキャピタルタワー,東京都港区港南４-６－８,ＪＲ山手線「品川」徒歩13分,2006年10月,99800000.0,1LDK,60.7,5.6,東京,港,230,9980.0,543,ＪＲ山手線,品川,35.6278646,139.7506623
シティタワー有明,東京都江東区有明１,新交通ゆりかもめ「有明テニスの森」徒歩9分,2009年12月,99800000.0,2LDK,59.86,0.0,東京,江東,192,9980.0,550,新交通ゆりかもめ,有明テニスの森,35.6403728,139.7869359
モデルノトッレ松濤,東京都渋谷区松濤２,京王井の頭線「神泉」徒歩7分,2008年1月,99990000.0,1LDK,43.44,5.25,東京,渋谷,215,9999.0,760,京王井の頭線,神泉,35.6598231,139.6901802
ザ・パークハウス西新宿タワー60,東京都新宿区西新宿５-5-1,都営大江戸線「西新宿五丁目」徒歩7分,2017年8月,104800000.0,1DK,43.08,13.32,東京,新宿,100,10480.0,803,都営大江戸線,西新宿五丁目,35.6918758,139.7100852
シーフォートタワー,東京都品川区東品川２,東京モノレール「天王洲アイル」徒歩4分,1992年6月,104800000.0,2LDK,79.99,2.19,東京,品川,402,10480.0,432,東京モノレール,天王洲アイル,35.6214449,139.751153
ザ・パークハウス晴海タワーズクロノレジデンス21階,東京都中央区晴海２,都営大江戸線「勝どき」徒歩13分,2013年10月,105000000.0,2LDK,56.79,10.25,東京,中央,146,10500.0,610,都営大江戸線,勝どき,35.6564518,139.7869359
西戸山タワーホウムズサウスタワー,東京都新宿区百人町３,ＪＲ山手線「新大久保」徒歩6分,1988年1月,106800000.0,2LDK,81.42,14.32,東京,新宿,455,10680.0,433,ＪＲ山手線,新大久保,35.7063302,139.6981574
西戸山タワーホウムズサウスタワー,東京都新宿区百人町３,ＪＲ山手線「新大久保」徒歩6分,1988年1月,106800000.0,2LDK,81.42,14.32,東京,新宿,455,10680.0,433,ＪＲ山手線,新大久保,35.7063302,139.6981574
西戸山タワーホウムズセントラルタワー,東京都新宿区百人町３,ＪＲ山手線「新大久保」徒歩6分,1988年1月,108000000.0,2LDK+S（納戸）,79.77,13.0,東京,新宿,455,10800.0,447,ＪＲ山手線,新大久保,35.7063302,139.6981574
西戸山タワーホウムズセントラルタワー,東京都新宿区百人町３,ＪＲ山手線「新大久保」徒歩8分,1988年1月,108000000.0,2LDK,79.77,13.22,東京,新宿,455,10800.0,447,ＪＲ山手線,新大久保,35.7063302,139.6981574
シティタワー大泉学園,東京都練馬区東大泉１,西武池袋線「大泉学園」徒歩2分,2010年1月,108800000.0,2LDK,72.12,8.34,東京,練馬,191,10880.0,498,西武池袋線,大泉学園,35.7491256,139.5910344
イニシア千住曙町,東京都足立区千住曙町,京成本線「京成関屋」徒歩5分,2009年1月,109000000.0,4LDK,90.39,18.48,東京,足立,203,10900.0,398,京成本線,京成関屋,35.7426527,139.8144266
スカイシティ豊洲ベイサイドタワー,東京都江東区豊洲１-3-18,東京メトロ有楽町線「豊洲」徒歩12分,1997年2月,109800000.0,3LDK,78.21,15.3,東京,江東,346,10980.0,463,東京メトロ有楽町線,豊洲,35.6622467,139.7928676
HARUMI FLAG SUN VILLAGE T棟,東京都中央区晴海５-5-7,都営大江戸線「勝どき」徒歩14分,2025年10月,109800000.0,1LDK,49.38,11.27,東京,中央,2,10980.0,734,都営大江戸線,勝どき,35.6505533,139.7736279
品川タワーフェイス,東京都港区港南２,ＪＲ山手線「品川」徒歩9分,2005年7月,109800000.0,1LDK,55.85,7.09,東京,港,245,10980.0,649,ＪＲ山手線,品川,35.6275595,139.7434881
ビーコンタワーレジデンス,東京都江東区東雲１,東京メトロ有楽町線「辰巳」徒歩9分,2009年1月,109800000.0,2LDK,82.71,12.52,東京,江東,203,10980.0,438,東京メトロ有楽町線,辰巳,35.6465138,139.802278
シティタワー銀座東,東京都中央区湊２,ＪＲ京葉線「八丁堀」徒歩6分,2019年1月,109800000.0,1LDK,44.8,10.1,東京,中央,83,10980.0,809,ＪＲ京葉線,八丁堀,35.6709568,139.780864
エクサージュ海岸,東京都港区海岸３,新交通ゆりかもめ「芝浦ふ頭」徒歩4分,2002年4月,109800000.0,2LDK,67.79,11.17,東京,港,284,10980.0,535,新交通ゆりかもめ,芝浦ふ頭,35.6399584,139.7600967
ベイクレストタワー,東京都港区港南３,ＪＲ山手線「品川」徒歩15分,2005年8月,109800000.0,1LDK,62.42,8.6,東京,港,244,10980.0,580,ＪＲ山手線,品川,35.633247,139.7505142
プライムパークス品川シーサイドザ・タワー,東京都品川区東品川４,りんかい線「品川シーサイド」徒歩4分,2019年1月,109800000.0,2LDK,56.91,11.43,東京,品川,83,10980.0,637,りんかい線,品川シーサイド,35.6089355,139.7485979
シティタワー目黒,東京都品川区西五反田３,東急目黒線「不動前」徒歩4分,2017年1月,109800000.0,1LDK,41.26,12.72,東京,品川,107,10980.0,878,東急目黒線,不動前,35.6279656,139.717307
プライムパークス品川シーサイドザタワー,東京都品川区東品川４,りんかい線「品川シーサイド」徒歩4分,2019年1月,109800000.0,2LDK,56.91,11.43,東京,品川,83,10980.0,637,りんかい線,品川シーサイド,35.6089355,139.7485979
BEACON Tower Residence,東京都江東区東雲１,東京メトロ有楽町線「辰巳」徒歩9分,2009年1月,109800000.0,2LDK,82.71,12.52,東京,江東,203,10980.0,438,東京メトロ有楽町線,辰巳,35.6465138,139.802278
Brilliaタワー東京,東京都墨田区太平４,東京メトロ半蔵門線「錦糸町」徒歩4分,2006年2月,109980000.0,1LDK+S（納戸）,57.16,11.5,東京,墨田,238,10998.0,635,東京メトロ半蔵門線,錦糸町,35.7012067,139.8169845
晴海アイランドトリトンスクエアビュータワー,東京都中央区晴海１,東京メトロ有楽町線「月島」徒歩7分,1998年2月,109990000.0,1LDK+S（納戸）,55.27,7.97,東京,中央,334,10999.0,657,東京メトロ有楽町線,月島,35.6597032,139.7850184
銀座タワー,東京都中央区銀座１-22-1,東京メトロ有楽町線「新富町」徒歩3分,2003年7月,110000000.0,2LDK,73.81,12.88,東京,中央,269,11000.0,492,東京メトロ有楽町線,新富町,35.6722671,139.7711566
ビーコンタワーレジデンス,東京都江東区東雲１-9-43,東京メトロ有楽町線「辰巳」徒歩9分,2009年1月,110800000.0,2LDK,62.73,10.2,東京,江東,203,11080.0,583,東京メトロ有楽町線,辰巳,35.6482874,139.8048459
ザ・クレストタワー,東京都中央区佃２,東京メトロ有楽町線「月島」徒歩3分,2004年9月,112000000.0,1LDK,52.28,13.1,東京,中央,255,11200.0,707,東京メトロ有楽町線,月島,35.6682531,139.7862967
TOKYOシティトリエ,東京都豊島区西巣鴨１,東武東上線「北池袋」徒歩8分,2005年11月,112000000.0,2LDK,73.44,9.9,東京,豊島,241,11200.0,503,東武東上線,北池袋,35.7371108,139.7262455
品川イーストシティタワー,東京都品川区東品川５,東京モノレール「天王洲アイル」徒歩5分,2018年7月,112800000.0,2LDK,56.82,11.34,東京,品川,89,11280.0,655,東京モノレール,天王洲アイル,35.6211959,139.7562635
ワールドシティタワーズ　ブリーズタワー西向き,東京都港区港南４,ＪＲ山手線「品川」徒歩15分,2006年10月,113000000.0,2LDK,58.98,15.07,東京,港,230,11300.0,632,ＪＲ山手線,品川,35.6273113,139.7485979
晴海アイランドトリトンスクエアビュータワー,東京都中央区晴海１-6-1,都営大江戸線「月島」徒歩7分,1998年2月,113800000.0,2LDK,69.86,11.38,東京,中央,334,11380.0,538,都営大江戸線,月島,35.6590853,139.7840305
ザ・晴海レジデンス,東京都中央区晴海５-1-17,都営大江戸線「勝どき」徒歩10分,2009年3月,113800000.0,2LDK,79.2,14.46,東京,中央,201,11380.0,474,都営大江戸線,勝どき,35.6526925,139.7745931
西早稲田パークタワー,東京都新宿区西早稲田１,東京メトロ東西線「早稲田」徒歩9分,1993年10月,114800000.0,2LDK,74.48,13.95,東京,新宿,386,11480.0,509,東京メトロ東西線,早稲田,35.710463,139.7198607
シエルズガーデンエールタワー,東京都大田区下丸子２,東急多摩川線「下丸子」徒歩13分,2003年5月,114800000.0,3LDK,98.98,29.65,東京,大田,271,11480.0,383,東急多摩川線,下丸子,35.5626542,139.6847564
パークタワー池袋イーストプレイス,東京都豊島区東池袋３,ＪＲ山手線「大塚」徒歩9分,2008年2月,115000000.0,2LDK,57.77,3.97,東京,豊島,214,11500.0,657,ＪＲ山手線,大塚,35.7299592,139.7198607
プラウドタワー東池袋ステーションアリーナ,東京都豊島区東池袋４-2-1,東京メトロ有楽町線「東池袋」徒歩1分,2022年1月,115000000.0,1LDK,44.3,9.08,東京,豊島,47,11500.0,857,東京メトロ有楽町線,東池袋,35.7256758,139.720316
プラウドタワー小岩ファースト,東京都江戸川区南小岩６,ＪＲ総武線「小岩」徒歩1分,2022年3月,115000000.0,3LDK,72.27,15.89,東京,江戸川,45,11500.0,525,ＪＲ総武線,小岩,35.7292121,139.8784076
フェイバリッチタワー品川,東京都港区港南３,ＪＲ山手線「品川」徒歩14分,2006年10月,115000000.0,2LDK,53.78,9.24,東京,港,230,11500.0,706,ＪＲ山手線,品川,35.633247,139.7505142
ステーションフロントタワー,東京都豊島区北大塚２,ＪＲ山手線「大塚」徒歩3分,2000年8月,115800000.0,3LDK,74.69,11.16,東京,豊島,304,11580.0,512,ＪＲ山手線,大塚,35.7335499,139.7287997
プラウドタワー亀戸クロス ブライトタワー,東京都江東区亀戸６,ＪＲ総武線「亀戸」徒歩2分,2021年12月,115800000.0,2LDK,57.1,10.64,東京,江東,48,11580.0,669,ＪＲ総武線,亀戸,35.6957973,139.8278569
プラウドタワー芝浦,東京都港区芝浦４,ＪＲ山手線「田町」徒歩11分,2023年1月,115800000.0,1LDK,40.27,5.06,東京,港,35,11580.0,949,ＪＲ山手線,田町,35.6400662,139.7460429
ザ・パークハウス晴海タワーズティアロレジデンス,東京都中央区晴海２-３－２,都営大江戸線「勝どき」徒歩13分,2016年3月,115880000.0,2LDK,56.21,9.87,東京,中央,117,11588.0,680,都営大江戸線,勝どき,35.6561262,139.7858853
アルファグランデ千桜タワー,東京都千代田区神田東松下町,都営新宿線「岩本町」徒歩2分,2018年4月,116800000.0,2LDK,56.16,9.4,東京,千代田,92,11680.0,686,都営新宿線,岩本町,35.6945427,139.7738343
シエルズガーデンエールタワー,東京都大田区下丸子２,東急多摩川線「下丸子」徒歩13分,2003年5月,118000000.0,4LDK,98.98,29.65,東京,大田,271,11800.0,393,東急多摩川線,下丸子,35.5626542,139.6847564
レグノ・セレーノ,東京都新宿区北新宿３-2-1,ＪＲ中央線「大久保」徒歩3分,2008年4月,118000000.0,2LDK,64.64,10.15,東京,新宿,212,11800.0,602,ＪＲ中央線,大久保,35.7030039,139.6946074
レグノ・セレーノ,東京都新宿区北新宿３,ＪＲ中央線「大久保」徒歩3分,2008年4月,118000000.0,2LDK,64.64,10.15,東京,新宿,212,11800.0,602,ＪＲ中央線,大久保,35.7032517,139.6904993
ザ・豊洲タワー　THE TOYOSU TOWER,東京都江東区豊洲３,東京メトロ有楽町線「豊洲」徒歩6分,2008年10月,118000000.0,1LDK,57.49,9.91,東京,江東,206,11800.0,677,東京メトロ有楽町線,豊洲,35.6585681,139.7965242
シエルズガーデンエールタワー,東京都大田区下丸子２,東急多摩川線「下丸子」徒歩13分,2003年5月,118000000.0,4LDK,98.98,29.65,東京,大田,271,11800.0,393,東急多摩川線,下丸子,35.5626542,139.6847564
プライムパークス品川シーサイドザ・タワー,東京都品川区東品川４,りんかい線「品川シーサイド」徒歩5分,2019年1月,118000000.0,2LDK,58.44,9.82,東京,品川,83,11800.0,666,りんかい線,品川シーサイド,35.6089355,139.7485979
プライムパークス品川シーサイドザ・タワー,東京都品川区東品川４,りんかい線「品川シーサイド」徒歩5分,2019年1月,118000000.0,2LDK,58.44,9.82,東京,品川,83,11800.0,666,りんかい線,品川シーサイド,35.6089355,139.7485979
レグノ・セレーノ,東京都新宿区北新宿３,ＪＲ中央線「大久保」徒歩3分,2008年4月,118000000.0,2LDK,64.64,10.15,東京,新宿,212,11800.0,602,ＪＲ中央線,大久保,35.7032517,139.6904993
【VECS】　レグノ・セレーノ　PROJECT　東南…,東京都新宿区北新宿３,ＪＲ中央線「大久保」徒歩3分,2008年4月,118000000.0,2LDK,64.64,10.15,東京,新宿,212,11800.0,602,ＪＲ中央線,大久保,35.7032517,139.6904993
ベイズ　タワー＆ガーデン,東京都江東区豊洲６,東京メトロ有楽町線「豊洲」徒歩11分,2016年6月,118800000.0,2LDK,55.58,13.47,東京,江東,114,11880.0,705,東京メトロ有楽町線,豊洲,35.6456038,139.7856575
ザ・グランアルト錦糸町,東京都墨田区江東橋２,ＪＲ総武線「錦糸町」徒歩4分,2012年12月,119000000.0,2LDK,55.88,12.0,東京,墨田,156,11900.0,703,ＪＲ総武線,錦糸町,35.6949816,139.8121885
Ｗコンフォートタワーズイースト,東京都江東区東雲１,東京メトロ有楽町線「辰巳」徒歩6分,2004年10月,119800000.0,2LDK,89.04,12.75,東京,江東,254,11980.0,444,東京メトロ有楽町線,辰巳,35.6465138,139.802278
ワールドシティタワーズキャピタルタワー,東京都港区港南４-6-7,東京モノレール「天王洲アイル」徒歩4分,2006年10月,119800000.0,1LDK,62.44,9.69,東京,港,230,11980.0,633,東京モノレール,天王洲アイル,35.6277276,139.7505302
ザ・パークハウス三軒茶屋タワー,東京都世田谷区上馬１,東急田園都市線「三軒茶屋」徒歩9分,2012年2月,119800000.0,2LDK,55.72,6.32,東京,世田谷,166,11980.0,710,東急田園都市線,三軒茶屋,35.6383248,139.6688067
ザ　湾岸タワー　レックスガーデン,東京都江東区東雲２,りんかい線「東雲」徒歩4分,2012年9月,119800000.0,2LDK,68.99,3.97,東京,江東,159,11980.0,573,りんかい線,東雲,35.6396214,139.802278
ワールドシティタワーズキャピタルタワー,東京都港区港南４,東京モノレール「天王洲アイル」徒歩4分,2006年10月,119800000.0,1LDK,62.44,9.69,東京,港,230,11980.0,633,東京モノレール,天王洲アイル,35.6273113,139.7485979
ワールドシティタワーズキャピタルタワー,東京都港区港南４,ＪＲ山手線「品川」徒歩14分,2006年10月,119800000.0,1LDK,62.44,9.69,東京,港,230,11980.0,633,ＪＲ山手線,品川,35.6273113,139.7485979
パークタワー東雲,東京都江東区東雲１,りんかい線「東雲」徒歩7分,2014年1月,119800000.0,2LDK,60.15,12.24,東京,江東,143,11980.0,657,りんかい線,東雲,35.6465138,139.802278
フェイバリッチタワー品川,東京都港区港南３,ＪＲ山手線「品川」徒歩11分,2006年10月,119990000.0,1LDK+S（納戸）,63.44,9.72,東京,港,230,11999.0,624,ＪＲ山手線,品川,35.633247,139.7505142
プラウドタワー小岩ファースト,東京都江戸川区南小岩６,ＪＲ総武線「小岩」徒歩1分,2022年3月,120000000.0,3LDK,75.25,18.8,東京,江戸川,45,12000.0,526,ＪＲ総武線,小岩,35.7292121,139.8784076
HARUMI FLAG PARK VILLAGE T…,東京都中央区晴海５-6-7,都営大江戸線「勝どき」徒歩15分,2025年9月,120000000.0,2LDK,66.31,16.84,東京,中央,3,12000.0,597,都営大江戸線,勝どき,35.6497754,139.7745565
大崎ウエストシティタワーズＥ棟,東京都品川区大崎２-9-1,ＪＲ山手線「大崎」徒歩4分,2009年9月,120000000.0,1LDK,46.88,4.56,東京,品川,195,12000.0,845,ＪＲ山手線,大崎,35.616749,139.7277886
オリゾンマーレ,東京都江東区有明１,新交通ゆりかもめ「有明テニスの森」徒歩4分,2004年10月,120000000.0,1LDK+S（納戸）,63.78,10.46,東京,江東,254,12000.0,621,新交通ゆりかもめ,有明テニスの森,35.6403728,139.7869359
【VECS】シティタワー品川　南西向き３５階,東京都港区港南４,ＪＲ山手線「品川」徒歩10分,2008年4月,120000000.0,3LDK,82.77,11.05,東京,港,212,12000.0,478,ＪＲ山手線,品川,35.6273113,139.7485979
キャナルファーストタワー,東京都江東区東雲１,東京メトロ有楽町線「辰巳」徒歩9分,2008年1月,120000000.0,3LDK,74.41,15.66,東京,江東,215,12000.0,532,東京メトロ有楽町線,辰巳,35.6465138,139.802278
DEUX　TOURS (ドゥ・トゥール) イースト,東京都中央区晴海３,都営大江戸線「勝どき」徒歩5分,2015年9月,120000000.0,1LDK,47.31,5.2,東京,中央,123,12000.0,837,都営大江戸線,勝どき,35.6548467,139.7786272
シティタワー目黒,東京都品川区西五反田３,東急目黒線「不動前」徒歩4分,2017年1月,121500000.0,1LDK,41.26,12.72,東京,品川,107,12150.0,972,東急目黒線,不動前,35.6279656,139.717307
プラウドタワー亀戸クロス　ブライトタワー棟,東京都江東区亀戸６,ＪＲ総武線「亀戸」徒歩3分,2021年12月,122800000.0,2LDK,63.41,16.0,東京,江東,48,12280.0,639,ＪＲ総武線,亀戸,35.6957973,139.8278569
Wコンフォートタワーズ W Comfort Towe…,東京都江東区東雲１,東京メトロ有楽町線「辰巳」徒歩7分,2004年10月,124800000.0,3LDK,89.04,12.75,東京,江東,254,12480.0,463,東京メトロ有楽町線,辰巳,35.6465138,139.802278
ライオンズ四谷タワーゲート,東京都新宿区四谷４,東京メトロ丸ノ内線「四谷三丁目」徒歩5分,2007年5月,124800000.0,2LDK,57.99,9.24,東京,新宿,223,12480.0,710,東京メトロ丸ノ内線,四谷三丁目,35.6894241,139.7160301
エアライズタワー,東京都豊島区東池袋４,東京メトロ有楽町線「東池袋」徒歩1分,2007年1月,124800000.0,1LDK,54.94,9.4,東京,豊島,227,12480.0,750,東京メトロ有楽町線,東池袋,35.727032,139.7211376
ライオンズ四谷タワーゲート,東京都新宿区四谷４-8,東京メトロ丸ノ内線「四谷三丁目」徒歩5分,2007年5月,124800000.0,2LDK,57.99,9.24,東京,新宿,223,12480.0,710,東京メトロ丸ノ内線,四谷三丁目,35.6880701,139.7166065
ザ・パークハウス新宿タワー　711,東京都新宿区北新宿２-21-2,東京メトロ丸ノ内線「西新宿」徒歩6分,2012年1月,124990000.0,2LDK,48.07,6.66,東京,新宿,167,12499.0,858,東京メトロ丸ノ内線,西新宿,35.6961352,139.6886647
晴海アイランドトリトンスクエアビュータワー,東京都中央区晴海１,東京メトロ有楽町線「月島」徒歩7分,1998年2月,124990000.0,3LDK,77.52,27.77,東京,中央,334,12499.0,532,東京メトロ有楽町線,月島,35.6597032,139.7850184
ザ・パークハウス晴海タワーズ ティアロレジデンス,東京都中央区晴海２,東京メトロ有楽町線「月島」徒歩13分,2016年3月,125000000.0,2LDK,65.54,9.87,東京,中央,117,12500.0,629,東京メトロ有楽町線,月島,35.6564518,139.7869359
ザ・パークハウス晴海タワーズ　ティアロレジデンス,東京都中央区晴海２-3-2,東京メトロ有楽町線「月島」徒歩13分,2016年3月,125000000.0,2LDK,65.54,9.87,東京,中央,117,12500.0,629,東京メトロ有楽町線,月島,35.6561262,139.7858853
ザ・パークハウス晴海タワーズティアロレジデンス,東京都中央区晴海２,東京メトロ有楽町線「月島」徒歩13分,2016年3月,125000000.0,2LDK,65.54,9.87,東京,中央,117,12500.0,629,東京メトロ有楽町線,月島,35.6564518,139.7869359
ザ・パークハウス晴海タワーズティアロレジデンス,東京都中央区晴海２-3-2,東京メトロ有楽町線「月島」徒歩13分,2016年3月,125000000.0,2LDK,65.54,9.87,東京,中央,117,12500.0,629,東京メトロ有楽町線,月島,35.6561262,139.7858853
シティタワーズ東京ベイ　セントラルタワー,東京都江東区有明２,新交通ゆりかもめ「有明」徒歩4分,2019年7月,125000000.0,2LDK,54.24,14.61,東京,江東,77,12500.0,761,新交通ゆりかもめ,有明,35.6388488,139.7946064
ベイクレストタワー,東京都港区港南３,ＪＲ山手線「品川」徒歩15分,2005年8月,125000000.0,2LDK,65.1,12.1,東京,港,244,12500.0,634,ＪＲ山手線,品川,35.633247,139.7505142
ザ・パークハウス晴海タワーズティアロレジデンス,東京都中央区晴海２,都営大江戸線「勝どき」徒歩13分,2016年3月,125000000.0,2LDK,65.54,9.87,東京,中央,117,12500.0,629,都営大江戸線,勝どき,35.6564518,139.7869359
ザ・パークハウス晴海タワーズ　ティアロレジデンス,東京都中央区晴海２,東京メトロ有楽町線「月島」徒歩13分,2016年3月,125000000.0,2LDK,65.54,9.87,東京,中央,117,12500.0,629,東京メトロ有楽町線,月島,35.6564518,139.7869359
ザ・パークハウス晴海タワーズティアロレジデンス,東京都中央区晴海２-3-2,東京メトロ有楽町線「月島」徒歩13分,2016年3月,125000000.0,2LDK,65.54,9.87,東京,中央,117,12500.0,629,東京メトロ有楽町線,月島,35.6561262,139.7858853
シティタワー新宿新都心,東京都新宿区西新宿４,都営大江戸線「西新宿五丁目」徒歩5分,2005年2月,125000000.0,1LDK,58.0,5.49,東京,新宿,250,12500.0,711,都営大江戸線,西新宿五丁目,35.6879506,139.6866706
セントラルレジデンス新宿シティタワー,東京都新宿区西新宿７-7-19,都営大江戸線「新宿西口」徒歩6分,2001年12月,125000000.0,2LDK,55.4,8.66,東京,新宿,288,12500.0,745,都営大江戸線,新宿西口,35.697327,139.6968084
ビーコンタワーレジデンス,東京都江東区東雲１-9-43,東京メトロ有楽町線「辰巳」徒歩10分,2009年1月,125500000.0,3LDK,83.83,15.3,東京,江東,203,12550.0,494,東京メトロ有楽町線,辰巳,35.6482874,139.8048459
ラグナタワー,東京都品川区東品川３-８－８,りんかい線「天王洲アイル」徒歩7分,2005年2月,126800000.0,2LDK+S（納戸）,83.98,8.4,東京,品川,250,12680.0,498,りんかい線,天王洲アイル,35.6160015,139.7481855
勝どきザ・タワー KACHIDOKI THE TOW…,東京都中央区勝どき５,都営大江戸線「勝どき」徒歩7分,2016年11月,126800000.0,1LDK+S（納戸）,58.98,5.91,東京,中央,109,12680.0,709,都営大江戸線,勝どき,35.657516,139.7709587
ローレルタワー　ルネ浜松町,東京都港区海岸２,新交通ゆりかもめ「日の出」徒歩2分,2020年1月,126900000.0,1LDK,51.09,6.0,東京,港,71,12690.0,820,新交通ゆりかもめ,日の出,35.6501388,139.7589234
ザ・ガーデンタワーズ　サンセットタワー,東京都江東区大島１-2-2,都営新宿線「住吉」徒歩7分,1997年8月,128000000.0,3LDK,106.74,14.25,東京,江東,340,12800.0,396,都営新宿線,住吉,35.6868121,139.8208585
シティタワーズ東京ベイセントラルタワー,東京都江東区有明２-1-2,りんかい線「国際展示場」徒歩6分,2019年7月,128000000.0,2LDK,54.24,14.61,東京,江東,77,12800.0,779,りんかい線,国際展示場,35.6374135,139.793715
ザ・リバープレイスイーストタワー,東京都大田区下丸子４,東急多摩川線「下丸子」徒歩9分,2004年9月,128000000.0,3LDK,97.29,30.44,東京,大田,255,12800.0,434,東急多摩川線,下丸子,35.5708172,139.6822041
ローレルタワールネ浜松町,東京都港区海岸２,ＪＲ山手線「浜松町」徒歩10分,2020年1月,128000000.0,2LDK,62.32,6.0,東京,港,71,12800.0,678,ＪＲ山手線,浜松町,35.6501388,139.7589234
ステーションガーデンタワー,東京都荒川区西日暮里２,ＪＲ山手線「日暮里」徒歩2分,2008年2月,128000000.0,2LDK,53.98,9.65,東京,荒川,214,12800.0,783,ＪＲ山手線,日暮里,35.730653,139.7715977
中野ツインマークタワー,東京都中野区中野３,ＪＲ中央線「中野」徒歩2分,2012年7月,128000000.0,2LDK,55.25,10.61,東京,中野,161,12800.0,765,ＪＲ中央線,中野,35.718054,139.6560501
ワールドシティタワーズ ブリーズタワー1棟,東京都港区港南４,ＪＲ山手線「品川」徒歩15分,2006年10月,128000000.0,1LDK,64.79,13.0,東京,港,230,12800.0,652,ＪＲ山手線,品川,35.6273113,139.7485979
シティタワーズ東京ベイ  イーストタワー,東京都江東区有明２,新交通ゆりかもめ「有明」徒歩6分,2019年7月,128800000.0,2LDK,56.17,18.45,東京,江東,77,12880.0,757,新交通ゆりかもめ,有明,35.6388488,139.7946064
HARUMI FLAG SUN VILLAGE T棟…,東京都中央区晴海５-5-7,都営大江戸線「勝どき」徒歩18分,2025年10月,129700000.0,2LDK,61.32,15.72,東京,中央,2,12970.0,698,都営大江戸線,勝どき,35.6505533,139.7736279
ＨＡＲＵＭＩ　ＦＬＡＧ　ＳＵＮ　ＶＩＬＬＡＧＥ,東京都中央区晴海５,都営大江戸線「勝どき」徒歩19分,2025年9月,129700000.0,2LDK,61.32,15.72,東京,中央,3,12970.0,698,都営大江戸線,勝どき,35.6490356,139.7741538
ザ・パークハウス晴海タワーズ　クロノレジデンス,東京都中央区晴海２,都営大江戸線「勝どき」徒歩11分,2013年10月,129800000.0,2LDK,61.82,11.73,東京,中央,146,12980.0,693,都営大江戸線,勝どき,35.6564518,139.7869359
【弊社限定販売中】～東京ツインパークス レフトウイン…,東京都港区東新橋１,ＪＲ山手線「新橋」徒歩11分,2002年9月,129800000.0,1LDK,41.98,7.62,東京,港,279,12980.0,1020,ＪＲ山手線,新橋,35.664582,139.7613745
リーデンスタワー,東京都荒川区東日暮里５,ＪＲ山手線「日暮里」徒歩8分,2001年6月,129800000.0,3LDK,76.18,23.63,東京,荒川,294,12980.0,562,ＪＲ山手線,日暮里,35.7272838,139.7760709
パークハウス清澄白河　リバーサイド,東京都江東区白河２,東京メトロ半蔵門線「清澄白河」徒歩3分,2005年1月,129800000.0,2LDK,65.28,12.93,東京,江東,251,12980.0,656,東京メトロ半蔵門線,清澄白河,35.682946,139.8029173
Brillia Towers目黒サウスレジデンス,東京都品川区大崎３,ＪＲ山手線「目黒」徒歩3分,2017年7月,130000000.0,1LDK,41.08,6.47,東京,品川,101,13000.0,1044,ＪＲ山手線,目黒,35.6194612,139.7240108
シティタワーズ東京ベイ　セントラルタワー,東京都江東区有明２,新交通ゆりかもめ「有明」徒歩4分,2019年7月,132000000.0,2LDK,54.24,14.61,東京,江東,77,13200.0,803,新交通ゆりかもめ,有明,35.6388488,139.7946064
プラウドタワー東雲キャナルコート,東京都江東区東雲１,東京メトロ有楽町線「豊洲」徒歩12分,2012年12月,132800000.0,3LDK+S（納戸）,80.58,14.42,東京,江東,156,13280.0,544,東京メトロ有楽町線,豊洲,35.6465138,139.802278
ザ・タワー十条,東京都北区上十条２,ＪＲ埼京線「十条」徒歩1分,2024年10月,133000000.0,3LDK,76.73,14.96,東京,北,14,13300.0,572,ＪＲ埼京線,十条,35.7591353,139.7211376
ＴＨＥ　ＣＥＮＴＥＲ　ＴＯＫＹＯ,東京都新宿区市谷本村町,都営新宿線「曙橋」徒歩5分,2007年11月,134000000.0,2LDK,61.16,5.24,東京,新宿,217,13400.0,723,都営新宿線,曙橋,35.6927695,139.7300768
プラウドタワー東雲キャナルコート,東京都江東区東雲１,東京メトロ有楽町線「豊洲」徒歩12分,2012年12月,134800000.0,2LDK,82.49,15.93,東京,江東,156,13480.0,539,東京メトロ有楽町線,豊洲,35.6465138,139.802278
Wコンフォートタワーズ W Comfort Towe…,東京都江東区東雲１,東京メトロ有楽町線「辰巳」徒歩7分,2004年10月,134800000.0,3LDK,89.04,12.75,東京,江東,254,13480.0,500,東京メトロ有楽町線,辰巳,35.6465138,139.802278
プラウドタワー平井,東京都江戸川区平井５,ＪＲ総武線「平井」徒歩2分,2025年1月,134800000.0,3LDK,77.48,19.37,東京,江戸川,11,13480.0,574,ＪＲ総武線,平井,35.7079978,139.8425698
インプレストタワー芝浦エアレジデンス,東京都港区芝浦２-6-16,ＪＲ山手線「田町」徒歩8分,2014年2月,134800000.0,2LDK,55.52,7.89,東京,港,142,13480.0,801,ＪＲ山手線,田町,35.644437,139.753548
ベイシティ晴海スカイリンクタワー,東京都中央区晴海３,都営大江戸線「勝どき」徒歩6分,2009年11月,134900000.0,2LDK,63.96,18.21,東京,中央,193,13490.0,696,都営大江戸線,勝どき,35.6548467,139.7786272
東京ビューマークス,東京都台東区竜泉２,東京メトロ日比谷線「三ノ輪」徒歩6分,2003年2月,135000000.0,2LDK,91.4,23.97,東京,台東,274,13500.0,487,東京メトロ日比谷線,三ノ輪,35.72603520000001,139.7901318
ステーションプラザタワー,東京都荒川区西日暮里２,ＪＲ山手線「日暮里」徒歩2分,2009年10月,135000000.0,2LDK,55.25,7.53,東京,荒川,194,13500.0,806,ＪＲ山手線,日暮里,35.730653,139.7715977
パークタワー品川ベイワード,東京都港区港南３,ＪＲ山手線「品川」徒歩14分,2005年11月,135800000.0,2LDK,67.17,15.1,東京,港,241,13580.0,667,ＪＲ山手線,品川,35.633247,139.7505142
ブリリア有明シティタワー,東京都江東区有明１,新交通ゆりかもめ「有明テニスの森」徒歩9分,2014年12月,135800000.0,3LDK,70.89,18.1,東京,江東,132,13580.0,632,新交通ゆりかもめ,有明テニスの森,35.6403728,139.7869359
ザ・パークハウス晴海タワーズ ティアロレジデンス,東京都中央区晴海２-3-2,都営大江戸線「勝どき」徒歩13分,2016年3月,135800000.0,3LDK,73.66,12.83,東京,中央,117,13580.0,608,都営大江戸線,勝どき,35.6561262,139.7858853
ザ・パークハウス晴海タワーズ　クロノレジデンス,東京都中央区晴海２,都営大江戸線「勝どき」徒歩11分,2013年10月,136800000.0,2LDK,68.42,11.73,東京,中央,146,13680.0,660,都営大江戸線,勝どき,35.6564518,139.7869359
パークタワー勝どきミッド,東京都中央区勝どき４,都営大江戸線「勝どき」徒歩1分,2023年8月,137000000.0,1LDK,50.01,6.11,東京,中央,28,13700.0,904,都営大江戸線,勝どき,35.6572676,139.7760709
プラウドタワー白金台,東京都港区白金台２,都営浅草線「高輪台」徒歩3分,2014年7月,137000000.0,1LDK,46.77,2.41,東京,港,137,13700.0,967,都営浅草線,高輪台,35.6342371,139.7300768
ＨＡＲＵＭＩ　ＦＬＡＧ　ＰＡＲＫ　ＶＩＬＬＡＧＥ　Ｔ…,東京都中央区晴海５,都営大江戸線「勝どき」徒歩15分,2025年8月,137000000.0,2LDK,56.41,13.1,東京,中央,4,13700.0,801,都営大江戸線,勝どき,35.6490356,139.7741538
東京アインスリバーサイドタワー,東京都江東区新大橋１,都営大江戸線「森下」徒歩6分,2004年10月,137800000.0,3LDK,76.47,6.12,東京,江東,254,13780.0,595,都営大江戸線,森下,35.6879281,139.7931565
マートルコート恵比寿２０００,東京都渋谷区恵比寿１,ＪＲ山手線「恵比寿」徒歩8分,2000年5月,138000000.0,1LDK,55.97,7.77,東京,渋谷,307,13800.0,814,ＪＲ山手線,恵比寿,35.64709,139.7134765
プラウドタワー芝浦,東京都港区芝浦４,ＪＲ山手線「田町」徒歩11分,2023年1月,138000000.0,1LDK,40.27,5.06,東京,港,35,13800.0,1131,ＪＲ山手線,田町,35.6400662,139.7460429
ＨＡＲＵＭＩ　ＦＬＡＧ　ＰＡＲＫ　ＶＩＬＬＡＧＥ　Ｔ…,東京都中央区晴海５,都営大江戸線「勝どき」徒歩15分,2025年8月,138000000.0,2LDK,56.41,13.1,東京,中央,4,13800.0,807,都営大江戸線,勝どき,35.6490356,139.7741538
芝浦アイランドケープタワー,東京都港区芝浦４,ＪＲ山手線「田町」徒歩14分,2006年10月,138000000.0,1LDK,57.71,11.85,東京,港,230,13800.0,789,ＪＲ山手線,田町,35.6400662,139.7460429
イニシア千住曙町,東京都足立区千住曙町40-1,京成本線「京成関屋」徒歩5分,2009年1月,139000000.0,1LDK+2S（納戸）,81.07,13.4,東京,足立,203,13900.0,566,京成本線,京成関屋,35.7416694,139.8141257
キャナルファーストタワー,東京都江東区東雲１,東京メトロ有楽町線「辰巳」徒歩9分,2008年1月,139000000.0,3LDK,80.57,22.72,東京,江東,215,13900.0,569,東京メトロ有楽町線,辰巳,35.6465138,139.802278
キャナルファーストタワー,東京都江東区東雲１-9-42,東京メトロ有楽町線「辰巳」徒歩9分,2008年1月,139000000.0,3LDK,80.57,22.72,東京,江東,215,13900.0,569,東京メトロ有楽町線,辰巳,35.6474656,139.8048629
ガレリアグランデ,東京都江東区有明１,新交通ゆりかもめ「有明テニスの森」徒歩9分,2006年2月,139800000.0,2LDK,71.39,5.01,東京,江東,238,13980.0,646,新交通ゆりかもめ,有明テニスの森,35.6403728,139.7869359
ガレリアグランデ,東京都江東区有明１,新交通ゆりかもめ「有明テニスの森」徒歩9分,2006年2月,139800000.0,2LDK,71.39,5.01,東京,江東,238,13980.0,646,新交通ゆりかもめ,有明テニスの森,35.6403728,139.7869359
ガレリアグランデ,東京都江東区有明１,新交通ゆりかもめ「有明テニスの森」徒歩9分,2006年2月,139800000.0,2LDK,71.39,5.01,東京,江東,238,13980.0,646,新交通ゆりかもめ,有明テニスの森,35.6403728,139.7869359
芝浦アイランドケープタワー,東京都港区芝浦４,ＪＲ山手線「田町」徒歩12分,2006年10月,139800000.0,2LDK,64.26,11.94,東京,港,230,13980.0,718,ＪＲ山手線,田町,35.6400662,139.7460429
ザ・パークハウス中野タワー,東京都中野区中野５,ＪＲ中央線「中野」徒歩7分,2017年7月,139800000.0,2LDK,56.19,18.94,東京,中野,101,13980.0,821,ＪＲ中央線,中野,35.7082862,139.6688067
プライムパークス品川シーサイド　ザ・タワー,東京都品川区東品川４-１１－３６,りんかい線「品川シーサイド」徒歩3分,2019年1月,139800000.0,3LDK,70.1,9.52,東京,品川,83,13980.0,658,りんかい線,品川シーサイド,35.6078114,139.7479096
パークハウス清澄白河タワー,東京都江東区白河４,東京メトロ半蔵門線「清澄白河」徒歩6分,2010年9月,139800000.0,2LDK,64.99,14.11,東京,江東,183,13980.0,710,東京メトロ半蔵門線,清澄白河,35.682697,139.8080323
フェイバリッチタワー品川,東京都港区港南３-７－１６,ＪＲ山手線「品川」徒歩14分,2006年10月,139900000.0,2LDK,78.75,15.9,東京,港,230,13990.0,586,ＪＲ山手線,品川,35.6317538,139.7496558
ローレルコート新宿タワー,東京都新宿区富久町,東京メトロ丸ノ内線「新宿御苑前」徒歩8分,2002年9月,139990000.0,3LDK,64.39,19.3,東京,新宿,279,13999.0,717,東京メトロ丸ノ内線,新宿御苑前,35.6934999,139.7147533
ベイクレストタワー,東京都港区港南３,ＪＲ山手線「品川」徒歩15分,2005年8月,140000000.0,2LDK,67.36,23.6,東京,港,244,14000.0,686,ＪＲ山手線,品川,35.633247,139.7505142
東京ベイシティタワー,東京都港区芝浦４-16-31,ＪＲ山手線「田町」徒歩13分,2014年9月,140000000.0,2LDK,57.09,6.57,東京,港,135,14000.0,809,ＪＲ山手線,田町,35.6374674,139.7472246
パークタワー晴海,東京都中央区晴海２-2-42,東京メトロ有楽町線「月島」徒歩12分,2019年2月,141180000.0,2LDK+S（納戸）,62.23,14.57,東京,中央,82,14118.0,749,東京メトロ有楽町線,月島,35.6569192,139.7867489
品川イーストシティタワー,東京都品川区東品川５-9-6,東京モノレール「天王洲アイル」徒歩5分,2018年7月,142800000.0,2LDK,67.44,16.52,東京,品川,89,14280.0,699,東京モノレール,天王洲アイル,35.6237212,139.7537881
品川イーストシティタワー,東京都品川区東品川５-9-6,東京モノレール「天王洲アイル」徒歩5分,2018年7月,142800000.0,2LDK,67.44,16.52,東京,品川,89,14280.0,699,東京モノレール,天王洲アイル,35.6237212,139.7537881
ＴＨＥ　千代田麹町　ＴＯＷＥＲ,東京都千代田区麹町３,東京メトロ有楽町線「麹町」徒歩1分,2019年1月,144800000.0,1LDK,41.08,5.5,東京,千代田,83,14480.0,1163,東京メトロ有楽町線,麹町,35.6844686,139.738698
パークタワー勝どきミッド,東京都中央区勝どき４,都営大江戸線「勝どき」徒歩1分,2023年8月,145000000.0,1LDK,50.01,5.88,東京,中央,28,14500.0,957,都営大江戸線,勝どき,35.6572676,139.7760709
ＴｈｅＰａｒｋＨｏｕｓｅ西新宿タワー６０,東京都新宿区西新宿５-５－１,都営大江戸線「西新宿五丁目」徒歩7分,2017年8月,145000000.0,2LDK,57.94,9.95,東京,新宿,100,14500.0,826,都営大江戸線,西新宿五丁目,35.6918758,139.7100852
ザ・パークハウス晴海タワーズ　クロノレジデンス,東京都中央区晴海２,都営大江戸線「勝どき」徒歩11分,2013年10月,145000000.0,2LDK,65.61,11.73,東京,中央,146,14500.0,729,都営大江戸線,勝どき,35.6564518,139.7869359
シティタワー駒沢大学ステーションコート　タワー棟,東京都世田谷区上馬３-15-13,東急田園都市線「駒沢大学」徒歩1分,2018年11月,145000000.0,2LDK,54.15,11.2,東京,世田谷,85,14500.0,884,東急田園都市線,駒沢大学,35.6335476,139.6623915
プライヴブルー東京,東京都江東区豊洲４,東京メトロ有楽町線「豊洲」徒歩6分,2005年2月,145800000.0,4LDK,86.04,14.25,東京,江東,250,14580.0,559,東京メトロ有楽町線,豊洲,35.6546793,139.7997207
シティタワー銀座東,東京都中央区湊２,ＪＲ京葉線「八丁堀」徒歩5分,2019年1月,148000000.0,1LDK,57.5,12.36,東京,中央,83,14800.0,849,ＪＲ京葉線,八丁堀,35.6709568,139.780864
芝浦アイランドケープタワー,東京都港区芝浦４-19-1,ＪＲ山手線「田町」徒歩12分,2006年10月,148000000.0,2LDK,64.26,11.94,東京,港,230,14800.0,760,ＪＲ山手線,田町,35.6371197,139.7502277
シティタワーズ東京ベイ　セントラルタワー,東京都江東区有明２,新交通ゆりかもめ「有明」徒歩4分,2019年7月,148000000.0,2LDK,54.24,14.61,東京,江東,77,14800.0,900,新交通ゆりかもめ,有明,35.6388488,139.7946064
ザ・パークハウス晴海タワーズティアロレジデンス,東京都中央区晴海２,都営大江戸線「勝どき」徒歩13分,2016年3月,148000000.0,2LDK,73.45,11.84,東京,中央,117,14800.0,665,都営大江戸線,勝どき,35.6564518,139.7869359
Ｂｒｉｌｌｉａタワー東京,東京都墨田区太平４,ＪＲ総武線「錦糸町」徒歩7分,2006年2月,148000000.0,2LDK,68.27,19.13,東京,墨田,238,14800.0,715,ＪＲ総武線,錦糸町,35.7012067,139.8169845
芝浦アイランドケープタワー,東京都港区芝浦４,ＪＲ山手線「田町」徒歩12分,2006年10月,148000000.0,2LDK,64.26,11.91,東京,港,230,14800.0,760,ＪＲ山手線,田町,35.6400662,139.7460429
シティタワーズ東京ベイセントラルタワー,東京都江東区有明２,新交通ゆりかもめ「有明」徒歩4分,2019年7月,148000000.0,2LDK,54.24,14.61,東京,江東,77,14800.0,900,新交通ゆりかもめ,有明,35.6388488,139.7946064
芝浦アイランドケープタワー,東京都港区芝浦４,ＪＲ山手線「田町」徒歩12分,2006年10月,148000000.0,2LDK,64.26,11.94,東京,港,230,14800.0,760,ＪＲ山手線,田町,35.6400662,139.7460429
ミッドサザンレジデンス御殿山,東京都品川区北品川５,りんかい線「大崎」徒歩7分,2006年12月,148000000.0,2LDK,55.22,11.9,東京,品川,228,14800.0,884,りんかい線,大崎,35.6214836,139.7326311
エルアージュ小石川,東京都文京区小石川１,都営三田線「春日」徒歩5分,2000年11月,148800000.0,1LDK,68.51,10.7,東京,文京,301,14880.0,717,都営三田線,春日,35.7122246,139.7521112
パークタワー上野池之端,東京都台東区池之端２,東京メトロ千代田線「湯島」徒歩7分,2010年7月,149000000.0,2LDK,60.64,10.87,東京,台東,185,14900.0,811,東京メトロ千代田線,湯島,35.7145177,139.7671248
【VECS】晴海アイランドトリトンスクエアビュータワ…,東京都中央区晴海１,東京メトロ有楽町線「月島」徒歩6分,1998年2月,149800000.0,3LDK,84.45,14.79,東京,中央,334,14980.0,585,東京メトロ有楽町線,月島,35.6597032,139.7850184
浅草タワー,東京都台東区西浅草３,つくばエクスプレス「浅草」徒歩3分,2012年2月,149800000.0,2LDK+S（納戸）,65.09,11.27,東京,台東,166,14980.0,759,つくばエクスプレス,浅草,35.7162192,139.7914102
ブリリアタワー浜離宮,東京都港区海岸１,ＪＲ山手線「浜松町」徒歩6分,2023年9月,149800000.0,1LDK,43.84,18.68,東京,港,27,14980.0,1128,ＪＲ山手線,浜松町,35.6553975,139.7613745
晴海アイランドトリトンスクエアビュータワー,東京都中央区晴海１,都営大江戸線「月島」徒歩7分,1998年2月,149800000.0,3LDK+S（納戸）,84.45,14.79,東京,中央,334,14980.0,585,都営大江戸線,月島,35.6597032,139.7850184
ザ・パークハウス晴海タワーズクロノレジデンス,東京都中央区晴海２-3-30,都営大江戸線「勝どき」徒歩11分,2013年10月,149800000.0,2LDK+S（納戸）,66.18,8.92,東京,中央,146,14980.0,747,都営大江戸線,勝どき,35.6552841,139.7848325
ザ・パークハウス高輪タワー,東京都港区高輪１,都営三田線「白金高輪」徒歩2分,2021年10月,149800000.0,1LDK,46.37,7.92,東京,港,50,14980.0,1066,都営三田線,白金高輪,35.6403663,139.7339083
晴海アイランドトリトンスクエアビュータワー,東京都中央区晴海１,東京メトロ有楽町線「月島」徒歩6分,1998年2月,149800000.0,3LDK,84.45,14.79,東京,中央,334,14980.0,585,東京メトロ有楽町線,月島,35.6597032,139.7850184
ラグナタワー,東京都品川区東品川３,りんかい線「天王洲アイル」徒歩8分,2005年2月,149900000.0,2LDK,82.95,8.94,東京,品川,250,14990.0,596,りんかい線,天王洲アイル,35.6158269,139.7485979
浅草タワー,東京都台東区西浅草３,つくばエクスプレス「浅草」徒歩3分,2012年2月,149900000.0,2LDK+S（納戸）,75.76,13.91,東京,台東,166,14990.0,653,つくばエクスプレス,浅草,35.7162192,139.7914102
浅草タワー,東京都台東区西浅草３,つくばエクスプレス「浅草」徒歩3分,2012年2月,149900000.0,2LDK+S（納戸）,75.76,13.91,東京,台東,166,14990.0,653,つくばエクスプレス,浅草,35.7162192,139.7914102
パークタワー滝野川,東京都北区滝野川６,都営三田線「西巣鴨」徒歩3分,2013年11月,150000000.0,2LDK,68.44,12.94,東京,北,145,15000.0,723,都営三田線,西巣鴨,35.7452578,139.7236915
ベイサイドタワー晴海,東京都中央区晴海３,都営大江戸線「勝どき」徒歩7分,2015年10月,150000000.0,3LDK,66.24,5.02,東京,中央,122,15000.0,747,都営大江戸線,勝どき,35.6548467,139.7786272
クレヴィアタワー目黒不動前,東京都品川区西五反田３,東急目黒線「不動前」徒歩4分,2015年2月,150800000.0,2LDK,55.62,11.2,東京,品川,130,15080.0,895,東急目黒線,不動前,35.6279656,139.717307
シティタワー目黒,東京都品川区西五反田３,東急目黒線「不動前」徒歩4分,2017年1月,152800000.0,2LDK+S（納戸）,55.76,16.91,東京,品川,107,15280.0,904,東急目黒線,不動前,35.6279656,139.717307
ザ・パークハウス西新宿タワー60,東京都新宿区西新宿５,東京メトロ丸ノ内線「西新宿」徒歩9分,2017年8月,153000000.0,2LDK,57.94,9.95,東京,新宿,100,15300.0,871,東京メトロ丸ノ内線,西新宿,35.6948318,139.6866706
ザ・パークハウス西新宿タワー60,東京都新宿区西新宿５-5-1,都営大江戸線「西新宿五丁目」徒歩7分,2017年8月,153000000.0,2LDK,56.39,8.99,東京,新宿,100,15300.0,895,都営大江戸線,西新宿五丁目,35.6918758,139.7100852
プラウドタワー亀戸クロス ブライトタワー,東京都江東区亀戸６,ＪＲ総武線「亀戸」徒歩2分,2021年12月,153800000.0,3LDK,74.56,16.0,東京,江東,48,15380.0,681,ＪＲ総武線,亀戸,35.6957973,139.8278569
勝どきビュータワー,東京都中央区勝どき１-8-1,都営大江戸線「勝どき」徒歩1分,2010年11月,154000000.0,2LDK,58.8,8.8,東京,中央,181,15400.0,864,都営大江戸線,勝どき,35.6599586,139.7775156
勝どきビュータワー,東京都中央区勝どき１,都営大江戸線「勝どき」徒歩1分,2010年11月,154000000.0,2LDK,58.8,8.8,東京,中央,181,15400.0,864,都営大江戸線,勝どき,35.6607124,139.7760709
ワールドシティタワーズ,東京都港区港南４-6-1,東京モノレール「天王洲アイル」徒歩7分,2005年10月,154800000.0,3LDK,80.33,6.28,東京,港,242,15480.0,636,東京モノレール,天王洲アイル,35.6268248,139.7515922
ザ・パークハウス新宿タワー,東京都新宿区北新宿２,東京メトロ丸ノ内線「西新宿」徒歩6分,2012年1月,154990000.0,2LDK,57.7,6.66,東京,新宿,167,15499.0,886,東京メトロ丸ノ内線,西新宿,35.6981516,139.689223
シティタワー駒沢大学ステーションコート タワー棟,東京都世田谷区上馬３,東急田園都市線「駒沢大学」徒歩1分,2018年11月,155000000.0,2LDK,54.15,11.39,東京,世田谷,85,15500.0,945,東急田園都市線,駒沢大学,35.6339784,139.6637038
パークタワー晴海,東京都中央区晴海２,東京メトロ有楽町線「月島」徒歩12分,2019年2月,155000000.0,3LDK,72.94,16.59,東京,中央,82,15500.0,701,東京メトロ有楽町線,月島,35.6564518,139.7869359
ル・サンク大崎シティタワー,東京都品川区大崎１,ＪＲ山手線「大崎」徒歩5分,2007年1月,155000000.0,2LDK,71.57,10.28,東京,品川,227,15500.0,715,ＪＲ山手線,大崎,35.6193109,139.7300768
◇◆パークタワー東京フロント◆◇,東京都大田区蒲田４,京急本線「京急蒲田」徒歩2分,2004年1月,156000000.0,2LDK,83.35,24.13,東京,大田,263,15600.0,618,京急本線,京急蒲田,35.5605931,139.7211376
パークタワー東京フロント,東京都大田区蒲田４,京急本線「京急蒲田」徒歩3分,2004年3月,156000000.0,2LDK,83.35,24.13,東京,大田,261,15600.0,618,京急本線,京急蒲田,35.5605931,139.7211376
パークタワー東京フロント,東京都大田区蒲田４,京急本線「京急蒲田」徒歩2分,2004年1月,156000000.0,2LDK,83.35,24.13,東京,大田,263,15600.0,618,京急本線,京急蒲田,35.5605931,139.7211376
パークタワー東京フロント,東京都大田区蒲田４-19-5,京急本線「京急蒲田」徒歩2分,2004年1月,156000000.0,2LDK,83.35,24.13,東京,大田,263,15600.0,618,京急本線,京急蒲田,35.5611817,139.7214577
パークタワー東京フロント,東京都大田区蒲田４,京急本線「京急蒲田」徒歩2分,2004年1月,156000000.0,2LDK,83.35,24.13,東京,大田,263,15600.0,618,京急本線,京急蒲田,35.5605931,139.7211376
ドゥ・トゥール　イースト,東京都中央区晴海３,都営大江戸線「勝どき」徒歩5分,2015年12月,157000000.0,1LDK,54.31,5.5,東京,中央,120,15700.0,954,都営大江戸線,勝どき,35.6548467,139.7786272
ベイズタワー＆ガーデン,東京都江東区豊洲６,新交通ゆりかもめ「新豊洲」徒歩5分,2016年6月,157700000.0,2LDK,58.31,9.7,東京,江東,114,15770.0,892,新交通ゆりかもめ,新豊洲,35.6456038,139.7856575
ザ・パークハウス三軒茶屋タワー,東京都世田谷区上馬１-15-18,東急田園都市線「駒沢大学」徒歩9分,2012年2月,158000000.0,2LDK,59.48,7.35,東京,世田谷,166,15800.0,877,東急田園都市線,駒沢大学,35.6379903,139.6671721
シティタワーズ豊洲ザ・シンボル,東京都江東区豊洲３,東京メトロ有楽町線「豊洲」徒歩7分,2009年12月,158000000.0,2LDK,75.63,5.68,東京,江東,192,15800.0,689,東京メトロ有楽町線,豊洲,35.6585681,139.7965242
シティタワーズ豊洲ザ・シンボル,東京都江東区豊洲３,東京メトロ有楽町線「豊洲」徒歩6分,2009年12月,158000000.0,3LDK,70.15,5.68,東京,江東,192,15800.0,743,東京メトロ有楽町線,豊洲,35.6585681,139.7965242
プラウドタワー東雲キャナルコート,東京都江東区東雲１,東京メトロ有楽町線「豊洲」徒歩12分,2012年12月,158000000.0,3LDK,87.42,19.29,東京,江東,156,15800.0,596,東京メトロ有楽町線,豊洲,35.6465138,139.802278
ザ・パークハウス晴海タワーズティアロレジデンス,東京都中央区晴海２,東京メトロ有楽町線「月島」徒歩13分,2016年3月,159000000.0,3LDK,74.2,12.45,東京,中央,117,15900.0,707,東京メトロ有楽町線,月島,35.6564518,139.7869359
ステーションガーデンタワー,東京都荒川区西日暮里２,ＪＲ山手線「日暮里」徒歩1分,2008年2月,159000000.0,2LDK,75.58,12.75,東京,荒川,214,15900.0,694,ＪＲ山手線,日暮里,35.730653,139.7715977
パ－クタワ－東京フロント,東京都大田区蒲田４,京急本線「京急蒲田」徒歩2分,2004年1月,159000000.0,2LDK,83.35,24.13,東京,大田,263,15900.0,630,京急本線,京急蒲田,35.5605931,139.7211376
ザ・パークハウス晴海タワーズ　クロノレジデンス,東京都中央区晴海２-3-30,都営大江戸線「勝どき」徒歩11分,2013年10月,159800000.0,3LDK,74.47,14.21,東京,中央,146,15980.0,708,都営大江戸線,勝どき,35.6552841,139.7848325
THE TOYOSU TOWER　ザ・トヨスタワー,東京都江東区豊洲３,東京メトロ有楽町線「豊洲」徒歩6分,2008年10月,159800000.0,3LDK,85.8,6.67,東京,江東,206,15980.0,615,東京メトロ有楽町線,豊洲,35.6585681,139.7965242
パークタワー東雲,東京都江東区東雲１-9-4,りんかい線「東雲」徒歩7分,2014年1月,159800000.0,3LDK,77.94,12.75,東京,江東,143,15980.0,677,りんかい線,東雲,35.6455427,139.8057045
ザ・パークハウス晴海タワーズクロノレジデンス,東京都中央区晴海２-３－３０,都営大江戸線「勝どき」徒歩11分,2013年10月,159800000.0,3LDK,74.47,14.21,東京,中央,146,15980.0,708,都営大江戸線,勝どき,35.6552841,139.7848325
プラウドタワー高輪台,東京都品川区東五反田３,都営浅草線「高輪台」徒歩2分,2014年5月,159800000.0,2LDK,55.67,7.41,東京,品川,139,15980.0,947,都営浅草線,高輪台,35.6279843,139.7287997
パークタワー東雲,東京都江東区東雲１,りんかい線「東雲」徒歩7分,2014年1月,159800000.0,3LDK,77.94,12.75,東京,江東,143,15980.0,677,りんかい線,東雲,35.6465138,139.802278
Ｗ　Ｃｏｍｆｏｒｔ　Ｔｏｗｅｒｓ　ＷＥＳＴ,東京都江東区東雲１,東京メトロ有楽町線「辰巳」徒歩8分,2005年2月,159800000.0,4LDK,112.8,30.62,東京,江東,250,15980.0,467,東京メトロ有楽町線,辰巳,35.6465138,139.802278
シティタワー池袋,東京都豊島区東池袋２,ＪＲ山手線「池袋」徒歩11分,2003年8月,159990000.0,3LDK,70.16,15.81,東京,豊島,268,15999.0,753,ＪＲ山手線,池袋,35.7314981,139.7236915
イーストコモンズ清澄白河セントラルタワー,東京都江東区白河４,東京メトロ半蔵門線「清澄白河」徒歩7分,2006年6月,160000000.0,2LDK,75.16,11.16,東京,江東,234,16000.0,703,東京メトロ半蔵門線,清澄白河,35.682697,139.8080323
ＴＨＥ　ＴＯＹＯＳＵ　ＴＯＷＥＲ,東京都江東区豊洲３,東京メトロ有楽町線「豊洲」徒歩6分,2008年10月,160000000.0,2LDK,67.26,11.11,東京,江東,206,16000.0,785,東京メトロ有楽町線,豊洲,35.6585681,139.7965242
シティタワー新宿,東京都新宿区西新宿５,東京メトロ丸ノ内線「西新宿」徒歩7分,2023年2月,162000000.0,1LDK,50.0,10.5,東京,新宿,34,16200.0,1069,東京メトロ丸ノ内線,西新宿,35.6948318,139.6866706
プラウドタワー東雲キャナルコート,東京都江東区東雲１,東京メトロ有楽町線「豊洲」徒歩12分,2012年12月,162000000.0,3LDK,84.25,15.75,東京,江東,156,16200.0,635,東京メトロ有楽町線,豊洲,35.6465138,139.802278
ル・サンク大崎シティタワー,東京都品川区大崎１,ＪＲ山手線「五反田」徒歩5分,2007年1月,163000000.0,2LDK,61.82,14.45,東京,品川,227,16300.0,870,ＪＲ山手線,五反田,35.6193109,139.7300768
晴海アイランドトリトンスクエアビュータワー,東京都中央区晴海１,都営大江戸線「月島」徒歩6分,1998年2月,164000000.0,2LDK+S（納戸）,84.45,14.79,東京,中央,334,16400.0,641,都営大江戸線,月島,35.6597032,139.7850184
晴海アイランドトリトンスクエアビュータワー 1号棟,東京都中央区晴海１,都営大江戸線「月島」徒歩6分,1998年2月,164000000.0,2LDK,84.45,14.79,東京,中央,334,16400.0,641,都営大江戸線,月島,35.6597032,139.7850184
晴海アイランドトリトンスクエアビュータワー1号棟,東京都中央区晴海１-6-1,東京メトロ有楽町線「月島」徒歩6分,1998年2月,164000000.0,2LDK+S（納戸）,84.45,14.79,東京,中央,334,16400.0,641,東京メトロ有楽町線,月島,35.6590853,139.7840305
勝どきザ・タワー,東京都中央区勝どき５,都営大江戸線「勝どき」徒歩7分,2016年11月,164800000.0,2LDK,58.94,8.42,東京,中央,109,16480.0,923,都営大江戸線,勝どき,35.657516,139.7709587
プラウドタワー東池袋,東京都豊島区東池袋５,東京メトロ有楽町線「東池袋」徒歩5分,2019年2月,164900000.0,3LDK,71.6,11.04,東京,豊島,82,16490.0,760,東京メトロ有楽町線,東池袋,35.727424,139.7249685
パークホームズ豊洲　ザレジデンス,東京都江東区豊洲５,東京メトロ有楽町線「豊洲」徒歩5分,2016年10月,165000000.0,2LDK,73.95,11.88,東京,江東,110,16500.0,736,東京メトロ有楽町線,豊洲,35.6505285,139.7965242
HARUMI FLAG SUN VILLAGE T棟…,東京都中央区晴海５,ＪＲ山手線「新橋」バス8分停歩2分,2025年8月,165000000.0,2LDK,66.0,17.37,東京,中央,4,16500.0,825,ＪＲ山手線,新橋,35.6490356,139.7741538
パークタワー東雲,東京都江東区東雲１,りんかい線「東雲」徒歩7分,2014年1月,165000000.0,3LDK,75.41,27.64,東京,江東,143,16500.0,722,りんかい線,東雲,35.6465138,139.802278
パークホームズ豊洲ザレジデンス,東京都江東区豊洲５,東京メトロ有楽町線「豊洲」徒歩5分,2016年10月,165000000.0,2LDK,73.95,11.88,東京,江東,110,16500.0,736,東京メトロ有楽町線,豊洲,35.6505285,139.7965242
ルネッサンスタワー上野池之端,東京都台東区池之端２-１－３５,東京メトロ千代田線「根津」徒歩4分,2005年1月,165000000.0,2LDK,65.44,10.09,東京,台東,251,16500.0,832,東京メトロ千代田線,根津,35.7141975,139.767531
プラウドタワー石神井公園,東京都練馬区石神井町３,西武池袋線「石神井公園」徒歩3分,2012年2月,165000000.0,3LDK,94.53,13.68,東京,練馬,166,16500.0,576,西武池袋線,石神井公園,35.742185,139.6050513
勝どきザ・タワー,東京都中央区勝どき５,都営大江戸線「勝どき」徒歩7分,2016年11月,165000000.0,2LDK,54.94,9.28,東京,中央,109,16500.0,991,都営大江戸線,勝どき,35.657516,139.7709587
HARUMI FLAG PARK VILLAGE T…,東京都中央区晴海５,都営大江戸線「勝どき」徒歩15分,2025年10月,167800000.0,3LDK,71.36,16.6,東京,中央,2,16780.0,776,都営大江戸線,勝どき,35.6490356,139.7741538
ベイサイドタワー晴海,東京都中央区晴海３,都営大江戸線「勝どき」徒歩7分,2015年10月,168000000.0,3LDK,66.24,5.02,東京,中央,122,16800.0,837,都営大江戸線,勝どき,35.6548467,139.7786272
なかのサンクォーレ,東京都中野区中野４-3-1,ＪＲ中央線「中野」徒歩5分,1994年11月,168000000.0,2LDK,71.37,18.24,東京,中野,373,16800.0,777,ＪＲ中央線,中野,35.7088069,139.6645808
ステーションガーデンタワー,東京都荒川区西日暮里２,ＪＲ山手線「日暮里」徒歩1分,2008年3月,168000000.0,3LDK,75.94,9.18,東京,荒川,213,16800.0,730,ＪＲ山手線,日暮里,35.730653,139.7715977
ＨＡＲＵＭＩ　ＦＬＡＧ　ＳＵＮ　ＶＩＬＬＡＧＥ　Ｔ棟,東京都中央区晴海５,都営大江戸線「勝どき」徒歩14分,2025年8月,168000000.0,2LDK,66.0,17.37,東京,中央,4,16800.0,840,都営大江戸線,勝どき,35.6490356,139.7741538
ステーションガーデンタワー,東京都荒川区西日暮里２,京成本線「日暮里」徒歩1分,2008年3月,168000000.0,3LDK,75.94,9.18,東京,荒川,213,16800.0,730,京成本線,日暮里,35.730653,139.7715977
カテリーナ三田タワースイート Ｅ,東京都港区芝４,ＪＲ山手線「田町」徒歩5分,2005年8月,168000000.0,2LDK,53.1,9.36,東京,港,244,16800.0,1044,ＪＲ山手線,田町,35.6481737,139.7505142
ザ・パークハウス西新宿タワー６０,東京都新宿区西新宿５,都営大江戸線「西新宿五丁目」徒歩7分,2017年8月,168000000.0,2LDK,64.61,7.59,東京,新宿,100,16800.0,858,都営大江戸線,西新宿五丁目,35.6948318,139.6866706
石神井公園ピアレス　Ａ棟,東京都練馬区石神井町２,西武池袋線「石神井公園」徒歩2分,2002年3月,168000000.0,3LDK,104.25,13.75,東京,練馬,285,16800.0,532,西武池袋線,石神井公園,35.7466492,139.6076002
プラウドタワー東雲キャナルコート,東京都江東区東雲１-9-50,東京メトロ有楽町線「豊洲」徒歩12分,2012年12月,169000000.0,2LDK,84.25,15.75,東京,江東,156,16900.0,662,東京メトロ有楽町線,豊洲,35.64949319999999,139.8046376
シティタワーズ東京ベイセントラルタワー,東京都江東区有明２,新交通ゆりかもめ「有明」徒歩5分,2019年7月,169000000.0,3LDK,70.41,18.92,東京,江東,77,16900.0,792,新交通ゆりかもめ,有明,35.6388488,139.7946064
パークタワー東中野グランドエア,東京都中野区東中野５,ＪＲ中央線「東中野」徒歩1分,2024年1月,169000000.0,3LDK,70.01,13.83,東京,中野,23,16900.0,797,ＪＲ中央線,東中野,35.7084721,139.689223
プラウドタワー東雲キャナルコート,東京都江東区東雲１,東京メトロ有楽町線「豊洲」徒歩12分,2012年12月,169000000.0,2LDK,84.25,15.75,東京,江東,156,16900.0,662,東京メトロ有楽町線,豊洲,35.6465138,139.802278
シティタワーズ豊洲ザ・ツイン　ノースタワー,東京都江東区豊洲３,東京メトロ有楽町線「豊洲」徒歩5分,2009年2月,169000000.0,3LDK,75.64,5.68,東京,江東,202,16900.0,737,東京メトロ有楽町線,豊洲,35.6585681,139.7965242
キャピタルマークタワー,東京都港区芝浦４,ＪＲ山手線「田町」徒歩8分,2007年10月,169800000.0,2LDK,67.18,11.45,東京,港,218,16980.0,834,ＪＲ山手線,田町,35.6400662,139.7460429
シティタワーズ東京ベイ　イーストタワー　(CITYT…,東京都江東区有明２,新交通ゆりかもめ「有明」徒歩6分,2019年7月,169800000.0,3LDK,72.76,20.46,東京,江東,77,16980.0,770,新交通ゆりかもめ,有明,35.6388488,139.7946064
◇◆大崎ウエストシティタワーズ E棟◆◇,東京都品川区大崎２,ＪＲ山手線「大崎」徒歩4分,2009年9月,169800000.0,1LDK+S（納戸）,54.24,4.98,東京,品川,195,16980.0,1033,ＪＲ山手線,大崎,35.6177742,139.7262455
大崎ウエストシティタワーズ　E棟,東京都品川区大崎２,ＪＲ山手線「大崎」徒歩4分,2009年9月,169800000.0,1LDK+S（納戸）,54.24,4.98,東京,品川,195,16980.0,1033,ＪＲ山手線,大崎,35.6177742,139.7262455
ファミール月島グランスイートタワー,東京都中央区佃２,東京メトロ有楽町線「月島」徒歩1分,2002年6月,169800000.0,3LDK,75.44,16.28,東京,中央,282,16980.0,743,東京メトロ有楽町線,月島,35.6682531,139.7862967
大崎ウエストシティタワーズE棟,東京都品川区大崎２,ＪＲ山手線「大崎」徒歩4分,2009年9月,169800000.0,1LDK+S（納戸）,54.24,4.98,東京,品川,195,16980.0,1033,ＪＲ山手線,大崎,35.6177742,139.7262455
ザ・パークハウス晴海タワーズクロノレジデンス,東京都中央区晴海２-3-30,都営大江戸線「勝どき」徒歩11分,2013年10月,169900000.0,3LDK,79.54,13.8,東京,中央,146,16990.0,705,都営大江戸線,勝どき,35.6552841,139.7848325
センチュリーパークタワー,東京都中央区佃２-1-1,東京メトロ有楽町線「月島」徒歩8分,1999年1月,169900000.0,3LDK,78.11,8.25,東京,中央,323,16990.0,718,東京メトロ有楽町線,月島,35.6702925,139.7855635
芝浦アイランド　ケープタワー,東京都港区芝浦４,ＪＲ山手線「田町」徒歩12分,2006年10月,170000000.0,2LDK,67.74,19.67,東京,港,230,17000.0,828,ＪＲ山手線,田町,35.6400662,139.7460429
HARUMI FLAG SUN VILLAGE T棟…,東京都中央区晴海５,都営大江戸線「勝どき」徒歩14分,2025年9月,170000000.0,2LDK,66.0,17.37,東京,中央,3,17000.0,850,都営大江戸線,勝どき,35.6490356,139.7741538
HARUMI FLAG SUN VILLAGE T棟,東京都中央区晴海５,都営大江戸線「勝どき」徒歩14分,2025年9月,170000000.0,2LDK,66.0,17.37,東京,中央,3,17000.0,850,都営大江戸線,勝どき,35.6490356,139.7741538
ＨＡＲＵＭＩ　ＦＬＡＧ　ＳＵＮ　ＶＩＬＬＡＧＥ　Ｔ棟,東京都中央区晴海５,都営大江戸線「勝どき」徒歩14分,2025年8月,170000000.0,2LDK,66.0,17.37,東京,中央,4,17000.0,850,都営大江戸線,勝どき,35.6490356,139.7741538
芝浦アイランドケープタワー,東京都港区芝浦４,ＪＲ山手線「田町」徒歩14分,2006年10月,172000000.0,2LDK+S（納戸）,71.38,11.76,東京,港,230,17200.0,795,ＪＲ山手線,田町,35.6400662,139.7460429
ステーションガーデンタワー,東京都荒川区西日暮里２,ＪＲ山手線「日暮里」徒歩1分,2008年3月,173000000.0,3LDK,75.94,9.18,東京,荒川,213,17300.0,752,ＪＲ山手線,日暮里,35.730653,139.7715977
DEUX　TOURS　CANAL＆SPA　EAST　…,東京都中央区晴海３,都営大江戸線「勝どき」徒歩5分,2015年9月,173800000.0,2LDK,64.59,7.15,東京,中央,123,17380.0,888,都営大江戸線,勝どき,35.6548467,139.7786272
スカイズ　タワー＆ガーデン,東京都江東区豊洲６-2-31,新交通ゆりかもめ「新豊洲」徒歩5分,2014年8月,174000000.0,3LDK,75.3,16.01,東京,江東,136,17400.0,763,新交通ゆりかもめ,新豊洲,35.647285,139.792896
【VECS】ＴＨＥ　ＴＯＫＹＯ　ＴＯＷＥＲＳ　ＳＥＡ…,東京都中央区勝どき６,都営大江戸線「勝どき」徒歩7分,2008年1月,174800000.0,3LDK,79.67,5.29,東京,中央,215,17480.0,724,都営大江戸線,勝どき,35.6550953,139.7735148
大崎ガーデンレジデンス,東京都品川区西品川１-2番1,ＪＲ山手線「大崎」徒歩8分,2018年8月,174800000.0,3LDK+S（納戸）,73.17,0.0,東京,品川,88,17480.0,788,ＪＲ山手線,大崎,35.6143947,139.730331
スカイズタワー＆ガーデン,東京都江東区豊洲６,新交通ゆりかもめ「新豊洲」徒歩5分,2014年8月,174800000.0,2LDK,73.97,15.1,東京,江東,136,17480.0,780,新交通ゆりかもめ,新豊洲,35.6456038,139.7856575
ＴＨＥ　ＴＯＫＹＯ　ＴＯＷＥＲＳ　ＳＥＡ　ＴＯＷＥＲ,東京都中央区勝どき６,都営大江戸線「勝どき」徒歩6分,2008年1月,174800000.0,2LDK+S（納戸）,77.32,10.87,東京,中央,215,17480.0,746,都営大江戸線,勝どき,35.6550953,139.7735148
ブリリアタワー池袋,東京都豊島区南池袋２,東京メトロ有楽町線「東池袋」徒歩1分,2015年3月,174800000.0,2LDK,57.82,16.63,東京,豊島,129,17480.0,998,東京メトロ有楽町線,東池袋,35.7261268,139.7160301
シティタワーズ豊洲ザ・シンボル,東京都江東区豊洲３-6-8,東京メトロ有楽町線「豊洲」徒歩7分,2009年12月,174900000.0,3LDK,77.5,5.68,東京,江東,192,17490.0,745,東京メトロ有楽町線,豊洲,35.65954,139.7964205
ＴＨＥ　ＴＯＫＹＯ　ＴＯＷＥＲＳ,東京都中央区勝どき６,都営大江戸線「勝どき」徒歩5分,2008年1月,174990000.0,3LDK,73.94,5.94,東京,中央,215,17499.0,781,都営大江戸線,勝どき,35.6550953,139.7735148
コスモポリス品川,東京都港区港南３-６ー２１,ＪＲ山手線「品川」徒歩10分,2005年2月,175000000.0,2LDK,85.82,16.66,東京,港,250,17500.0,673,ＪＲ山手線,品川,35.632002,139.7478536
ソプラタワー,東京都目黒区青葉台３,東急田園都市線「池尻大橋」徒歩8分,1999年3月,176800000.0,3LDK,83.77,12.74,東京,目黒,321,17680.0,696,東急田園都市線,池尻大橋,35.65214570000001,139.6917756
ソプラタワー,東京都目黒区青葉台３,東急田園都市線「池尻大橋」徒歩8分,1999年3月,176800000.0,3LDK,83.77,12.74,東京,目黒,321,17680.0,696,東急田園都市線,池尻大橋,35.65214570000001,139.6917756
Brillia Tower 池袋 West,東京都豊島区池袋３,東京メトロ丸ノ内線「池袋」徒歩5分,2024年1月,177000000.0,2LDK,64.14,6.59,東京,豊島,23,17700.0,911,東京メトロ丸ノ内線,池袋,35.7364147,139.7045399
Brillia Tower 池袋 West,東京都豊島区池袋３-1-1,東京メトロ丸ノ内線「池袋」徒歩5分,2024年1月,177000000.0,2LDK,64.14,6.59,東京,豊島,23,17700.0,911,東京メトロ丸ノ内線,池袋,35.7330706,139.7025491
ブリリアタワー池袋WEST,東京都豊島区池袋３-1-1,東京メトロ丸ノ内線「池袋」徒歩5分,2024年1月,177000000.0,2LDK,64.14,6.59,東京,豊島,23,17700.0,911,東京メトロ丸ノ内線,池袋,35.7330706,139.7025491
パークタワー東中野グランドエア,東京都中野区東中野５,ＪＲ総武線「東中野」徒歩1分,2024年3月,178000000.0,3LDK,72.35,7.16,東京,中野,21,17800.0,812,ＪＲ総武線,東中野,35.7084721,139.689223
スカイフォレストレジデンス,東京都新宿区大久保３,ＪＲ山手線「高田馬場」徒歩6分,2014年12月,178000000.0,2LDK,68.15,5.41,東京,新宿,132,17800.0,862,ＪＲ山手線,高田馬場,35.7066016,139.7045399
スカイグランデ汐留,東京都港区海岸１,ＪＲ山手線「浜松町」徒歩3分,2005年7月,178000000.0,2LDK,66.53,10.08,東京,港,245,17800.0,883,ＪＲ山手線,浜松町,35.6553975,139.7613745
ブリリアタワー池袋　Ｂｒｉｌｌｉａ　Ｔｏｗｅｒ,東京都豊島区南池袋２,ＪＲ山手線「池袋」徒歩8分,2015年3月,178800000.0,2LDK,57.82,16.63,東京,豊島,129,17880.0,1020,ＪＲ山手線,池袋,35.7261268,139.7160301
THE TOKYO TOWERS MID TOWER,東京都中央区勝どき６,都営大江戸線「勝どき」徒歩6分,2008年1月,178800000.0,2LDK,78.47,6.48,東京,中央,215,17880.0,752,都営大江戸線,勝どき,35.6550953,139.7735148
パークタワー晴海,東京都中央区晴海２,東京メトロ有楽町線「豊洲」徒歩15分,2019年6月,179000000.0,2LDK,81.64,22.0,東京,中央,78,17900.0,724,東京メトロ有楽町線,豊洲,35.6564518,139.7869359
パークタワー晴海,東京都中央区晴海２-2-24,都営大江戸線「月島」徒歩12分,2019年2月,179800000.0,3LDK,71.65,15.01,東京,中央,82,17980.0,828,都営大江戸線,月島,35.6573516,139.7880743
ソプラタワー,東京都目黒区青葉台３,東急田園都市線「池尻大橋」徒歩8分,1999年3月,179800000.0,3LDK,83.77,12.74,東京,目黒,321,17980.0,708,東急田園都市線,池尻大橋,35.65214570000001,139.6917756
アーバンドック　パークシティ豊洲　タワーＡ,東京都江東区豊洲２,東京メトロ有楽町線「豊洲」徒歩6分,2008年2月,179800000.0,3LDK,70.55,17.6,東京,江東,214,17980.0,841,東京メトロ有楽町線,豊洲,35.6553723,139.7914102
ソプラタワー,東京都目黒区青葉台３-7-17,東急田園都市線「池尻大橋」徒歩9分,1999年3月,179800000.0,3LDK,83.77,12.74,東京,目黒,321,17980.0,708,東急田園都市線,池尻大橋,35.6517675,139.6900033
ルネッサンスタワー上野池之端,東京都台東区池之端２,東京メトロ千代田線「根津」徒歩4分,2005年1月,179800000.0,2LDK,79.74,19.69,東京,台東,251,17980.0,744,東京メトロ千代田線,根津,35.7145177,139.7671248
ソプラタワー,東京都目黒区青葉台３,東急田園都市線「池尻大橋」徒歩8分,1999年3月,179800000.0,3LDK,83.77,12.74,東京,目黒,321,17980.0,708,東急田園都市線,池尻大橋,35.65214570000001,139.6917756
ソプラタワー,東京都目黒区青葉台３-7-17,東急田園都市線「池尻大橋」徒歩8分,1999年3月,179800000.0,3LDK,83.77,12.74,東京,目黒,321,17980.0,708,東急田園都市線,池尻大橋,35.6517675,139.6900033
センチュリーパークタワー,東京都中央区佃２-1-1,東京メトロ有楽町線「月島」徒歩8分,1999年1月,179900000.0,2LDK,78.11,8.25,東京,中央,323,17990.0,760,東京メトロ有楽町線,月島,35.6702925,139.7855635
ＣＡＰＩＴＡＬ　ＧＡＴＥ　ＰＬＡＣＥ　ＴＨＥ　ＲＥＳ…,東京都中央区月島１-5-2,東京メトロ有楽町線「月島」徒歩1分,2013年8月,179990000.0,2LDK,65.51,14.72,東京,中央,148,17999.0,907,東京メトロ有楽町線,月島,35.6643789,139.7848885
CAPITAL GATE PLACE THE RES…,東京都中央区月島１,都営大江戸線「月島」徒歩1分,2013年8月,179990000.0,2LDK,65.51,14.72,東京,中央,148,17999.0,907,都営大江戸線,月島,35.6644207,139.7824618
CAPITAL GATE PLACE THE RES…,東京都中央区月島１,東京メトロ有楽町線「月島」徒歩1分,2013年8月,179990000.0,2LDK,65.51,14.72,東京,中央,148,17999.0,907,東京メトロ有楽町線,月島,35.6644207,139.7824618
パークタワー品川ベイワード,東京都港区港南３,ＪＲ山手線「品川」徒歩14分,2005年11月,180000000.0,3LDK,84.32,30.71,東京,港,241,18000.0,704,ＪＲ山手線,品川,35.633247,139.7505142
-VECS-シティタワーズ豊洲ザ・シンボル　,東京都江東区豊洲３,東京メトロ有楽町線「豊洲」徒歩6分,2009年12月,180000000.0,3LDK,82.35,5.68,東京,江東,192,18000.0,721,東京メトロ有楽町線,豊洲,35.6585681,139.7965242
パークタワー晴海,東京都中央区晴海２,東京メトロ有楽町線「月島」徒歩11分,2019年2月,180000000.0,3LDK,72.86,13.56,東京,中央,82,18000.0,815,東京メトロ有楽町線,月島,35.6564518,139.7869359
勝どきザタワー,東京都中央区勝どき５-3-1,都営大江戸線「勝どき」徒歩6分,2016年11月,182000000.0,2LDK,73.32,12.28,東京,中央,109,18200.0,819,都営大江戸線,勝どき,35.65665329999999,139.7725581
シティタワー新宿新都心,東京都新宿区西新宿４,都営大江戸線「西新宿五丁目」徒歩2分,2005年2月,182000000.0,2LDK,76.97,10.73,東京,新宿,250,18200.0,780,都営大江戸線,西新宿五丁目,35.6879506,139.6866706
TOKYO　SEA　SOUTH　ブランファーレ,東京都港区港南４,ＪＲ山手線「品川」徒歩13分,2004年6月,182000000.0,3LDK,95.67,14.43,東京,港,258,18200.0,628,ＪＲ山手線,品川,35.6273113,139.7485979
HARUMI FRAG SUN VILLAGE T棟,東京都中央区晴海５-5-7,都営大江戸線「勝どき」徒歩17分,2025年10月,182100000.0,3LDK,71.51,15.72,東京,中央,2,18210.0,840,都営大江戸線,勝どき,35.6505533,139.7736279
ワールドシティタワーズ　キャピタルタワー,東京都港区港南４,ＪＲ山手線「品川」徒歩14分,2006年10月,183000000.0,3LDK,80.45,5.95,東京,港,230,18300.0,751,ＪＲ山手線,品川,35.6273113,139.7485979
DEUX TOURS ドゥ・トゥール WEST,東京都中央区晴海３-13-2,都営大江戸線「勝どき」徒歩5分,2015年9月,183800000.0,2LDK+S（納戸）,70.7,5.08,東京,中央,123,18380.0,858,都営大江戸線,勝どき,35.6548188,139.777263
ワールドシティタワーズ アクアタワー,東京都港区港南４,ＪＲ山手線「品川」徒歩15分,2005年10月,184000000.0,2LDK,80.92,12.96,東京,港,242,18400.0,750,ＪＲ山手線,品川,35.6273113,139.7485979
品川Vタワー,東京都港区港南２,ＪＲ山手線「品川」徒歩6分,2003年3月,184800000.0,2LDK,61.21,4.57,東京,港,273,18480.0,996,ＪＲ山手線,品川,35.6275595,139.7434881
CAPITAL GATE PLACE THE TOW…,東京都中央区月島１-５－１,東京メトロ有楽町線「月島」徒歩1分,2015年7月,184800000.0,2LDK,58.29,15.5,東京,中央,125,18480.0,1046,東京メトロ有楽町線,月島,35.6643102,139.7840768
ミッドサザン・レジデンス御殿山,東京都品川区北品川５,ＪＲ山手線「大崎」徒歩5分,2006年12月,184800000.0,2LDK,64.06,14.08,東京,品川,228,18480.0,952,ＪＲ山手線,大崎,35.6214836,139.7326311
富久クロスコンフォートタワー,東京都新宿区富久町,東京メトロ丸ノ内線「新宿御苑前」徒歩7分,2015年4月,184800000.0,2LDK,67.29,12.15,東京,新宿,128,18480.0,906,東京メトロ丸ノ内線,新宿御苑前,35.6934999,139.7147533
ザ・パークハウス西新宿タワー60,東京都新宿区西新宿５,東京メトロ丸ノ内線「西新宿」徒歩9分,2017年8月,184900000.0,3LDK,76.46,12.25,東京,新宿,100,18490.0,798,東京メトロ丸ノ内線,西新宿,35.6948318,139.6866706
パークタワー晴海,東京都中央区晴海２-2-42,東京メトロ有楽町線「月島」徒歩12分,2019年2月,185000000.0,2LDK,81.64,22.0,東京,中央,82,18500.0,748,東京メトロ有楽町線,月島,35.6569192,139.7867489
パークタワー晴海,東京都中央区晴海２,東京メトロ有楽町線「月島」徒歩12分,2019年2月,185000000.0,2LDK,81.64,22.0,東京,中央,82,18500.0,748,東京メトロ有楽町線,月島,35.6564518,139.7869359
パークタワー晴海,東京都中央区晴海２-２－４２,東京メトロ有楽町線「月島」徒歩12分,2019年2月,185000000.0,2LDK,81.64,22.0,東京,中央,82,18500.0,748,東京メトロ有楽町線,月島,35.6569192,139.7867489
ワールドタワーレジデンス（WORLD TOWER R…,東京都港区浜松町２,ＪＲ山手線「浜松町」徒歩2分,2024年11月,185000000.0,1LDK,40.3,7.8,東京,港,13,18500.0,1515,ＪＲ山手線,浜松町,35.6548149,139.7556247
芝浦アイランドケープタワー,東京都港区芝浦４,ＪＲ山手線「田町」徒歩12分,2006年10月,185800000.0,2LDK,75.36,13.65,東京,港,230,18580.0,814,ＪＲ山手線,田町,35.6400662,139.7460429
芝浦アイランドケープタワー,東京都港区芝浦４,ＪＲ山手線「田町」徒歩12分,2006年10月,185800000.0,2LDK,75.36,13.65,東京,港,230,18580.0,814,ＪＲ山手線,田町,35.6400662,139.7460429
勝どきザ・タワー,東京都中央区勝どき５,都営大江戸線「勝どき」徒歩7分,2016年11月,188000000.0,2LDK,58.94,8.42,東京,中央,109,18800.0,1053,都営大江戸線,勝どき,35.657516,139.7709587
パークタワー晴海,東京都中央区晴海２-2-42,東京メトロ有楽町線「月島」徒歩12分,2019年7月,188000000.0,2LDK,69.25,0.0,東京,中央,77,18800.0,896,東京メトロ有楽町線,月島,35.6569192,139.7867489
パークタワー晴海,東京都中央区晴海２,東京メトロ有楽町線「月島」徒歩12分,2019年2月,188000000.0,2LDK,69.25,15.03,東京,中央,82,18800.0,896,東京メトロ有楽町線,月島,35.6564518,139.7869359
勝どきザ・タワー,東京都中央区勝どき５-３－１,都営大江戸線「勝どき」徒歩7分,2016年11月,188000000.0,2LDK,58.94,8.42,東京,中央,109,18800.0,1053,都営大江戸線,勝どき,35.65665329999999,139.7725581
パークタワー晴海,東京都中央区晴海２-2-42,都営大江戸線「勝どき」徒歩10分,2019年10月,188000000.0,3LDK,70.84,17.2,東京,中央,74,18800.0,876,都営大江戸線,勝どき,35.6569192,139.7867489
シティタワーズ豊洲ザ・ツイン　サウスタワー,東京都江東区豊洲３-4-1,東京メトロ有楽町線「豊洲」徒歩4分,2009年2月,188000000.0,1RM,87.44,5.21,東京,江東,202,18800.0,710,東京メトロ有楽町線,豊洲,35.6573713,139.7995199
［弊社事業企画］アクシア麻布　－麻布十番駅直結のプレ…,東京都港区麻布十番２,東京メトロ南北線「麻布十番」徒歩1分,2005年5月,188700000.0,1LDK+S（納戸）,69.59,12.24,東京,港,247,18870.0,895,東京メトロ南北線,麻布十番,35.6550691,139.7355048
パークタワー晴海,東京都中央区晴海２-2-42,都営大江戸線「月島」徒歩12分,2019年2月,189000000.0,2LDK,70.84,0.0,東京,中央,82,18900.0,880,都営大江戸線,月島,35.6569192,139.7867489
パークタワー晴海,東京都中央区晴海２,東京メトロ有楽町線「月島」徒歩12分,2019年2月,189000000.0,3LDK,82.27,18.49,東京,中央,82,18900.0,758,東京メトロ有楽町線,月島,35.6564518,139.7869359
コスモポリス品川　27階部分　東南角住戸,東京都港区港南３,ＪＲ山手線「品川」徒歩11分,2005年2月,189000000.0,2LDK,90.41,16.39,東京,港,250,18900.0,690,ＪＲ山手線,品川,35.633247,139.7505142
DEUX　TOURS (ドゥ・トゥール) イースト,東京都中央区晴海３,都営大江戸線「勝どき」徒歩5分,2015年9月,189000000.0,2LDK,70.98,5.08,東京,中央,123,18900.0,879,都営大江戸線,勝どき,35.6548467,139.7786272
シティタワーズ豊洲ザ・シンボル,東京都江東区豊洲３,東京メトロ有楽町線「豊洲」徒歩6分,2009年12月,189000000.0,2LDK,80.02,5.68,東京,江東,192,18900.0,779,東京メトロ有楽町線,豊洲,35.6585681,139.7965242
プラウドタワー芝浦,東京都港区芝浦４,ＪＲ山手線「田町」徒歩11分,2023年1月,189800000.0,1LDK,68.48,12.53,東京,港,35,18980.0,915,ＪＲ山手線,田町,35.6400662,139.7460429
ワールドシティタワーズ　キャピタルタワー,東京都港区港南４,ＪＲ山手線「品川」徒歩14分,2006年10月,189800000.0,3LDK,82.89,5.0,東京,港,230,18980.0,756,ＪＲ山手線,品川,35.6273113,139.7485979
ザ・パークハウス三軒茶屋タワー,東京都世田谷区上馬１,東急田園都市線「三軒茶屋」徒歩12分,2012年2月,190000000.0,3LDK,71.3,8.92,東京,世田谷,166,19000.0,879,東急田園都市線,三軒茶屋,35.6383248,139.6688067
ワールドシティタワーズ　キャピタルタワー,東京都港区港南４,ＪＲ山手線「品川」徒歩13分,2006年10月,191000000.0,2LDK,80.45,5.95,東京,港,230,19100.0,783,ＪＲ山手線,品川,35.6273113,139.7485979
パークシティ中央湊　ザタワー,東京都中央区湊２,ＪＲ京葉線「八丁堀」徒歩6分,2017年11月,192800000.0,2LDK,70.74,16.08,東京,中央,97,19280.0,899,ＪＲ京葉線,八丁堀,35.6709568,139.780864
ワールドシティタワーズ　アクアタワー,東京都港区港南４,東京モノレール「天王洲アイル」徒歩5分,2005年10月,193000000.0,3LDK,80.17,6.89,東京,港,242,19300.0,794,東京モノレール,天王洲アイル,35.6273113,139.7485979
ワールドタワーレジデンス（WORLD TOWER R…,東京都港区浜松町２,ＪＲ山手線「浜松町」徒歩2分,2024年11月,193000000.0,1LDK,40.3,7.8,東京,港,13,19300.0,1580,ＪＲ山手線,浜松町,35.6548149,139.7556247
ブリリアザタワー東京八重洲アベニュー,東京都中央区新川２-10-1,ＪＲ京葉線「八丁堀」徒歩1分,2017年11月,194800000.0,2LDK,71.16,7.95,東京,中央,97,19480.0,903,ＪＲ京葉線,八丁堀,35.6751419,139.7808069
ワールドシティタワーズ　アクアタワー,東京都港区港南４,東京モノレール「天王洲アイル」徒歩5分,2005年10月,194800000.0,2LDK,84.11,4.82,東京,港,242,19480.0,764,東京モノレール,天王洲アイル,35.6273113,139.7485979
アーバンドッグパークシティ豊洲タワーＡ,東京都江東区豊洲２,東京メトロ有楽町線「豊洲」徒歩6分,2008年2月,194900000.0,2LDK,71.38,17.6,東京,江東,214,19490.0,901,東京メトロ有楽町線,豊洲,35.6553723,139.7914102
アーバンドック　パークシティ豊洲　タワーＡ,東京都江東区豊洲２,東京メトロ有楽町線「豊洲」徒歩6分,2008年2月,194900000.0,2LDK,71.38,17.6,東京,江東,214,19490.0,901,東京メトロ有楽町線,豊洲,35.6553723,139.7914102
ＴＨＥ　ＴＯＫＹＯ　ＴＯＷＥＲＳ　ＳＥＡ　ＴＯＷＥＲ,東京都中央区勝どき６-3-1,都営大江戸線「勝どき」徒歩7分,2008年1月,195000000.0,2LDK+S（納戸）,78.47,6.48,東京,中央,215,19500.0,820,都営大江戸線,勝どき,35.6552789,139.77462
エアライズタワー,東京都豊島区東池袋４,東京メトロ有楽町線「東池袋」徒歩1分,2007年1月,195800000.0,3LDK,73.72,10.32,東京,豊島,227,19580.0,876,東京メトロ有楽町線,東池袋,35.727032,139.7211376
◇◆THE TOKYO TOWERS SEA TOW…,東京都中央区勝どき６,都営大江戸線「勝どき」徒歩7分,2008年1月,196000000.0,2LDK,86.86,7.39,東京,中央,215,19600.0,745,都営大江戸線,勝どき,35.6550953,139.7735148
THE TOKYO TOWERS SEA TOWER,東京都中央区勝どき６-3-1,都営大江戸線「勝どき」徒歩7分,2008年1月,196000000.0,2LDK,86.86,7.39,東京,中央,215,19600.0,745,都営大江戸線,勝どき,35.6552789,139.77462
ワールドシティタワーズ　アクアタワー,東京都港区港南４,ＪＲ山手線「品川」徒歩15分,2005年10月,197800000.0,2LDK,85.56,12.84,東京,港,242,19780.0,763,ＪＲ山手線,品川,35.6273113,139.7485979
ザ・パークハウス晴海タワーズ　クロノレジデンス,東京都中央区晴海２,都営大江戸線「勝どき」徒歩12分,2013年10月,198000000.0,3LDK,83.45,20.92,東京,中央,146,19800.0,783,都営大江戸線,勝どき,35.6564518,139.7869359
ザ・パークハウス西新宿タワー60,東京都新宿区西新宿５,東京メトロ丸ノ内線「西新宿」徒歩9分,2017年8月,198000000.0,2LDK,89.31,14.2,東京,新宿,100,19800.0,732,東京メトロ丸ノ内線,西新宿,35.6948318,139.6866706
ＷコンフォートタワーズWEST,東京都江東区東雲１,東京メトロ有楽町線「辰巳」徒歩8分,2005年2月,198000000.0,3LDK,121.26,30.8,東京,江東,250,19800.0,539,東京メトロ有楽町線,辰巳,35.6465138,139.802278
カテリーナ三田タワースイート ウエストアーク,東京都港区芝４,都営浅草線「三田」徒歩3分,2006年8月,198000000.0,2LDK+S（納戸）,66.53,11.37,東京,港,232,19800.0,982,都営浅草線,三田,35.6481737,139.7505142
パークタワー晴海,東京都中央区晴海２-2-42,東京メトロ有楽町線「月島」徒歩11分,2019年2月,198000000.0,3LDK,77.61,19.62,東京,中央,82,19800.0,842,東京メトロ有楽町線,月島,35.6569192,139.7867489
クレヴィアタワー目黒不動前,東京都品川区西五反田３,東急目黒線「不動前」徒歩4分,2015年2月,198000000.0,2LDK,68.98,18.16,東京,品川,130,19800.0,947,東急目黒線,不動前,35.6279656,139.717307
パークタワー晴海,東京都中央区晴海２,都営大江戸線「月島」徒歩11分,2019年2月,198000000.0,3LDK,77.61,19.62,東京,中央,82,19800.0,842,都営大江戸線,月島,35.6564518,139.7869359
ザ・パークハウス晴海タワーズ　クロノレジデンス,東京都中央区晴海２,都営大江戸線「勝どき」徒歩14分,2013年10月,198000000.0,3LDK,83.45,20.92,東京,中央,146,19800.0,783,都営大江戸線,勝どき,35.6564518,139.7869359
グランスイート虎ノ門,東京都港区虎ノ門１,東京メトロ日比谷線「虎ノ門ヒルズ」徒歩1分,2007年3月,198000000.0,2LDK,52.46,25.9,東京,港,225,19800.0,1246,東京メトロ日比谷線,虎ノ門ヒルズ,35.668325,139.7492367
パークタワー晴海,東京都中央区晴海２,都営大江戸線「月島」徒歩11分,2019年2月,198000000.0,3LDK,77.61,19.62,東京,中央,82,19800.0,842,都営大江戸線,月島,35.6564518,139.7869359
グランスイート虎ノ門,東京都港区虎ノ門１,東京メトロ日比谷線「虎ノ門ヒルズ」徒歩1分,2007年5月,198000000.0,2LDK,52.46,25.9,東京,港,223,19800.0,1246,東京メトロ日比谷線,虎ノ門ヒルズ,35.668325,139.7492367
ザ・パークハウス晴海タワーズクロノレジデンス,東京都中央区晴海２,都営大江戸線「勝どき」徒歩12分,2013年10月,198000000.0,3LDK+S（納戸）,80.3,20.92,東京,中央,146,19800.0,814,都営大江戸線,勝どき,35.6564518,139.7869359
ＴＨＥ　ＴＯＹＯＳＵ　ＴＯＷＥＲ,東京都江東区豊洲３,東京メトロ有楽町線「豊洲」徒歩6分,2008年10月,198000000.0,3LDK+S（納戸）,87.28,8.4,東京,江東,206,19800.0,749,東京メトロ有楽町線,豊洲,35.6585681,139.7965242
グランスイート虎ノ門,東京都港区虎ノ門１,東京メトロ日比谷線「虎ノ門ヒルズ」徒歩1分,2007年3月,198000000.0,2LDK,52.46,25.9,東京,港,225,19800.0,1246,東京メトロ日比谷線,虎ノ門ヒルズ,35.668325,139.7492367
ザ・パークハウス晴海タワーズ　クロノレジデンス,東京都中央区晴海２,都営大江戸線「勝どき」徒歩11分,2013年10月,198000000.0,2LDK,75.29,18.41,東京,中央,146,19800.0,868,都営大江戸線,勝どき,35.6564518,139.7869359
スカイフォレストレジデンス,東京都新宿区大久保３,ＪＲ山手線「高田馬場」徒歩7分,2014年12月,198000000.0,3LDK,72.57,6.2,東京,新宿,132,19800.0,900,ＪＲ山手線,高田馬場,35.7066016,139.7045399
スカイフォレストレジデンス,東京都新宿区大久保３-8-1,ＪＲ山手線「高田馬場」徒歩6分,2014年12月,198000000.0,3LDK,72.57,6.2,東京,新宿,132,19800.0,900,ＪＲ山手線,高田馬場,35.7072254,139.7027394
グランスイート虎ノ門,東京都港区虎ノ門１,東京メトロ日比谷線「虎ノ門ヒルズ」徒歩1分,2007年3月,198000000.0,2LDK,52.46,25.9,東京,港,225,19800.0,1246,東京メトロ日比谷線,虎ノ門ヒルズ,35.668325,139.7492367
勝どきザ・タワー,東京都中央区勝どき５-3-1,都営大江戸線「勝どき」徒歩8分,2016年11月,199000000.0,2LDK,67.86,7.4,東京,中央,109,19900.0,968,都営大江戸線,勝どき,35.65665329999999,139.7725581
パークタワー西新宿（新築未入居）　,東京都新宿区西新宿５,都営大江戸線「西新宿五丁目」徒歩6分,2024年11月,199000000.0,2LDK,61.02,12.42,東京,新宿,13,19900.0,1076,都営大江戸線,西新宿五丁目,35.6948318,139.6866706
パークタワー品川ベイワード,東京都港区港南３-5-10,ＪＲ山手線「品川」徒歩14分,2005年11月,199800000.0,3LDK,82.9,42.32,東京,港,241,19980.0,795,ＪＲ山手線,品川,35.634164,139.747983
ドゥ・トゥール　ウエスト,東京都中央区晴海３-13-2,都営大江戸線「勝どき」徒歩5分,2015年10月,199800000.0,3LDK,70.7,5.08,東京,中央,122,19980.0,933,都営大江戸線,勝どき,35.6548188,139.777263
Brilliaタワー東京,東京都墨田区太平４,東京メトロ半蔵門線「錦糸町」徒歩4分,2006年2月,199900000.0,2LDK,80.4,7.27,東京,墨田,238,19990.0,820,東京メトロ半蔵門線,錦糸町,35.7012067,139.8169845
THE TOWERS DAIBA EAST,東京都港区台場２-2-2,新交通ゆりかもめ「お台場海浜公園」徒歩2分,2006年5月,199900000.0,2LDK+S（納戸）,85.2,7.47,東京,港,235,19990.0,774,新交通ゆりかもめ,お台場海浜公園,35.6298408,139.7802649
浅草タワー,東京都台東区西浅草３,つくばエクスプレス「浅草」徒歩5分,2012年2月,200000000.0,3LDK,80.02,15.52,東京,台東,166,20000.0,825,つくばエクスプレス,浅草,35.7162192,139.7914102
シティタワーズ東京ベイ　ウエストタワー,東京都江東区有明２,新交通ゆりかもめ「有明」徒歩3分,2019年7月,200000000.0,2LDK,73.28,32.97,東京,江東,77,20000.0,901,新交通ゆりかもめ,有明,35.6388488,139.7946064
ザ・パークハウス晴海タワーズクロノレジデンス　29階…,東京都中央区晴海２,都営大江戸線「勝どき」徒歩10分,2013年10月,200000000.0,3LDK,74.0,17.46,東京,中央,146,20000.0,892,都営大江戸線,勝どき,35.6564518,139.7869359
プラウドタワー目黒MARC,東京都品川区西五反田３,ＪＲ山手線「目黒」徒歩9分,2023年8月,206800000.0,2LDK,61.76,16.38,東京,品川,28,20680.0,1105,ＪＲ山手線,目黒,35.6279656,139.717307
ＨＡＲＵＭＩ ＦＬＡＧ (晴海フラッグ) ＳＵＮＶＩ…,東京都中央区晴海５,都営大江戸線「勝どき」徒歩19分,2025年10月,207000000.0,3LDK+S（納戸）,83.2,19.47,東京,中央,2,20700.0,821,都営大江戸線,勝どき,35.6490356,139.7741538
パークタワー晴海,東京都中央区晴海２,都営大江戸線「月島」徒歩11分,2019年2月,207800000.0,3LDK,82.27,18.49,東京,中央,82,20780.0,834,都営大江戸線,月島,35.6564518,139.7869359
ワールドシティタワーズ　アクアタワー,東京都港区港南４,東京モノレール「天王洲アイル」徒歩5分,2005年10月,207800000.0,2LDK,76.67,3.13,東京,港,242,20780.0,894,東京モノレール,天王洲アイル,35.6273113,139.7485979
ＴＨＥ　ＣＥＮＴＥＲ　ＴＯＫＹＯ,東京都新宿区市谷本村町,都営新宿線「曙橋」徒歩5分,2007年11月,209000000.0,3LDK,84.35,4.98,東京,新宿,217,20900.0,818,都営新宿線,曙橋,35.6927695,139.7300768
シティタワー新宿新都心,東京都新宿区西新宿４-２－１５,都営大江戸線「西新宿五丁目」徒歩2分,2005年2月,209800000.0,3LDK,81.18,8.82,東京,新宿,250,20980.0,853,都営大江戸線,西新宿五丁目,35.690235,139.6861123
パークタワー勝どき ミッド,東京都中央区勝どき４,都営大江戸線「勝どき」徒歩1分,2023年8月,209800000.0,2LDK,64.0,7.64,東京,中央,28,20980.0,1082,都営大江戸線,勝どき,35.6572676,139.7760709
東京タイムズタワー,東京都千代田区外神田４,ＪＲ山手線「秋葉原」徒歩5分,2004年9月,209800000.0,2LDK,59.9,15.91,東京,千代田,255,20980.0,1156,ＪＲ山手線,秋葉原,35.7005017,139.7722367
勝どきビュータワー,東京都中央区勝どき１-8-1,都営大江戸線「勝どき」徒歩1分,2010年11月,209800000.0,2LDK,70.15,11.1,東京,中央,181,20980.0,987,都営大江戸線,勝どき,35.6599586,139.7775156
スカイフォレストレジデンス,東京都新宿区大久保３,ＪＲ山手線「高田馬場」徒歩6分,2014年12月,209800000.0,2LDK,72.57,6.2,東京,新宿,132,20980.0,954,ＪＲ山手線,高田馬場,35.7066016,139.7045399
ル・サンク大崎ウィズタワー,東京都品川区大崎２,ＪＲ山手線「大崎」徒歩5分,2014年1月,209800000.0,3LDK,73.24,4.96,東京,品川,143,20980.0,945,ＪＲ山手線,大崎,35.6177742,139.7262455
パークタワー晴海,東京都中央区晴海２,東京メトロ有楽町線「月島」徒歩12分,2019年2月,209800000.0,3LDK,78.59,18.93,東京,中央,82,20980.0,881,東京メトロ有楽町線,月島,35.6564518,139.7869359
パークコート渋谷ザ・タワー,東京都渋谷区宇田川町,ＪＲ山手線「渋谷」徒歩8分,2020年7月,209800000.0,2LDK,74.46,5.25,東京,渋谷,65,20980.0,930,ＪＲ山手線,渋谷,35.661594,139.6981574
パークコート渋谷ザタワー,東京都渋谷区宇田川町,東京メトロ半蔵門線「渋谷」徒歩9分,2020年7月,209800000.0,2LDK,74.46,5.25,東京,渋谷,65,20980.0,930,東京メトロ半蔵門線,渋谷,35.661594,139.6981574
シティタワー新宿,東京都新宿区西新宿５-2-1,東京メトロ丸ノ内線「西新宿」徒歩8分,2023年2月,209900000.0,2LDK,54.6,11.95,東京,新宿,34,20990.0,1269,東京メトロ丸ノ内線,西新宿,35.6951153,139.6870077
コスモポリス品川,東京都港区港南３,ＪＲ京浜東北線「品川」徒歩11分,2005年2月,210000000.0,2LDK,90.41,16.39,東京,港,250,21000.0,767,ＪＲ京浜東北線,品川,35.633247,139.7505142
コスモポリス品川,東京都港区港南３,ＪＲ東海道本線「品川」徒歩11分,2005年2月,210000000.0,2LDK,90.41,16.39,東京,港,250,21000.0,767,ＪＲ東海道本線,品川,35.633247,139.7505142
グランドミレーニア,東京都豊島区南池袋１,ＪＲ山手線「池袋」徒歩6分,2015年2月,210000000.0,2LDK,54.84,5.13,東京,豊島,130,21000.0,1264,ＪＲ山手線,池袋,35.7275147,139.7109231
ソプラタワー,東京都目黒区青葉台３,東急田園都市線「池尻大橋」徒歩8分,1999年3月,210000000.0,3LDK,83.77,12.74,東京,目黒,321,21000.0,827,東急田園都市線,池尻大橋,35.65214570000001,139.6917756
パークコート麻布十番,東京都港区三田１,東京メトロ南北線「麻布十番」徒歩3分,2010年5月,210000000.0,1LDK,42.29,8.24,東京,港,187,21000.0,1639,東京メトロ南北線,麻布十番,35.6537721,139.741572
THE TOKYO TOWERS SEA TOWER,東京都中央区勝どき６,都営大江戸線「勝どき」徒歩7分,2008年1月,213000000.0,2LDK+S（納戸）,89.14,9.54,東京,中央,215,21300.0,789,都営大江戸線,勝どき,35.6550953,139.7735148
ザ・パークハウス西新宿タワー60,東京都新宿区西新宿５,都営大江戸線「西新宿五丁目」徒歩7分,2017年8月,213000000.0,2LDK,70.01,9.54,東京,新宿,100,21300.0,1004,都営大江戸線,西新宿五丁目,35.6948318,139.6866706
プレイス白金ブライトレジデンス,東京都港区白金１-２５－１１,東京メトロ南北線「白金高輪」徒歩2分,2005年6月,214800000.0,2LDK,77.89,26.35,東京,港,246,21480.0,910,東京メトロ南北線,白金高輪,35.6443806,139.7326357
センチュリーパークタワー,東京都中央区佃２,東京メトロ有楽町線「月島」徒歩8分,1999年1月,214900000.0,3LDK+S（納戸）,90.15,4.2,東京,中央,323,21490.0,787,東京メトロ有楽町線,月島,35.6682531,139.7862967
マークスタワー,東京都荒川区荒川７,東京メトロ千代田線「町屋」徒歩1分,2006年3月,218000000.0,4LDK,124.07,32.08,東京,荒川,237,21800.0,580,東京メトロ千代田線,町屋,35.7418313,139.7837401
クロスエアタワー,東京都目黒区大橋１,東急田園都市線「池尻大橋」徒歩5分,2013年1月,218000000.0,2LDK,77.56,17.64,東京,目黒,155,21800.0,928,東急田園都市線,池尻大橋,35.6510223,139.6882659
◇◆東京ツインパークス　ライトウイング◆◇,東京都港区東新橋１,都営大江戸線「汐留」徒歩3分,2002年9月,218000000.0,1LDK+S（納戸）,53.7,7.62,東京,港,279,21800.0,1340,都営大江戸線,汐留,35.664582,139.7613745
ＨＡＲＵＭＩ　ＦＬＡＧ　ＳＵＮ　ＶＩＬＬＡＧＥ　Ｔ棟,東京都中央区晴海５,都営大江戸線「勝どき」徒歩14分,2025年8月,218000000.0,3LDK,84.2,38.62,東京,中央,4,21800.0,854,都営大江戸線,勝どき,35.6490356,139.7741538
東京ツインパークス　ライトウイング,東京都港区東新橋１,都営大江戸線「汐留」徒歩3分,2002年9月,218000000.0,1LDK+S（納戸）,53.7,7.62,東京,港,279,21800.0,1340,都営大江戸線,汐留,35.664582,139.7613745
［弊社事業企画］クレストプライムタワー芝　－東京タワ…,東京都港区芝１,ＪＲ山手線「浜松町」徒歩7分,2007年8月,219700000.0,2LDK,66.09,12.7,東京,港,220,21970.0,1097,ＪＲ山手線,浜松町,35.65127349999999,139.7546664
パークタワー品川ベイワード,東京都港区港南３-5-10,ＪＲ山手線「品川」徒歩14分,2005年11月,219800000.0,3LDK,91.26,21.1,東京,港,241,21980.0,795,ＪＲ山手線,品川,35.634164,139.747983
ザ・パークハウス大森タワー,東京都大田区大森北１,ＪＲ京浜東北線「大森」徒歩3分,2024年11月,219800000.0,3LDK,76.28,21.4,東京,大田,13,21980.0,951,ＪＲ京浜東北線,大森,35.5866413,139.7287997
ファミール新宿グランスィートタワー,東京都渋谷区代々木２,都営新宿線「新宿」徒歩2分,2002年2月,219800000.0,3LDK,86.24,12.06,東京,渋谷,286,21980.0,841,都営新宿線,新宿,35.6856856,139.6981574
プラウドタワー芝浦,東京都港区芝浦４-15-1,ＪＲ山手線「田町」徒歩11分,2023年1月,219800000.0,2LDK,72.58,5.75,東京,港,35,21980.0,999,ＪＲ山手線,田町,35.6390427,139.7477289
【ザ・パークハウス大森タワー】23階、空室、ペット可,東京都大田区大森北１,ＪＲ京浜東北線「大森」徒歩3分,2024年11月,219800000.0,3LDK,76.28,21.4,東京,大田,13,21980.0,951,ＪＲ京浜東北線,大森,35.5866413,139.7287997
ザ・パークハウス大森タワー,東京都大田区大森北１,ＪＲ京浜東北線「大森」徒歩3分,2024年11月,219800000.0,3LDK,76.28,21.4,東京,大田,13,21980.0,951,ＪＲ京浜東北線,大森,35.5866413,139.7287997
富久クロスコンフォートタワー,東京都新宿区富久町,東京メトロ丸ノ内線「新宿御苑前」徒歩7分,2015年4月,219800000.0,3LDK,70.05,12.37,東京,新宿,128,21980.0,1035,東京メトロ丸ノ内線,新宿御苑前,35.6934999,139.7147533
リガーレ日本橋人形町,東京都中央区日本橋人形町１,東京メトロ半蔵門線「水天宮前」徒歩2分,2007年10月,219900000.0,2LDK+S（納戸）,74.91,0.0,東京,中央,218,21990.0,969,東京メトロ半蔵門線,水天宮前,35.6846715,139.7821423
ザ・パークハウス晴海タワーズ　クロノレジデンス,東京都中央区晴海２,都営大江戸線「勝どき」徒歩12分,2013年10月,219990000.0,2LDK,81.61,13.38,東京,中央,146,21999.0,890,都営大江戸線,勝どき,35.6564518,139.7869359
フェイバリッチタワー品川,東京都港区港南３,ＪＲ山手線「品川」徒歩14分,2006年10月,220000000.0,2LDK,74.74,26.49,東京,港,230,22000.0,971,ＪＲ山手線,品川,35.633247,139.7505142
勝どきザ・タワー,東京都中央区勝どき５-3-1,都営大江戸線「勝どき」徒歩7分,2016年11月,220000000.0,2LDK,73.32,12.28,東京,中央,109,22000.0,990,都営大江戸線,勝どき,35.65665329999999,139.7725581
勝どきザ・タワー,東京都中央区勝どき５,都営大江戸線「勝どき」徒歩7分,2016年11月,220000000.0,2LDK,73.32,12.28,東京,中央,109,22000.0,990,都営大江戸線,勝どき,35.657516,139.7709587
晴海フラッグ SKY DUO/HARUMI FLAG…,東京都中央区晴海５,都営大江戸線「勝どき」徒歩18分,2025年9月,220000000.0,3LDK,82.74,39.4,東京,中央,3,22000.0,877,都営大江戸線,勝どき,35.6490356,139.7741538
プラウドタワー芝浦,東京都港区芝浦４,ＪＲ山手線「田町」徒歩11分,2023年1月,224000000.0,3LDK,72.58,5.75,東京,港,35,22400.0,1018,ＪＲ山手線,田町,35.6400662,139.7460429
トウキョウシーサウスブランファーレ,東京都港区港南４,ＪＲ山手線「品川」徒歩12分,2004年6月,225000000.0,2LDK,98.43,14.35,東京,港,258,22500.0,754,ＪＲ山手線,品川,35.6273113,139.7485979
プラウドタワー芝浦,東京都港区芝浦４,ＪＲ山手線「田町」徒歩11分,2023年1月,225000000.0,3LDK,78.58,12.85,東京,港,35,22500.0,945,ＪＲ山手線,田町,35.6400662,139.7460429
TOKYO SEA SOUTH ブランファーレ,東京都港区港南４,ＪＲ山手線「品川」徒歩12分,2004年6月,225000000.0,2LDK,98.43,14.35,東京,港,258,22500.0,754,ＪＲ山手線,品川,35.6273113,139.7485979
クラッシィタワー東中野,東京都中野区東中野４,ＪＲ中央線「東中野」徒歩2分,2015年1月,225000000.0,3LDK,76.09,12.06,東京,中野,131,22500.0,976,ＪＲ中央線,東中野,35.7092259,139.6853944
TOKYO SEA SOUTHブランファーレ,東京都港区港南４,ＪＲ山手線「品川」徒歩12分,2004年6月,225000000.0,2LDK,98.43,14.35,東京,港,258,22500.0,754,ＪＲ山手線,品川,35.6273113,139.7485979
クロスエアタワー,東京都目黒区大橋１-５－１,東急田園都市線「池尻大橋」徒歩5分,2013年1月,226000000.0,1LDK,68.14,14.25,東京,目黒,155,22600.0,1095,東急田園都市線,池尻大橋,35.6517041,139.6885234
ＧＬＯＢＡＬ　ＦＲＯＮＴ　ＴＯＷＥＲ,東京都港区芝浦１,ＪＲ山手線「田町」徒歩10分,2015年9月,226000000.0,3LDK,78.18,13.44,東京,港,123,22600.0,954,ＪＲ山手線,田町,35.6485621,139.754347
ブリリア大井町ラヴィアンタワー,東京都品川区大井１,ＪＲ京浜東北線「大井町」徒歩6分,2012年9月,226900000.0,3LDK,82.27,12.83,東京,品川,159,22690.0,910,ＪＲ京浜東北線,大井町,35.6065548,139.7326311
ワールドシティタワーズ　アクアタワー,東京都港区港南４,ＪＲ山手線「品川」徒歩15分,2005年10月,228000000.0,3LDK,88.56,12.87,東京,港,242,22800.0,850,ＪＲ山手線,品川,35.6273113,139.7485979
クロスエアタワー,東京都目黒区大橋１,東急田園都市線「池尻大橋」徒歩5分,2013年1月,228000000.0,2LDK,65.96,14.62,東京,目黒,155,22800.0,1141,東急田園都市線,池尻大橋,35.6510223,139.6882659
クラッシィタワー東中野,東京都中野区東中野４,都営大江戸線「東中野」徒歩1分,2015年3月,228000000.0,3LDK,78.75,11.39,東京,中野,129,22800.0,955,都営大江戸線,東中野,35.7092259,139.6853944
アイ・マーク　タワー,東京都中央区月島１,東京メトロ有楽町線「月島」徒歩1分,2003年8月,229800000.0,3LDK,85.43,28.52,東京,中央,268,22980.0,888,東京メトロ有楽町線,月島,35.6644207,139.7824618
キャピタルマークタワー,東京都港区芝浦４,ＪＲ山手線「田町」徒歩8分,2007年10月,229800000.0,2LDK,91.9,26.1,東京,港,218,22980.0,825,ＪＲ山手線,田町,35.6400662,139.7460429
プラウドタワー芝浦,東京都港区芝浦４,ＪＲ山手線「田町」徒歩11分,2023年1月,229800000.0,2LDK,68.48,12.56,東京,港,35,22980.0,1107,ＪＲ山手線,田町,35.6400662,139.7460429
富久クロスコンフォートタワー,東京都新宿区富久町15-1,東京メトロ丸ノ内線「新宿御苑前」徒歩7分,2015年6月,229800000.0,2LDK,60.0,0.0,東京,新宿,126,22980.0,1264,東京メトロ丸ノ内線,新宿御苑前,35.6919473,139.7139397
THE TOKYO TOWERS MID TOWER,東京都中央区勝どき６-3-2,都営大江戸線「勝どき」徒歩6分,2008年1月,229900000.0,3LDK,93.82,7.56,東京,中央,215,22990.0,809,都営大江戸線,勝どき,35.655905,139.773526
グランドヒルズ恵比寿,東京都渋谷区恵比寿１-34-11,ＪＲ山手線「恵比寿」徒歩7分,2019年3月,229900000.0,2LDK,62.7,15.9,東京,渋谷,81,22990.0,1210,ＪＲ山手線,恵比寿,35.6460514,139.7164291
シティタワー武蔵小山,東京都品川区小山３,東急目黒線「武蔵小山」徒歩2分,2021年4月,230000000.0,2LDK+S（納戸）,72.51,4.98,東京,品川,56,23000.0,1047,東急目黒線,武蔵小山,35.6205453,139.7045399
パークタワー勝どきミッド,東京都中央区勝どき４,都営大江戸線「勝どき」徒歩1分,2023年8月,230000000.0,1LDK,50.55,4.83,東京,中央,28,23000.0,1501,都営大江戸線,勝どき,35.6572676,139.7760709
クロスエアタワー,東京都目黒区大橋１,東急田園都市線「池尻大橋」徒歩5分,2013年1月,232000000.0,1LDK+S（納戸）,68.14,14.25,東京,目黒,155,23200.0,1124,東急田園都市線,池尻大橋,35.6510223,139.6882659
クロスエアタワー,東京都目黒区大橋１,東急田園都市線「池尻大橋」徒歩5分,2013年1月,232000000.0,1LDK+S（納戸）,68.14,14.25,東京,目黒,155,23200.0,1124,東急田園都市線,池尻大橋,35.6510223,139.6882659
クロスエアタワー,東京都目黒区大橋１,東急田園都市線「池尻大橋」徒歩5分,2013年1月,232000000.0,1LDK+S（納戸）,68.14,14.25,東京,目黒,155,23200.0,1124,東急田園都市線,池尻大橋,35.6510223,139.6882659
キャピタルマークタワー,東京都港区芝浦４,ＪＲ山手線「田町」徒歩8分,2007年10月,234800000.0,2LDK,91.9,26.1,東京,港,218,23480.0,843,ＪＲ山手線,田町,35.6400662,139.7460429
富久クロスコンフォートタワー,東京都新宿区富久町,東京メトロ丸ノ内線「新宿御苑前」徒歩7分,2015年4月,235000000.0,2LDK,71.25,11.48,東京,新宿,128,23500.0,1088,東京メトロ丸ノ内線,新宿御苑前,35.6934999,139.7147533
クロスエアタワー,東京都目黒区大橋１,東急田園都市線「池尻大橋」徒歩5分,2013年1月,235000000.0,2LDK,68.41,12.87,東京,目黒,155,23500.0,1134,東急田園都市線,池尻大橋,35.6510223,139.6882659
クロスエアタワー,東京都目黒区大橋１-５－１,東急田園都市線「池尻大橋」徒歩5分,2013年1月,235000000.0,2LDK,68.41,12.87,東京,目黒,155,23500.0,1134,東急田園都市線,池尻大橋,35.6517041,139.6885234
クロスエアタワー,東京都目黒区大橋１-5-1,東急田園都市線「池尻大橋」徒歩5分,2013年1月,235000000.0,2LDK,68.41,12.87,東京,目黒,155,23500.0,1134,東急田園都市線,池尻大橋,35.6517041,139.6885234
プラウドタワー亀戸クロス ブライトタワー,東京都江東区亀戸６,ＪＲ総武線「亀戸」徒歩2分,2021年12月,235000000.0,2LDK,90.44,18.44,東京,江東,48,23500.0,857,ＪＲ総武線,亀戸,35.6957973,139.8278569
クロスエアタワー,東京都目黒区大橋１,東急田園都市線「池尻大橋」徒歩5分,2013年1月,235000000.0,2LDK,68.41,12.87,東京,目黒,155,23500.0,1134,東急田園都市線,池尻大橋,35.6510223,139.6882659
シティタワー大井町,東京都品川区大井１,ＪＲ京浜東北線「大井町」徒歩5分,2019年8月,235000000.0,2LDK,70.45,8.33,東京,品川,76,23500.0,1101,ＪＲ京浜東北線,大井町,35.6065548,139.7326311
パークタワーグランスカイ,東京都品川区東五反田２,ＪＲ山手線「五反田」徒歩6分,2010年6月,238000000.0,2LDK,71.3,11.9,東京,品川,186,23800.0,1102,ＪＲ山手線,五反田,35.6233916,139.7287997
富久クロスコンフォートタワー,東京都新宿区富久町,東京メトロ丸ノ内線「新宿御苑前」徒歩7分,2015年4月,238000000.0,1LDK,71.67,13.16,東京,新宿,128,23800.0,1096,東京メトロ丸ノ内線,新宿御苑前,35.6934999,139.7147533
パークタワーグランスカイ,東京都品川区東五反田２,ＪＲ山手線「五反田」徒歩6分,2010年6月,238000000.0,2LDK,71.3,11.9,東京,品川,186,23800.0,1102,ＪＲ山手線,五反田,35.6233916,139.7287997
ＨＡＲＵＭＩ　ＦＬＡＧ　ＳＵＮ　ＶＩＬＬＡＧＥ　Ｔ棟,東京都中央区晴海５,都営大江戸線「勝どき」徒歩16分,2025年10月,238000000.0,3LDK,86.15,38.56,東京,中央,2,23800.0,912,都営大江戸線,勝どき,35.6490356,139.7741538
ザ・パークハウス白金二丁目タワー,東京都港区白金２,東京メトロ南北線「白金台」徒歩5分,2018年7月,238000000.0,1LDK,56.23,6.12,東京,港,89,23800.0,1397,東京メトロ南北線,白金台,35.6416377,139.7313539
パークタワーグランスカイ,東京都品川区東五反田２,ＪＲ山手線「大崎」徒歩6分,2010年6月,238000000.0,2LDK,71.3,11.9,東京,品川,186,23800.0,1102,ＪＲ山手線,大崎,35.6233916,139.7287997
シティタワー高輪,東京都港区高輪１-23-23,東京メトロ南北線「白金高輪」徒歩6分,2004年1月,238000000.0,2LDK,81.99,9.38,東京,港,263,23800.0,958,東京メトロ南北線,白金高輪,35.6378693,139.7321067
ザ・パークハウス　晴海タワーズ　ティアロレジデンス,東京都中央区晴海２,都営大江戸線「勝どき」徒歩13分,2016年3月,238000000.0,3LDK,81.89,17.88,東京,中央,117,23800.0,959,都営大江戸線,勝どき,35.6564518,139.7869359
パークタワーグランスカイ,東京都品川区東五反田２,ＪＲ山手線「五反田」徒歩6分,2010年6月,238000000.0,2LDK,71.3,11.9,東京,品川,186,23800.0,1102,ＪＲ山手線,五反田,35.6233916,139.7287997
パークタワーグランスカイ,東京都品川区東五反田２-１０－１,ＪＲ山手線「五反田」徒歩6分,2010年6月,238000000.0,2LDK,71.3,11.9,東京,品川,186,23800.0,1102,ＪＲ山手線,五反田,35.6241614,139.7269258
パークタワーグランスカイ,東京都品川区東五反田２,ＪＲ山手線「五反田」徒歩6分,2010年6月,238000000.0,2LDK,71.3,11.9,東京,品川,186,23800.0,1102,ＪＲ山手線,五反田,35.6233916,139.7287997
ドレッセ目黒インプレスタワー,東京都品川区西五反田３,ＪＲ山手線「目黒」徒歩7分,2004年6月,239000000.0,2LDK,82.09,8.16,東京,品川,258,23900.0,961,ＪＲ山手線,目黒,35.6279656,139.717307
白金ザ・スカイ,東京都港区白金１,東京メトロ南北線「白金高輪」徒歩3分,2023年2月,239800000.0,2LDK,56.72,6.4,東京,港,34,23980.0,1395,東京メトロ南北線,白金高輪,35.6449583,139.7339083
白金ザ・スカイ WEST棟,東京都港区白金１,東京メトロ南北線「白金高輪」徒歩3分,2023年2月,239800000.0,2LDK,56.72,6.4,東京,港,34,23980.0,1395,東京メトロ南北線,白金高輪,35.6449583,139.7339083
パークタワー目黒,東京都品川区上大崎４,ＪＲ山手線「目黒」徒歩2分,2007年10月,239800000.0,2LDK,63.65,13.58,東京,品川,218,23980.0,1243,ＪＲ山手線,目黒,35.6310561,139.7157109
ザ・タワー・グランディア,東京都豊島区西池袋５,ＪＲ山手線「池袋」徒歩6分,2004年3月,239800000.0,3LDK,93.75,17.3,東京,豊島,261,23980.0,844,ＪＲ山手線,池袋,35.73194890000001,139.7019868
グランドミレーニア,東京都豊島区南池袋１,ＪＲ山手線「池袋」徒歩6分,2015年2月,242000000.0,3LDK,71.01,6.15,東京,豊島,130,24200.0,1125,ＪＲ山手線,池袋,35.7275147,139.7109231
芝浦アイランド　ケープタワー,東京都港区芝浦４,ＪＲ山手線「田町」徒歩14分,2006年10月,245000000.0,3LDK,94.18,17.1,東京,港,230,24500.0,858,ＪＲ山手線,田町,35.6400662,139.7460429
パークコート渋谷ザタワー,東京都渋谷区宇田川町,ＪＲ山手線「渋谷」徒歩9分,2020年7月,247000000.0,1LDK,79.04,8.06,東京,渋谷,65,24700.0,1031,ＪＲ山手線,渋谷,35.661594,139.6981574
モデルノトッレ松濤,東京都渋谷区松濤２,京王井の頭線「神泉」徒歩7分,2008年1月,248000000.0,1LDK,77.41,11.44,東京,渋谷,215,24800.0,1057,京王井の頭線,神泉,35.6598231,139.6901802
◇◆シティタワーズ東京ベイ　セントラルタワー◆◇,東京都江東区有明２,新交通ゆりかもめ「有明」徒歩4分,2019年7月,248000000.0,2LDK,79.88,23.37,東京,江東,77,24800.0,1025,新交通ゆりかもめ,有明,35.6388488,139.7946064
イーストコモンズ清澄白河セントラルタワー,東京都江東区白河４,東京メトロ半蔵門線「清澄白河」徒歩7分,2006年6月,248000000.0,3LDK+S（納戸）,112.38,32.92,東京,江東,234,24800.0,728,東京メトロ半蔵門線,清澄白河,35.682697,139.8080323
パークタワー晴海,東京都中央区晴海２,東京メトロ有楽町線「月島」徒歩12分,2019年2月,248000000.0,3LDK,70.84,17.2,東京,中央,82,24800.0,1155,東京メトロ有楽町線,月島,35.6564518,139.7869359
パークタワー目黒,東京都品川区上大崎４-１－１,ＪＲ山手線「目黒」徒歩2分,2007年10月,248000000.0,1LDK,65.36,13.56,東京,品川,218,24800.0,1252,ＪＲ山手線,目黒,35.6336138,139.7147034
ブリリアタワー東京,東京都墨田区太平４-１－１,東京メトロ半蔵門線「錦糸町」徒歩4分,2006年2月,248000000.0,2LDK,80.38,13.91,東京,墨田,238,24800.0,1018,東京メトロ半蔵門線,錦糸町,35.7001105,139.8162113
パークタワー晴海,東京都中央区晴海２,東京メトロ有楽町線「月島」徒歩11分,2019年2月,248000000.0,2LDK+S（納戸）,78.59,18.93,東京,中央,82,24800.0,1041,東京メトロ有楽町線,月島,35.6564518,139.7869359
パークタワー西新宿,東京都新宿区西新宿５,都営大江戸線「西新宿五丁目」徒歩6分,2025年4月,248000000.0,2LDK+S（納戸）,64.82,12.88,東京,新宿,8,24800.0,1263,都営大江戸線,西新宿五丁目,35.6948318,139.6866706
ＨＡＲＵＭＩ　ＦＬＡＧ　ＰＡＲＫ　ＶＩＬＬＡＧＥ　Ｔ…,東京都中央区晴海５,都営大江戸線「勝どき」徒歩15分,2025年9月,248000000.0,3LDK,84.04,19.65,東京,中央,3,24800.0,974,都営大江戸線,勝どき,35.6490356,139.7741538
パークタワー晴海,東京都中央区晴海２,都営大江戸線「月島」徒歩12分,2019年2月,248000000.0,3LDK,82.85,20.36,東京,中央,82,24800.0,988,都営大江戸線,月島,35.6564518,139.7869359
ＣＡＰＩＴＡＬ　ＧＡＴＥ　ＰＬＡＣＥ　ＴＨＥ　ＴＯＷ…,東京都中央区月島１,東京メトロ有楽町線「月島」徒歩1分,2015年7月,248000000.0,2LDK,65.22,18.0,東京,中央,125,24800.0,1255,東京メトロ有楽町線,月島,35.6644207,139.7824618
ワールドシティタワーズ　アクアタワー,東京都港区港南４,ＪＲ山手線「品川」徒歩15分,2005年10月,248000000.0,2LDK,86.37,5.4,東京,港,242,24800.0,948,ＪＲ山手線,品川,35.6273113,139.7485979
パークタワー晴海,東京都中央区晴海２,東京メトロ有楽町線「月島」徒歩12分,2019年2月,249000000.0,4LDK,88.49,23.29,東京,中央,82,24900.0,929,東京メトロ有楽町線,月島,35.6564518,139.7869359
パークシティ中央湊　ザタワー,東京都中央区湊２,東京メトロ日比谷線「八丁堀」徒歩6分,2017年11月,249000000.0,3LDK,62.11,14.04,東京,中央,97,24900.0,1323,東京メトロ日比谷線,八丁堀,35.6709568,139.780864
ブランズタワー芝浦,東京都港区芝浦２-9-1,ＪＲ山手線「田町」徒歩8分,2021年8月,249800000.0,2LDK,69.8,13.2,東京,港,52,24980.0,1181,ＪＲ山手線,田町,35.6435355,139.7530128
白金ザ・スカイ　東棟,東京都港区白金１,東京メトロ南北線「白金高輪」徒歩4分,2023年2月,249900000.0,2LDK,61.53,7.6,東京,港,34,24990.0,1340,東京メトロ南北線,白金高輪,35.6449583,139.7339083
パークコート渋谷ザタワー,東京都渋谷区宇田川町,ＪＲ山手線「渋谷」徒歩9分,2020年7月,250000000.0,1LDK,72.69,8.06,東京,渋谷,65,25000.0,1135,ＪＲ山手線,渋谷,35.661594,139.6981574
アルビオ・ザ・タワー千代田飯田橋,東京都千代田区飯田橋４-４－１,東京メトロ東西線「飯田橋」徒歩2分,2021年1月,250000000.0,1LDK,63.76,20.78,東京,千代田,59,25000.0,1294,東京メトロ東西線,飯田橋,35.7007222,139.7461665
ザ・パークハウス晴海タワーズディアロレジデンス,東京都中央区晴海２,東京メトロ有楽町線「月島」徒歩13分,2016年4月,250000000.0,3LDK+S（納戸）,101.8,20.75,東京,中央,116,25000.0,810,東京メトロ有楽町線,月島,35.6564518,139.7869359
芝浦アイランドケープタワー,東京都港区芝浦４,ＪＲ山手線「田町」徒歩12分,2006年10月,253000000.0,3LDK,104.6,15.26,東京,港,230,25300.0,798,ＪＲ山手線,田町,35.6400662,139.7460429
富久クロスコンフォートタワー,東京都新宿区富久町,東京メトロ丸ノ内線「新宿御苑前」徒歩5分,2015年4月,254000000.0,3LDK,76.29,4.13,東京,新宿,128,25400.0,1099,東京メトロ丸ノ内線,新宿御苑前,35.6934999,139.7147533
ＷＯＲＬＤ　ＴＯＷＥＲ　ＲＥＳＩＤＥＮＣＥ,東京都港区浜松町２,ＪＲ山手線「浜松町」徒歩2分,2024年11月,254000000.0,2LDK,55.46,10.71,東京,港,13,25400.0,1511,ＪＲ山手線,浜松町,35.6548149,139.7556247
富久クロスコンフォートタワー,東京都新宿区富久町15-1,東京メトロ丸ノ内線「新宿御苑前」徒歩5分,2015年4月,254000000.0,3LDK,76.29,4.13,東京,新宿,128,25400.0,1099,東京メトロ丸ノ内線,新宿御苑前,35.6919473,139.7139397
パークコート浜離宮ザ・タワー,東京都港区浜松町１,ＪＲ山手線「浜松町」徒歩5分,2019年2月,258000000.0,2LDK,55.07,14.1,東京,港,82,25800.0,1546,ＪＲ山手線,浜松町,35.658259,139.7556247
富久クロスコンフォートタワー,東京都新宿区富久町,東京メトロ丸ノ内線「新宿御苑前」徒歩7分,2015年4月,258000000.0,1LDK+S（納戸）,70.75,4.11,東京,新宿,128,25800.0,1203,東京メトロ丸ノ内線,新宿御苑前,35.6934999,139.7147533
ＷＯＲＬＤ　ＴＯＷＥＲ　ＲＥＳＩＤＥＮＣＥ,東京都港区浜松町２,ＪＲ山手線「浜松町」徒歩2分,2024年11月,258000000.0,1LDK,44.14,10.46,東京,港,13,25800.0,1929,ＪＲ山手線,浜松町,35.6548149,139.7556247
パークタワー芝浦ベイワードオーシャンウイング,東京都港区芝浦２,ＪＲ山手線「田町」徒歩9分,2005年5月,259800000.0,2LDK,94.04,15.61,東京,港,247,25980.0,912,ＪＲ山手線,田町,35.6446055,139.7530694
大崎ウエストシティタワーズ,東京都品川区大崎２-９－１,ＪＲ山手線「大崎」徒歩4分,2009年9月,259800000.0,3LDK,80.8,4.98,東京,品川,195,25980.0,1061,ＪＲ山手線,大崎,35.616749,139.7277886
パークタワー勝どきミッド,東京都中央区勝どき４,都営大江戸線「勝どき」徒歩1分,2023年8月,259800000.0,2LDK,71.32,9.19,東京,中央,28,25980.0,1202,都営大江戸線,勝どき,35.6572676,139.7760709
ＴＨＥ　ＴＯＷＥＲＳ　ＤＡＩＢＡ　ＥＡＳＴ,東京都港区台場２,新交通ゆりかもめ「お台場海浜公園」徒歩3分,2006年5月,259900000.0,3LDK,102.66,9.75,東京,港,235,25990.0,835,新交通ゆりかもめ,お台場海浜公園,35.6268958,139.7747928
ザ・タワー十条,東京都北区上十条２,ＪＲ埼京線「十条」徒歩1分,2024年10月,260000000.0,2LDK,97.63,20.07,東京,北,14,26000.0,879,ＪＲ埼京線,十条,35.7591353,139.7211376
勝どきザ・タワー,東京都中央区勝どき５,都営大江戸線「勝どき」徒歩7分,2016年11月,263000000.0,3LDK,87.0,9.53,東京,中央,109,26300.0,998,都営大江戸線,勝どき,35.657516,139.7709587
クロスエアタワー,東京都目黒区大橋１,東急田園都市線「池尻大橋」徒歩5分,2013年1月,265000000.0,2LDK,77.56,17.64,東京,目黒,155,26500.0,1128,東急田園都市線,池尻大橋,35.6510223,139.6882659
芝浦アイランドケープタワー,東京都港区芝浦４,ＪＲ山手線「田町」徒歩12分,2006年10月,265000000.0,2LDK+S（納戸）,104.6,15.26,東京,港,230,26500.0,836,ＪＲ山手線,田町,35.6400662,139.7460429
パークタワー勝どきミッド,東京都中央区勝どき４,都営大江戸線「勝どき」徒歩1分,2023年8月,265000000.0,2LDK,69.92,9.19,東京,中央,28,26500.0,1251,都営大江戸線,勝どき,35.6572676,139.7760709
プリズムタワー,東京都目黒区大橋１,東急田園都市線「池尻大橋」徒歩2分,2009年4月,265000000.0,2LDK,86.02,25.56,東京,目黒,200,26500.0,1017,東急田園都市線,池尻大橋,35.6510223,139.6882659
パークタワー勝どきミッド,東京都中央区勝どき４-６－２,都営大江戸線「勝どき」徒歩1分,2023年8月,265000000.0,2LDK,71.32,9.19,東京,中央,28,26500.0,1226,都営大江戸線,勝どき,35.6568843,139.7773367
プラウドタワー芝浦,東京都港区芝浦４,ＪＲ山手線「田町」徒歩11分,2023年1月,266800000.0,3LDK,83.09,14.45,東京,港,35,26680.0,1060,ＪＲ山手線,田町,35.6400662,139.7460429
【プラウドタワー芝浦 】売主様より直接売却のご依頼を…,東京都港区芝浦４,ＪＲ山手線「田町」徒歩11分,2023年1月,266800000.0,3LDK,83.09,14.45,東京,港,35,26680.0,1060,ＪＲ山手線,田町,35.6400662,139.7460429
ザ・レジデンス三田,東京都港区三田２,都営大江戸線「赤羽橋」徒歩6分,2014年11月,268000000.0,2LDK,71.42,7.82,東京,港,133,26800.0,1238,都営大江戸線,赤羽橋,35.6494981,139.7409333
ベイクレストタワー,東京都港区港南３,東京モノレール「天王洲アイル」徒歩13分,2005年8月,268000000.0,4LDK,149.88,36.3,東京,港,244,26800.0,590,東京モノレール,天王洲アイル,35.633247,139.7505142
クロスエアタワー,東京都目黒区大橋１,東急田園都市線「池尻大橋」徒歩5分,2013年1月,268000000.0,2LDK,77.56,17.64,東京,目黒,155,26800.0,1140,東急田園都市線,池尻大橋,35.6510223,139.6882659
マジェスタワー六本木,東京都港区六本木７,都営大江戸線「六本木」徒歩4分,2006年2月,268000000.0,1LDK,60.55,3.26,東京,港,238,26800.0,1461,都営大江戸線,六本木,35.6642047,139.7275226
ＨＡＲＵＭＩ　ＦＬＡＧ　ＰＡＲＫ　ＶＩＬＬＡＧＥ　Ｔ…,東京都中央区晴海５,都営大江戸線「勝どき」徒歩15分,2025年8月,269000000.0,3LDK,84.04,19.65,東京,中央,4,26900.0,1056,都営大江戸線,勝どき,35.6490356,139.7741538
シティタワー銀座東,東京都中央区湊２,ＪＲ京葉線「八丁堀」徒歩5分,2019年1月,269800000.0,3LDK,76.66,6.97,東京,中央,83,26980.0,1161,ＪＲ京葉線,八丁堀,35.6709568,139.780864
クロスエアタワー,東京都目黒区大橋１,東急田園都市線「池尻大橋」徒歩6分,2013年1月,269990000.0,3LDK,85.43,21.06,東京,目黒,155,26999.0,1043,東急田園都市線,池尻大橋,35.6510223,139.6882659
コートレジデントタワー,東京都文京区後楽１-4-11,ＪＲ総武線「水道橋」徒歩4分,2007年1月,274900000.0,3LDK,90.53,9.35,東京,文京,227,27490.0,1002,ＪＲ総武線,水道橋,35.7035508,139.750174
グランスイート麻布台ヒルトップタワー,東京都港区麻布台３,東京メトロ南北線「六本木一丁目」徒歩7分,2014年1月,275000000.0,2LDK,72.15,6.62,東京,港,143,27500.0,1258,東京メトロ南北線,六本木一丁目,35.6601113,139.7380593
芝浦アイランドグローヴタワー,東京都港区芝浦４,ＪＲ山手線「田町」徒歩8分,2006年11月,275000000.0,2LDK,84.92,7.32,東京,港,229,27500.0,1069,ＪＲ山手線,田町,35.6400662,139.7460429
芝浦アイランドケープタワー,東京都港区芝浦４,ＪＲ山手線「田町」徒歩12分,2006年10月,275800000.0,2LDK,102.3,11.49,東京,港,230,27580.0,890,ＪＲ山手線,田町,35.6400662,139.7460429
芝浦アイランドケープタワー,東京都港区芝浦４,ＪＲ山手線「田町」徒歩12分,2006年10月,275800000.0,2LDK,102.3,11.49,東京,港,230,27580.0,890,ＪＲ山手線,田町,35.6400662,139.7460429
パークタワー芝公園,東京都港区芝３,都営三田線「芝公園」徒歩4分,2012年10月,278000000.0,2LDK,55.32,6.48,東京,港,158,27800.0,1658,都営三田線,芝公園,35.6523773,139.7466817
パークタワー芝公園,東京都港区芝３,都営三田線「芝公園」徒歩4分,2012年10月,278000000.0,2LDK,55.32,6.48,東京,港,158,27800.0,1658,都営三田線,芝公園,35.6523773,139.7466817
プラウドタワー芝浦,東京都港区芝浦４,ＪＲ山手線「田町」徒歩11分,2023年1月,279000000.0,3LDK,82.29,20.78,東京,港,35,27900.0,1119,ＪＲ山手線,田町,35.6400662,139.7460429
パークコート赤坂ザ・タワー,東京都港区赤坂４,東京メトロ千代田線「赤坂」徒歩8分,2009年6月,279800000.0,2LDK,67.48,5.79,東京,港,198,27980.0,1368,東京メトロ千代田線,赤坂,35.6748007,139.7339083
ＧＬＯＢＡＬ　ＦＲＯＮＴ　ＴＯＷＥＲ,東京都港区芝浦１-6-41,ＪＲ山手線「田町」徒歩10分,2015年9月,279900000.0,3LDK+S（納戸）,70.18,11.84,東京,港,123,27990.0,1316,ＪＲ山手線,田町,35.6474871,139.7550651
グローバルフロントタワー,東京都港区芝浦１,都営三田線「三田」徒歩8分,2015年9月,279900000.0,3LDK+S（納戸）,70.18,11.84,東京,港,123,27990.0,1316,都営三田線,三田,35.6485621,139.754347
パークシティ中央湊ザ・タワー,東京都中央区湊２-15-14,東京メトロ日比谷線「八丁堀」徒歩6分,2017年11月,279900000.0,3LDK,72.49,18.1,東京,中央,97,27990.0,1274,東京メトロ日比谷線,八丁堀,35.6712196,139.7806244
ＧＬＯＢＡＬ　ＦＲＯＮＴ　ＴＯＷＥＲ,東京都港区芝浦１,ＪＲ山手線「田町」徒歩10分,2015年9月,279900000.0,3LDK+S（納戸）,70.18,11.84,東京,港,123,27990.0,1316,ＪＲ山手線,田町,35.6485621,139.754347
パークシティ中央湊ザタワー,東京都中央区湊２,ＪＲ京葉線「八丁堀」徒歩6分,2017年11月,279900000.0,3LDK,72.49,18.1,東京,中央,97,27990.0,1274,ＪＲ京葉線,八丁堀,35.6709568,139.780864
GLOBAL FRONT TOWER,東京都港区芝浦１,ＪＲ山手線「田町」徒歩10分,2015年9月,279900000.0,3LDK+S（納戸）,70.18,11.84,東京,港,123,27990.0,1316,ＪＲ山手線,田町,35.6485621,139.754347
ワテラスタワーレジデンス,東京都千代田区神田淡路町２,東京メトロ千代田線「新御茶ノ水」徒歩3分,2013年2月,285000000.0,1LDK+S（納戸）,67.38,0.0,東京,千代田,154,28500.0,1396,東京メトロ千代田線,新御茶ノ水,35.6971459,139.7674443
グランドメゾン白金の杜ザ・タワー,東京都港区白金６,東京メトロ南北線「白金台」徒歩11分,2015年5月,288000000.0,2LDK,72.42,15.5,東京,港,127,28800.0,1312,東京メトロ南北線,白金台,35.6431552,139.7236915
芝浦アイランドグローヴタワー,東京都港区芝浦４,ＪＲ山手線「田町」徒歩8分,2006年11月,289000000.0,3LDK,99.65,11.46,東京,港,229,28900.0,957,ＪＲ山手線,田町,35.6400662,139.7460429
パークコート虎ノ門愛宕タワー,東京都港区虎ノ門３,東京メトロ日比谷線「神谷町」徒歩4分,2008年4月,289000000.0,2LDK,71.17,14.02,東京,港,212,28900.0,1340,東京メトロ日比谷線,神谷町,35.6642718,139.747001
白金ザ・スカイ　東棟,東京都港区白金１,東京メトロ南北線「白金高輪」徒歩3分,2023年2月,289800000.0,2LDK,55.89,6.4,東京,港,34,28980.0,1711,東京メトロ南北線,白金高輪,35.6449583,139.7339083
ブランズタワー芝浦,東京都港区芝浦２,ＪＲ山手線「田町」徒歩8分,2021年8月,289800000.0,2LDK,81.1,14.27,東京,港,52,28980.0,1179,ＪＲ山手線,田町,35.6446055,139.7530694
ＴＨＥ　ＴＯＫＹＯ　ＴＯＷＥＲＳ　ＳＥＡ　ＴＯＷＥＲ,東京都中央区勝どき６,都営大江戸線「勝どき」徒歩6分,2008年1月,289800000.0,3LDK,110.23,6.99,東京,中央,215,28980.0,868,都営大江戸線,勝どき,35.6550953,139.7735148
ＴＨＥ　ＴＯＫＹＯ　ＴＯＷＥＲＳ　ＳＥＡ　ＴＯＷＥＲ,東京都中央区勝どき６,都営大江戸線「勝どき」徒歩6分,2008年1月,289800000.0,3LDK,110.23,6.99,東京,中央,215,28980.0,868,都営大江戸線,勝どき,35.6550953,139.7735148
芝浦アイランドケープタワー,東京都港区芝浦４-19-1,ＪＲ山手線「田町」徒歩12分,2006年10月,289900000.0,3LDK,104.6,15.26,東京,港,230,28990.0,915,ＪＲ山手線,田町,35.6371197,139.7502277
芝浦アイランド　ケープタワー,東京都港区芝浦４,ＪＲ山手線「田町」徒歩13分,2006年10月,290000000.0,2LDK,104.6,15.26,東京,港,230,29000.0,915,ＪＲ山手線,田町,35.6400662,139.7460429
【芝浦アイランドケープタワー・39階】三井デザインテ…,東京都港区芝浦４,ＪＲ山手線「田町」徒歩12分,2006年10月,290000000.0,2LDK,104.6,15.26,東京,港,230,29000.0,915,ＪＲ山手線,田町,35.6400662,139.7460429
パークコート赤坂ザタワー,東京都港区赤坂４,東京メトロ千代田線「赤坂」徒歩8分,2009年6月,290000000.0,2LDK,68.61,5.79,東京,港,198,29000.0,1395,東京メトロ千代田線,赤坂,35.6748007,139.7339083
白金タワー,東京都港区白金１,都営三田線「白金高輪」徒歩1分,2005年9月,292000000.0,1LDK+S（納戸）,75.95,7.95,東京,港,243,29200.0,1269,都営三田線,白金高輪,35.6449583,139.7339083
白金タワー,東京都港区白金１,東京メトロ南北線「白金高輪」徒歩1分,2005年9月,292000000.0,1LDK+S（納戸）,75.95,7.95,東京,港,243,29200.0,1269,東京メトロ南北線,白金高輪,35.6449583,139.7339083
シティタワー麻布十番,東京都港区三田１,東京メトロ南北線「麻布十番」徒歩5分,2009年6月,293000000.0,1LDK,55.7,5.52,東京,港,198,29300.0,1736,東京メトロ南北線,麻布十番,35.6537721,139.741572
シティタワー麻布十番,東京都港区三田１,東京メトロ南北線「麻布十番」徒歩5分,2009年6月,295000000.0,1LDK,55.7,5.52,東京,港,198,29500.0,1748,東京メトロ南北線,麻布十番,35.6537721,139.741572
シティタワー麻布十番,東京都港区三田１,東京メトロ南北線「麻布十番」徒歩5分,2009年6月,295000000.0,1LDK,55.7,5.52,東京,港,198,29500.0,1748,東京メトロ南北線,麻布十番,35.6537721,139.741572
シティタワー麻布十番,東京都港区三田１,東京メトロ南北線「麻布十番」徒歩5分,2009年6月,295000000.0,1LDK,55.7,5.52,東京,港,198,29500.0,1748,東京メトロ南北線,麻布十番,35.6537721,139.741572
シティタワー麻布十番,東京都港区三田１,東京メトロ南北線「麻布十番」徒歩4分,2009年6月,296000000.0,2LDK,59.17,6.0,東京,港,198,29600.0,1651,東京メトロ南北線,麻布十番,35.6537721,139.741572
【VECS】　ブランズタワー豊洲　２３階　PROJE…,東京都江東区豊洲５,東京メトロ有楽町線「豊洲」徒歩8分,2021年10月,298000000.0,2LDK,85.57,39.07,東京,江東,50,29800.0,1149,東京メトロ有楽町線,豊洲,35.6505285,139.7965242
グランドメゾン白金の杜ザ・タワー,東京都港区白金６,東京メトロ南北線「白金台」徒歩10分,2015年5月,298000000.0,2LDK+S（納戸）,70.96,19.72,東京,港,127,29800.0,1386,東京メトロ南北線,白金台,35.6431552,139.7236915
ブランズタワー豊洲,東京都江東区豊洲５-1-13,東京メトロ有楽町線「豊洲」徒歩5分,2021年10月,298000000.0,3LDK,85.57,39.07,東京,江東,50,29800.0,1149,東京メトロ有楽町線,豊洲,35.6520776,139.7941746
ＨＡＲＵＭＩ　ＦＬＡＧ　ＳＵＮ　ＶＩＬＬＡＧＥ　Ｔ棟,東京都中央区晴海５,都営大江戸線「勝どき」徒歩14分,2025年8月,298000000.0,2LDK,87.24,19.27,東京,中央,4,29800.0,1127,都営大江戸線,勝どき,35.6490356,139.7741538
ザ・パークハウス西麻布レジデンス,東京都港区西麻布４,東京メトロ日比谷線「広尾」徒歩6分,2014年5月,298000000.0,2LDK,79.34,7.88,東京,港,139,29800.0,1239,東京メトロ日比谷線,広尾,35.6581991,139.7211376
ドゥ・トゥール　WEST,東京都中央区晴海３,都営大江戸線「勝どき」徒歩5分,2015年9月,298000000.0,3LDK,100.9,7.15,東京,中央,123,29800.0,975,都営大江戸線,勝どき,35.6548467,139.7786272
パークコート虎ノ門愛宕タワー,東京都港区虎ノ門３,東京メトロ日比谷線「神谷町」徒歩4分,2008年4月,298000000.0,2LDK,64.16,13.85,東京,港,212,29800.0,1533,東京メトロ日比谷線,神谷町,35.6642718,139.747001
レグノ・セレーノ,東京都新宿区北新宿３,ＪＲ総武線「大久保」徒歩3分,2008年4月,298000000.0,2LDK,151.12,0.0,東京,新宿,212,29800.0,651,ＪＲ総武線,大久保,35.7032517,139.6904993
シティタワー新宿,東京都新宿区西新宿５,東京メトロ丸ノ内線「西新宿」徒歩8分,2023年2月,298000000.0,3LDK,83.79,23.36,東京,新宿,34,29800.0,1174,東京メトロ丸ノ内線,西新宿,35.6948318,139.6866706
パークタワー芝浦ベイワードオーシャンウィング,東京都港区芝浦２-7-11,ＪＲ山手線「田町」徒歩8分,2005年5月,298000000.0,3LDK,112.37,16.49,東京,港,247,29800.0,875,ＪＲ山手線,田町,35.6438969,139.7539068
ブランズタワー豊洲,東京都江東区豊洲５,東京メトロ有楽町線「豊洲」徒歩4分,2021年10月,298000000.0,2LDK,83.54,37.93,東京,江東,50,29800.0,1177,東京メトロ有楽町線,豊洲,35.6505285,139.7965242
プラウドタワー芝浦,東京都港区芝浦４,ＪＲ山手線「田町」徒歩11分,2023年1月,298800000.0,3LDK,82.29,20.78,東京,港,35,29880.0,1198,ＪＲ山手線,田町,35.6400662,139.7460429
富久クロスコンフォートタワー,東京都新宿区富久町,東京メトロ丸ノ内線「新宿御苑前」徒歩7分,2015年4月,299000000.0,3LDK,78.36,14.95,東京,新宿,128,29900.0,1259,東京メトロ丸ノ内線,新宿御苑前,35.6934999,139.7147533
ワールドタワーレジデンス,東京都港区浜松町２,ＪＲ京浜東北線「浜松町」徒歩2分,2024年11月,299000000.0,2LDK,57.13,11.31,東京,港,13,29900.0,1727,ＪＲ京浜東北線,浜松町,35.6548149,139.7556247
パークシティ中央湊ザタワー,東京都中央区湊２,ＪＲ京葉線「八丁堀」徒歩6分,2017年11月,299400000.0,3LDK,72.49,0.0,東京,中央,97,29940.0,1363,ＪＲ京葉線,八丁堀,35.6709568,139.780864
グランドヒルズ恵比寿（専有トランクルーム付）◆恵比寿…,東京都渋谷区恵比寿１,ＪＲ山手線「恵比寿」徒歩8分,2019年3月,299800000.0,2LDK,79.23,9.4,東京,渋谷,81,29980.0,1249,ＪＲ山手線,恵比寿,35.64709,139.7134765
シティタワーズ豊洲ザ・ツインノースタワー,東京都江東区豊洲３,東京メトロ有楽町線「豊洲」徒歩5分,2009年2月,299800000.0,2LDK,107.7,7.39,東京,江東,202,29980.0,919,東京メトロ有楽町線,豊洲,35.6585681,139.7965242
Brillia Tower上野池之端,東京都台東区池之端１-4-33,東京メトロ千代田線「湯島」徒歩5分,2019年2月,299900000.0,3LDK,78.56,18.75,東京,台東,82,29990.0,1260,東京メトロ千代田線,湯島,35.7110713,139.7683577
ブリリアザ・タワー東京八重洲アベニュー,東京都中央区新川２-10-1,ＪＲ京葉線「八丁堀」徒歩1分,2017年9月,299900000.0,3LDK,75.06,15.9,東京,中央,99,29990.0,1319,ＪＲ京葉線,八丁堀,35.6751419,139.7808069
カテリーナ三田タワースイート Ｅ,東京都港区芝４,ＪＲ山手線「田町」徒歩5分,2006年8月,300000000.0,2LDK,70.31,7.08,東京,港,232,30000.0,1408,ＪＲ山手線,田町,35.6481737,139.7505142
コンシェリア西新宿TOWER’S　WEST,東京都新宿区西新宿６-20-7,都営大江戸線「西新宿五丁目」徒歩6分,2008年1月,300000000.0,3LDK,106.96,18.72,東京,新宿,215,30000.0,926,都営大江戸線,西新宿五丁目,35.6926014,139.6874204
ベイサイドタワー晴海,東京都中央区晴海３,都営大江戸線「勝どき」徒歩7分,2015年10月,305800000.0,2LDK,72.4,11.28,東京,中央,122,30580.0,1394,都営大江戸線,勝どき,35.6548467,139.7786272
白金ザ・スカイＥ棟,東京都港区白金１-2-1,東京メトロ南北線「白金高輪」徒歩3分,2023年2月,308000000.0,2LDK,68.03,7.4,東京,港,34,30800.0,1494,東京メトロ南北線,白金高輪,35.6460844,139.7351057
ＣＡＰＩＴＡＬ　ＧＡＴＥ　ＰＬＡＣＥ　ＴＨＥ　ＴＯＷ…,東京都中央区月島１,東京メトロ有楽町線「月島」徒歩1分,2015年7月,308000000.0,3LDK,75.89,13.7,東京,中央,125,30800.0,1339,東京メトロ有楽町線,月島,35.6644207,139.7824618
パークタワー芝公園×16階角部屋×売主物件(フルリフ…,東京都港区芝３-１２－４,都営大江戸線「赤羽橋」徒歩5分,2012年12月,310000000.0,2LDK+S（納戸）,71.14,5.46,東京,港,156,31000.0,1438,都営大江戸線,赤羽橋,35.652967,139.7462499
芝浦アイランドグローヴタワー,東京都港区芝浦４,ＪＲ山手線「田町」徒歩8分,2006年11月,313800000.0,3LDK,99.65,11.46,東京,港,229,31380.0,1039,ＪＲ山手線,田町,35.6400662,139.7460429
勝どきザ・タワー,東京都中央区勝どき５,都営大江戸線「勝どき」徒歩6分,2016年11月,318000000.0,2LDK+S（納戸）,100.05,12.13,東京,中央,109,31800.0,1049,都営大江戸線,勝どき,35.657516,139.7709587
勝どきザ・タワー,東京都中央区勝どき５-3-1,都営大江戸線「勝どき」徒歩8分,2016年11月,318000000.0,2LDK+S（納戸）,100.05,0.0,東京,中央,109,31800.0,1049,都営大江戸線,勝どき,35.65665329999999,139.7725581
恵比寿ガーデンテラス壱番館,東京都目黒区三田１,ＪＲ山手線「恵比寿」徒歩10分,1994年7月,318000000.0,2LDK,84.62,27.57,東京,目黒,377,31800.0,1240,ＪＲ山手線,恵比寿,35.6407158,139.7147533
ザ・レジデンス三田,東京都港区三田２,ＪＲ山手線「田町」徒歩13分,2014年11月,319800000.0,2LDK,76.94,6.8,東京,港,133,31980.0,1372,ＪＲ山手線,田町,35.6494981,139.7409333
代官山アドレス,東京都渋谷区代官山町,東急東横線「代官山」徒歩1分,2000年8月,319900000.0,2LDK,73.84,15.58,東京,渋谷,304,31990.0,1430,東急東横線,代官山,35.6505465,139.7042207
白金タワー タワー棟,東京都港区白金１,東京メトロ南北線「白金高輪」徒歩1分,2005年9月,320000000.0,2LDK,82.4,11.5,東京,港,243,32000.0,1282,東京メトロ南北線,白金高輪,35.6449583,139.7339083
クラッシィタワー新宿御苑,東京都新宿区四谷４,東京メトロ丸ノ内線「新宿御苑前」徒歩6分,2024年10月,320000000.0,2LDK,74.92,6.5,東京,新宿,14,32000.0,1410,東京メトロ丸ノ内線,新宿御苑前,35.6894241,139.7160301
富久クロスコンフォートタワー,東京都新宿区富久町15-1,東京メトロ丸ノ内線「新宿御苑前」徒歩7分,2015年4月,321900000.0,3LDK,81.79,8.92,東京,新宿,128,32190.0,1299,東京メトロ丸ノ内線,新宿御苑前,35.6919473,139.7139397
パークシティ中央湊ザ・タワー,東京都中央区湊２-15-14,東京メトロ日比谷線「八丁堀」徒歩6分,2017年11月,324900000.0,3LDK,77.03,19.0,東京,中央,97,32490.0,1392,東京メトロ日比谷線,八丁堀,35.6712196,139.7806244
DEUX　TOURS (ドゥ・トゥール) ウエスト,東京都中央区晴海３,都営大江戸線「勝どき」徒歩5分,2015年9月,325000000.0,3LDK,100.9,7.15,東京,中央,123,32500.0,1063,都営大江戸線,勝どき,35.6548467,139.7786272
ローレルタワー ルネ浜松町,東京都港区海岸２,ＪＲ山手線「浜松町」徒歩10分,2020年1月,328000000.0,1LDK+S（納戸）,87.94,6.0,東京,港,71,32800.0,1231,ＪＲ山手線,浜松町,35.6501388,139.7589234
東京パークタワー,東京都千代田区神田神保町１-１０３,都営三田線「神保町」徒歩1分,2003年1月,328000000.0,2LDK,86.3,22.3,東京,千代田,275,32800.0,1254,都営三田線,神保町,35.6942062,139.7592182
パークシティ武蔵小山ザタワー,東京都品川区小山３,東急目黒線「武蔵小山」徒歩1分,2019年12月,328000000.0,2LDK,83.39,13.6,東京,品川,72,32800.0,1298,東急目黒線,武蔵小山,35.6205453,139.7045399
【VECS】東京パークタワー　21階　◎角住戸　◎神…,東京都千代田区神田神保町１,都営三田線「神保町」徒歩1分,2003年1月,328000000.0,2LDK,86.3,22.3,東京,千代田,275,32800.0,1254,都営三田線,神保町,35.6953781,139.7594578
グランドメゾン白金の杜ザ・タワー,東京都港区白金６,都営三田線「白金台」徒歩10分,2015年5月,328000000.0,3LDK,83.03,17.28,東京,港,127,32800.0,1304,都営三田線,白金台,35.6431552,139.7236915
東京パークタワー,東京都千代田区神田神保町１,東京メトロ半蔵門線「神保町」徒歩1分,2003年1月,328000000.0,2LDK,86.3,22.3,東京,千代田,275,32800.0,1254,東京メトロ半蔵門線,神保町,35.6953781,139.7594578
ブランズタワー芝浦,東京都港区芝浦２,ＪＲ山手線「田町」徒歩9分,2021年8月,328000000.0,3LDK,80.07,14.26,東京,港,52,32800.0,1352,ＪＲ山手線,田町,35.6446055,139.7530694
パークタワー西新宿,東京都新宿区西新宿５-6-1,都営大江戸線「西新宿五丁目」徒歩6分,2024年11月,328880000.0,3LDK,90.99,19.11,東京,新宿,13,32888.0,1193,都営大江戸線,西新宿五丁目,35.6932238,139.6866502
パークコート浜離宮ザタワー,東京都港区浜松町１,ＪＲ山手線「浜松町」徒歩5分,2019年2月,329000000.0,2LDK,64.01,15.01,東京,港,82,32900.0,1696,ＪＲ山手線,浜松町,35.658259,139.7556247
ブランズタワー豊洲,東京都江東区豊洲５,東京メトロ有楽町線「豊洲」徒歩4分,2021年10月,329800000.0,3LDK,101.92,10.1,東京,江東,50,32980.0,1068,東京メトロ有楽町線,豊洲,35.6505285,139.7965242
コスモポリス品川,東京都港区港南３,ＪＲ山手線「品川」徒歩11分,2005年2月,329800000.0,3LDK,113.88,19.32,東京,港,250,32980.0,956,ＪＲ山手線,品川,35.633247,139.7505142
シティタワー武蔵小山,東京都品川区小山３,東急目黒線「武蔵小山」徒歩2分,2021年4月,330000000.0,3LDK,88.95,20.79,東京,品川,56,33000.0,1224,東急目黒線,武蔵小山,35.6205453,139.7045399
ワールドシティタワーズキャピタルタワー,東京都港区港南４,ＪＲ山手線「品川」徒歩14分,2006年10月,335000000.0,2LDK,100.72,15.26,東京,港,230,33500.0,1098,ＪＲ山手線,品川,35.6273113,139.7485979
グランドメゾン白金の杜ザ・タワー,東京都港区白金６,東京メトロ南北線「白金台」徒歩10分,2015年5月,338000000.0,3LDK,80.32,20.47,東京,港,127,33800.0,1389,東京メトロ南北線,白金台,35.6431552,139.7236915
白金ザ・スカイ 西棟,東京都港区白金１,東京メトロ南北線「白金高輪」徒歩3分,2023年2月,338000000.0,3LDK,70.54,11.8,東京,港,34,33800.0,1581,東京メトロ南北線,白金高輪,35.6449583,139.7339083
ワテラスタワーレジデンス,東京都千代田区神田淡路町２,東京メトロ千代田線「新御茶ノ水」徒歩3分,2013年2月,339800000.0,2LDK,81.58,10.31,東京,千代田,154,33980.0,1375,東京メトロ千代田線,新御茶ノ水,35.6971459,139.7674443
パークタワーグランスカイ,東京都品川区東五反田２,ＪＲ山手線「大崎」徒歩6分,2010年6月,345000000.0,3LDK,81.72,13.77,東京,品川,186,34500.0,1393,ＪＲ山手線,大崎,35.6233916,139.7287997
クラッシィタワー新宿御苑,東京都新宿区四谷４,東京メトロ丸ノ内線「新宿御苑前」徒歩4分,2024年11月,346000000.0,3LDK,79.14,14.91,東京,新宿,13,34600.0,1443,東京メトロ丸ノ内線,新宿御苑前,35.6894241,139.7160301
恵比寿ガーデンテラス壱番館,東京都目黒区三田１,ＪＲ山手線「恵比寿」徒歩10分,1994年7月,348000000.0,2LDK+S（納戸）,84.22,18.48,東京,目黒,377,34800.0,1364,ＪＲ山手線,恵比寿,35.6407158,139.7147533
恵比寿ガーデンテラス壱番館,東京都目黒区三田１,ＪＲ埼京線「恵比寿」徒歩10分,1994年7月,348000000.0,2LDK+S（納戸）,84.22,18.48,東京,目黒,377,34800.0,1364,ＪＲ埼京線,恵比寿,35.6407158,139.7147533
白金タワー,東京都港区白金１,東京メトロ南北線「白金高輪」徒歩1分,2005年9月,348000000.0,2LDK,93.57,7.38,東京,港,243,34800.0,1227,東京メトロ南北線,白金高輪,35.6449583,139.7339083
東京レジデンス,東京都千代田区飯田橋２,東京メトロ東西線「九段下」徒歩4分,2003年2月,349800000.0,2LDK,85.82,20.87,東京,千代田,274,34980.0,1345,東京メトロ東西線,九段下,35.6990911,139.7508336
ブリリアザ・タワー東京八重洲アベニュー,東京都中央区新川２,ＪＲ京葉線「八丁堀」徒歩1分,2017年9月,350000000.0,2LDK+S（納戸）,72.85,10.33,東京,中央,99,35000.0,1585,ＪＲ京葉線,八丁堀,35.6736061,139.7824618
プラウドタワー千代田富士見,東京都千代田区富士見２,ＪＲ中央線「飯田橋」徒歩1分,2009年2月,354000000.0,2LDK+S（納戸）,85.08,4.47,東京,千代田,202,35400.0,1373,ＪＲ中央線,飯田橋,35.6978957,139.7428494
白金ザ・スカイE棟,東京都港区白金１,都営三田線「白金高輪」徒歩3分,2023年2月,358000000.0,2LDK,71.81,7.0,東京,港,34,35800.0,1645,都営三田線,白金高輪,35.6449583,139.7339083
ワールドタワーレジデンス,東京都港区浜松町２,ＪＲ山手線「浜松町」徒歩2分,2024年11月,358000000.0,2LDK+2S（納戸）,70.74,14.78,東京,港,13,35800.0,1670,ＪＲ山手線,浜松町,35.6548149,139.7556247
白金ザスカイＥ棟,東京都港区白金１,東京メトロ南北線「白金高輪」徒歩3分,2023年2月,358000000.0,2LDK,71.81,7.0,東京,港,34,35800.0,1645,東京メトロ南北線,白金高輪,35.6449583,139.7339083
白金ザ・スカイ E棟,東京都港区白金１,東京メトロ南北線「白金高輪」徒歩3分,2023年2月,358000000.0,2LDK,71.81,7.0,東京,港,34,35800.0,1645,東京メトロ南北線,白金高輪,35.6449583,139.7339083
パークコート赤坂ザタワー,東京都港区赤坂４,東京メトロ千代田線「赤坂」徒歩8分,2009年6月,358000000.0,2LDK,84.22,5.92,東京,港,198,35800.0,1403,東京メトロ千代田線,赤坂,35.6748007,139.7339083
白金ザ・スカイ,東京都港区白金１,東京メトロ南北線「白金高輪」徒歩4分,2023年2月,358000000.0,2LDK,76.0,7.0,東京,港,34,35800.0,1554,東京メトロ南北線,白金高輪,35.6449583,139.7339083
シティタワー武蔵小山,東京都品川区小山３,東急目黒線「武蔵小山」徒歩2分,2021年4月,358000000.0,3LDK,88.95,20.79,東京,品川,56,35800.0,1328,東急目黒線,武蔵小山,35.6205453,139.7045399
ザパークハウス白金2丁目タワー,東京都港区白金２,東京メトロ南北線「白金台」徒歩5分,2018年7月,359900000.0,2LDK,70.92,12.59,東京,港,89,35990.0,1675,東京メトロ南北線,白金台,35.6416377,139.7313539
THE　TOKYO TOWERS SEA TOWER,東京都中央区勝どき６,都営大江戸線「勝どき」徒歩5分,2008年1月,360000000.0,3LDK+S（納戸）,113.72,11.23,東京,中央,215,36000.0,1045,都営大江戸線,勝どき,35.6550953,139.7735148
ブリリアタワー東京,東京都墨田区太平４-１－１,ＪＲ総武線快速「錦糸町」徒歩7分,2006年2月,365000000.0,2LDK+S（納戸）,134.55,29.1,東京,墨田,238,36500.0,895,ＪＲ総武線快速,錦糸町,35.7001105,139.8162113
[VECS]パークタワー勝どきサウス　PROJECT…,東京都中央区勝どき４,都営大江戸線「勝どき」徒歩2分,2023年8月,368000000.0,3LDK,87.05,12.0,東京,中央,28,36800.0,1395,都営大江戸線,勝どき,35.6572676,139.7760709
パークコート赤坂ザ・タワー,東京都港区赤坂４,東京メトロ千代田線「赤坂」徒歩8分,2009年6月,369900000.0,2LDK,77.26,11.62,東京,港,198,36990.0,1580,東京メトロ千代田線,赤坂,35.6748007,139.7339083
ザ・パークハウス白金二丁目タワー,東京都港区白金２,都営三田線「白金台」徒歩5分,2018年7月,370000000.0,2LDK,75.87,12.24,東京,港,89,37000.0,1609,都営三田線,白金台,35.6416377,139.7313539
ドゥ・トゥール,東京都中央区晴海３,都営大江戸線「勝どき」徒歩5分,2015年9月,370000000.0,2LDK,103.97,6.14,東京,中央,123,37000.0,1174,都営大江戸線,勝どき,35.6548467,139.7786272
パークタワー勝どきミッド,東京都中央区勝どき４,都営大江戸線「勝どき」徒歩1分,2023年8月,378000000.0,3LDK,102.21,15.82,東京,中央,28,37800.0,1220,都営大江戸線,勝どき,35.6572676,139.7760709
白金タワー　テラス棟,東京都港区白金１,都営三田線「白金高輪」徒歩1分,2005年9月,379800000.0,2LDK,91.62,8.41,東京,港,243,37980.0,1368,都営三田線,白金高輪,35.6449583,139.7339083
東京ツインパークスライトウイング,東京都港区東新橋１-10-2,都営大江戸線「汐留」徒歩3分,2002年9月,379900000.0,2LDK+S（納戸）,93.04,8.06,東京,港,279,37990.0,1347,都営大江戸線,汐留,35.6634666,139.760516
ザ・レジデンス三田,東京都港区三田２,都営大江戸線「赤羽橋」徒歩6分,2014年11月,382000000.0,3LDK,85.51,6.8,東京,港,133,38200.0,1474,都営大江戸線,赤羽橋,35.6494981,139.7409333
WORLD TOWER RESIDENCE,東京都港区浜松町２,ＪＲ山手線「浜松町」徒歩2分,2024年11月,385000000.0,2LDK,56.68,11.63,東京,港,13,38500.0,2242,ＪＲ山手線,浜松町,35.6548149,139.7556247
パークコート虎ノ門,東京都港区虎ノ門４,東京メトロ日比谷線「神谷町」徒歩4分,2021年11月,385000000.0,2LDK,66.51,7.76,東京,港,49,38500.0,1910,東京メトロ日比谷線,神谷町,35.6651277,139.7441268
ワールドタワーレジデンス,東京都港区浜松町２,ＪＲ山手線「浜松町」徒歩2分,2024年11月,385000000.0,2LDK,56.68,11.63,東京,港,13,38500.0,2242,ＪＲ山手線,浜松町,35.6548149,139.7556247
クレストプライムタワー芝,東京都港区芝１,ＪＲ山手線「浜松町」徒歩6分,2007年8月,395000000.0,2LDK,102.39,16.0,東京,港,220,39500.0,1273,ＪＲ山手線,浜松町,35.65127349999999,139.7546664
クレストプライムタワー芝,東京都港区芝１,ＪＲ山手線「浜松町」徒歩6分,2007年8月,395000000.0,2LDK,86.91,10.7,東京,港,220,39500.0,1500,ＪＲ山手線,浜松町,35.65127349999999,139.7546664
ザ・パークハウス西麻布レジデンス,東京都港区西麻布４,東京メトロ日比谷線「広尾」徒歩6分,2014年4月,398000000.0,2LDK,85.87,0.0,東京,港,140,39800.0,1530,東京メトロ日比谷線,広尾,35.6581991,139.7211376
プラウドタワー渋谷　角住戸,東京都渋谷区渋谷３,東京メトロ半蔵門線「渋谷」徒歩5分,2025年3月,398000000.0,2LDK,70.39,10.98,東京,渋谷,9,39800.0,1866,東京メトロ半蔵門線,渋谷,35.6566382,139.7058165
BrilliaTower浜離宮,東京都港区海岸１,新交通ゆりかもめ「竹芝」徒歩2分,2023年9月,398000000.0,2LDK,80.17,22.05,東京,港,27,39800.0,1638,新交通ゆりかもめ,竹芝,35.6553975,139.7613745
ザパークハウス西麻布レジデンス,東京都港区西麻布４,東京メトロ日比谷線「広尾」徒歩6分,2014年5月,398000000.0,3LDK,85.87,4.72,東京,港,139,39800.0,1530,東京メトロ日比谷線,広尾,35.6581991,139.7211376
グランドメゾン恵比寿の杜,東京都渋谷区恵比寿４,ＪＲ山手線「恵比寿」徒歩7分,2003年11月,398000000.0,2LDK,86.0,12.81,東京,渋谷,265,39800.0,1527,ＪＲ山手線,恵比寿,35.6447945,139.7134765
シティタワー麻布十番,東京都港区三田１,東京メトロ南北線「麻布十番」徒歩4分,2009年6月,398000000.0,2LDK,64.91,5.52,東京,港,198,39800.0,2023,東京メトロ南北線,麻布十番,35.6537721,139.741572
虎ノ門タワーズレジデンス,東京都港区虎ノ門４,東京メトロ日比谷線「神谷町」徒歩5分,2006年7月,398000000.0,1LDK,76.0,9.63,東京,港,233,39800.0,1728,東京メトロ日比谷線,神谷町,35.6651277,139.7441268
白金タワー,東京都港区白金１-17-1,東京メトロ南北線「白金高輪」徒歩1分,2005年9月,398800000.0,3LDK,101.33,6.85,東京,港,243,39880.0,1299,東京メトロ南北線,白金高輪,35.6445831,139.7334674
白金タワー タワー棟,東京都港区白金１,東京メトロ南北線「白金高輪」徒歩1分,2005年9月,399800000.0,3LDK,101.33,6.85,東京,港,243,39980.0,1302,東京メトロ南北線,白金高輪,35.6449583,139.7339083
シティタワー麻布十番,東京都港区三田１,都営大江戸線「麻布十番」徒歩4分,2009年6月,418000000.0,2LDK,75.18,6.0,東京,港,198,41800.0,1835,都営大江戸線,麻布十番,35.6537721,139.741572
シティタワー麻布十番,東京都港区三田１,都営大江戸線「麻布十番」徒歩4分,2009年6月,418000000.0,2LDK,75.18,6.0,東京,港,198,41800.0,1835,都営大江戸線,麻布十番,35.6537721,139.741572
GRAND MARINA TOKYO パークタワー勝…,東京都中央区勝どき４,都営大江戸線「勝どき」徒歩7分,2023年8月,420000000.0,3LDK,83.22,8.8,東京,中央,28,42000.0,1665,都営大江戸線,勝どき,35.6572676,139.7760709
シティタワー麻布十番,東京都港区三田１,都営大江戸線「麻布十番」徒歩5分,2009年6月,420000000.0,2LDK,75.17,1.0,東京,港,198,42000.0,1844,都営大江戸線,麻布十番,35.6537721,139.741572
クレストプライムタワー芝,東京都港区芝１,ＪＲ山手線「浜松町」徒歩6分,2007年8月,425000000.0,3LDK,100.61,13.7,東京,港,220,42500.0,1394,ＪＲ山手線,浜松町,35.65127349999999,139.7546664
ブランズタワー豊洲,東京都江東区豊洲５,東京メトロ有楽町線「豊洲」徒歩5分,2021年10月,428000000.0,2LDK,92.25,19.03,東京,江東,50,42800.0,1531,東京メトロ有楽町線,豊洲,35.6505285,139.7965242
パークコート千代田富士見ザ　タワー,東京都千代田区富士見２,ＪＲ中央線「飯田橋」徒歩3分,2014年3月,428000000.0,2LDK,71.82,16.83,東京,千代田,141,42800.0,1967,ＪＲ中央線,飯田橋,35.6978957,139.7428494
シティタワー麻布十番,東京都港区三田１,東京メトロ南北線「麻布十番」徒歩5分,2009年6月,428000000.0,2LDK,80.3,5.52,東京,港,198,42800.0,1759,東京メトロ南北線,麻布十番,35.6537721,139.741572
なかのサンクォーレ,東京都中野区中野４,ＪＲ中央線「中野」徒歩5分,1994年11月,428000000.0,4LDK,188.42,1.0,東京,中野,373,42800.0,750,ＪＲ中央線,中野,35.7071823,139.6617903
シティタワー麻布十番｜新規リノベーション,東京都港区三田１-6-3,東京メトロ南北線「麻布十番」徒歩5分,2009年6月,429800000.0,2LDK,78.12,0.0,東京,港,198,42980.0,1816,東京メトロ南北線,麻布十番,35.6541969,139.740574
パークタワー晴海,東京都中央区晴海２-2-42,東京メトロ有楽町線「月島」徒歩11分,2019年2月,438000000.0,4LDK,95.43,22.79,東京,中央,82,43800.0,1515,東京メトロ有楽町線,月島,35.6569192,139.7867489
白金ザ・スカイ　 イースト棟,東京都港区白金１,東京メトロ南北線「白金高輪」徒歩3分,2023年2月,438000000.0,3LDK,80.82,11.2,東京,港,34,43800.0,1788,東京メトロ南北線,白金高輪,35.6449583,139.7339083
六本木ヒルズレジデンス,東京都港区六本木６,東京メトロ日比谷線「六本木」徒歩6分,2003年4月,447800000.0,1LDK+S（納戸）,64.56,11.0,東京,港,272,44780.0,2289,東京メトロ日比谷線,六本木,35.6606389,139.7300768
パークタワー勝どきサウス,東京都中央区勝どき４,都営大江戸線「勝どき」徒歩2分,2023年8月,448000000.0,2LDK+S（納戸）,93.01,15.18,東京,中央,28,44800.0,1590,都営大江戸線,勝どき,35.6572676,139.7760709
パークコート神宮北参道ザタワー,東京都渋谷区千駄ヶ谷４,東京メトロ副都心線「北参道」徒歩1分,2023年1月,448000000.0,3LDK+S（納戸）,90.57,7.36,東京,渋谷,35,44800.0,1632,東京メトロ副都心線,北参道,35.6791468,139.709008
クレストプライムタワー芝,東京都港区芝１-2-1,ＪＲ山手線「浜松町」徒歩6分,2007年8月,448000000.0,3LDK,100.61,10.83,東京,港,220,44800.0,1469,ＪＲ山手線,浜松町,35.6526383,139.7557165
ドゥ・トゥール　ＷＥＳＴ,東京都中央区晴海３,都営大江戸線「勝どき」徒歩5分,2015年10月,448000000.0,2LDK,100.02,6.4,東京,中央,122,44800.0,1478,都営大江戸線,勝どき,35.6548467,139.7786272
パークコート千代田富士見ザ　タワー,東京都千代田区富士見２,ＪＲ中央線「飯田橋」徒歩3分,2014年3月,450000000.0,2LDK,71.82,17.66,東京,千代田,141,45000.0,2068,ＪＲ中央線,飯田橋,35.6978957,139.7428494
ブランズタワー芝浦,東京都港区芝浦２,ＪＲ山手線「田町」徒歩8分,2021年8月,458000000.0,3LDK,103.11,22.34,東京,港,52,45800.0,1466,ＪＲ山手線,田町,35.6446055,139.7530694
ザ・パークハウス高輪タワー,東京都港区高輪１,東京メトロ南北線「白金高輪」徒歩2分,2021年10月,458000000.0,2LDK,95.64,13.95,東京,港,50,45800.0,1580,東京メトロ南北線,白金高輪,35.6403663,139.7339083
ブランズタワー芝浦,東京都港区芝浦２-9-1,ＪＲ山手線「田町」徒歩8分,2021年8月,458000000.0,3LDK,103.11,22.34,東京,港,52,45800.0,1466,ＪＲ山手線,田町,35.6435355,139.7530128
六本木ヒルズレジデンス B棟,東京都港区六本木６,東京メトロ日比谷線「六本木」徒歩6分,2003年4月,467000000.0,1LDK+S（納戸）,64.56,11.0,東京,港,272,46700.0,2387,東京メトロ日比谷線,六本木,35.6606389,139.7300768
TOKYO　TIMES　TOWER～南東向き角部屋～,東京都千代田区外神田４,東京メトロ銀座線「末広町」徒歩2分,2004年9月,468000000.0,3LDK,118.0,17.75,東京,千代田,255,46800.0,1309,東京メトロ銀座線,末広町,35.7005017,139.7722367
パークタワー勝どきサウス,東京都中央区勝どき４-6-1,都営大江戸線「勝どき」徒歩2分,2023年8月,468000000.0,2LDK,103.28,16.63,東京,中央,28,46800.0,1495,都営大江戸線,勝どき,35.6564849,139.7760915
ザ・クレストタワー,東京都中央区佃２,都営大江戸線「月島」徒歩3分,2004年9月,470000000.0,3LDK,135.24,24.0,東京,中央,255,47000.0,1147,都営大江戸線,月島,35.6682531,139.7862967
シティタワー麻布十番,東京都港区三田１,都営大江戸線「麻布十番」徒歩5分,2009年6月,475000000.0,3LDK,90.02,11.04,東京,港,198,47500.0,1741,都営大江戸線,麻布十番,35.6537721,139.741572
ザ・六本木東京クラブレジデンス,東京都港区六本木３,東京メトロ日比谷線「六本木」徒歩3分,2011年11月,498000000.0,2LDK,96.06,9.01,東京,港,169,49800.0,1711,東京メトロ日比谷線,六本木,35.6632012,139.7364627
ザ六本木東京クラブレジデンス,東京都港区六本木３,東京メトロ日比谷線「六本木」徒歩3分,2011年11月,498000000.0,2LDK,96.06,9.01,東京,港,169,49800.0,1711,東京メトロ日比谷線,六本木,35.6632012,139.7364627
ＷＯＲＬＤ　ＴＯＷＥＲ　ＲＥＳＩＤＥＮＣＥ,東京都港区浜松町２,ＪＲ山手線「浜松町」徒歩2分,2024年11月,499000000.0,3LDK,81.2,15.69,東京,港,13,49900.0,2028,ＪＲ山手線,浜松町,35.6548149,139.7556247
パークコート赤坂ザタワー,東京都港区赤坂４,東京メトロ千代田線「赤坂」徒歩8分,2009年6月,508000000.0,2LDK,105.0,16.43,東京,港,198,50800.0,1597,東京メトロ千代田線,赤坂,35.6748007,139.7339083
東京ツインパークスレフトウィング,東京都港区東新橋１,都営大江戸線「汐留」徒歩4分,2002年10月,525000000.0,2LDK,116.1,10.16,東京,港,278,52500.0,1492,都営大江戸線,汐留,35.664582,139.7613745
東京パークタワー,東京都千代田区神田神保町１,都営三田線「神保町」徒歩1分,2003年1月,528000000.0,2LDK,116.65,15.16,東京,千代田,275,52800.0,1494,都営三田線,神保町,35.6953781,139.7594578
元麻布ヒルズ　フォレストタワー,東京都港区元麻布１,東京メトロ南北線「麻布十番」徒歩8分,2002年5月,548000000.0,2LDK,91.3,9.5,東京,港,283,54800.0,1981,東京メトロ南北線,麻布十番,35.6536293,139.7326311
パークコート神宮北参道ザタワー,東京都渋谷区千駄ヶ谷４,東京メトロ副都心線「北参道」徒歩1分,2023年1月,550000000.0,2LDK,97.14,5.83,東京,渋谷,35,55000.0,1868,東京メトロ副都心線,北参道,35.6791468,139.709008
アトラスタワー五反田,東京都品川区西五反田２,ＪＲ山手線「五反田」徒歩4分,2024年1月,558000000.0,3LDK,109.14,29.73,東京,品川,23,55800.0,1687,ＪＲ山手線,五反田,35.6260585,139.7211376
ワールドタワーレジデンスWORLDTOWERRESI…,東京都港区浜松町２,ＪＲ山手線「浜松町」徒歩2分,2024年11月,593000000.0,2LDK,80.88,16.46,東京,港,13,59300.0,2420,ＪＲ山手線,浜松町,35.6548149,139.7556247
グランスイート麻布台ヒルトップタワー,東京都港区麻布台３,東京メトロ南北線「六本木一丁目」徒歩7分,2014年1月,613000000.0,2LDK,89.12,6.48,東京,港,143,61300.0,2270,東京メトロ南北線,六本木一丁目,35.6601113,139.7380593
シティタワー麻布十番,東京都港区三田１-6-3,東京メトロ南北線「麻布十番」徒歩5分,2009年6月,679800000.0,2LDK,102.58,11.04,東京,港,198,67980.0,2187,東京メトロ南北線,麻布十番,35.6541969,139.740574
代官山アドレス,東京都渋谷区代官山町,東急東横線「代官山」徒歩1分,2000年8月,688000000.0,3LDK,132.76,24.1,東京,渋谷,304,68800.0,1710,東急東横線,代官山,35.6505465,139.7042207
グランスイート虎ノ門,東京都港区虎ノ門１,東京メトロ日比谷線「虎ノ門ヒルズ」徒歩1分,2007年4月,698000000.0,2LDK,111.96,26.79,東京,港,224,69800.0,2057,東京メトロ日比谷線,虎ノ門ヒルズ,35.668325,139.7492367
シティタワー麻布十番,東京都港区三田１,東京メトロ南北線「麻布十番」徒歩5分,2009年6月,698000000.0,2LDK,102.58,11.04,東京,港,198,69800.0,2245,東京メトロ南北線,麻布十番,35.6537721,139.741572
東京パークタワー,東京都千代田区神田神保町１-103,東京メトロ半蔵門線「神保町」徒歩1分,2003年1月,698000000.0,3LDK,135.24,29.86,東京,千代田,275,69800.0,1703,東京メトロ半蔵門線,神保町,35.6942062,139.7592182
東京ツインパークスライトウィング,東京都港区東新橋１,都営大江戸線「汐留」徒歩2分,2002年9月,698000000.0,3LDK+S（納戸）,130.62,11.17,東京,港,279,69800.0,1763,都営大江戸線,汐留,35.664582,139.7613745
東京パークタワー,東京都千代田区神田神保町１,東京メトロ半蔵門線「神保町」徒歩1分,2003年1月,728000000.0,3LDK,142.41,0.0,東京,千代田,275,72800.0,1687,東京メトロ半蔵門線,神保町,35.6953781,139.7594578
白金ザ・スカイ　東棟　,東京都港区白金１-２－１,東京メトロ南北線「白金高輪」徒歩3分,2023年2月,738000000.0,2LDK,103.1,7.0,東京,港,34,73800.0,2362,東京メトロ南北線,白金高輪,35.6460844,139.7351057
パークコート六本木ヒルトップ,東京都港区六本木１,東京メトロ南北線「六本木一丁目」徒歩3分,2012年8月,748000000.0,3LDK+S（納戸）,90.49,7.7,東京,港,160,74800.0,2728,東京メトロ南北線,六本木一丁目,35.6647384,139.7402946
パークコート六本木ヒルトップ,東京都港区六本木１,東京メトロ南北線「六本木一丁目」徒歩3分,2012年8月,748000000.0,3LDK,90.49,7.7,東京,港,160,74800.0,2728,東京メトロ南北線,六本木一丁目,35.6647384,139.7402946
WORLD　TOWER　RESIDENCE,東京都港区浜松町２,ＪＲ山手線「浜松町」徒歩2分,2024年11月,798000000.0,2LDK+S（納戸）,100.76,17.71,東京,港,13,79800.0,2614,ＪＲ山手線,浜松町,35.6548149,139.7556247
パークコート青山ザ　タワー,東京都港区南青山２-３－３,東京メトロ銀座線「青山一丁目」徒歩3分,2017年12月,800000000.0,2LDK,105.44,0.0,東京,港,96,80000.0,2504,東京メトロ銀座線,青山一丁目,35.6707424,139.7235997
ブランズ渋谷桜丘,東京都渋谷区桜丘町,ＪＲ山手線「渋谷」徒歩4分,2023年11月,848000000.0,3LDK+S（納戸）,116.63,25.45,東京,渋谷,25,84800.0,2399,ＪＲ山手線,渋谷,35.6557349,139.7007103
中目黒アトラスタワー,東京都目黒区上目黒１,東急東横線「中目黒」徒歩3分,2009年9月,878000000.0,2LDK+S（納戸）,165.24,11.9,東京,目黒,195,87800.0,1753,東急東横線,中目黒,35.6460419,139.6994338
パークコート赤坂檜町ザ　タワー,東京都港区赤坂９,東京メトロ千代田線「乃木坂」徒歩3分,2018年2月,880000000.0,2LDK,82.09,12.74,東京,港,94,88000.0,3538,東京メトロ千代田線,乃木坂,35.6668899,139.7313539
プラウドタワー渋谷,東京都渋谷区渋谷３,ＪＲ山手線「渋谷」徒歩7分,2025年3月,880000000.0,1LDK,98.41,11.81,東京,渋谷,9,88000.0,2951,ＪＲ山手線,渋谷,35.6566382,139.7058165
パークコート乃木坂ザタワー,東京都港区南青山１,東京メトロ千代田線「乃木坂」徒歩2分,2019年1月,920000000.0,3LDK,131.29,0.0,東京,港,83,92000.0,2312,東京メトロ千代田線,乃木坂,35.6689177,139.7249685
ブランズ渋谷桜丘,東京都渋谷区桜丘町,ＪＲ山手線「渋谷」徒歩3分,2023年11月,968000000.0,3LDK,146.7,32.43,東京,渋谷,25,96800.0,2178,ＪＲ山手線,渋谷,35.6557349,139.7007103
乃木坂パークハウス,東京都港区赤坂８,東京メトロ千代田線「乃木坂」徒歩2分,2010年6月,998000000.0,3LDK,176.87,24.9,東京,港,186,99800.0,1862,東京メトロ千代田線,乃木坂,35.6710904,139.7275226
パークコート浜離宮ザタワー,東京都港区浜松町１,ＪＲ山手線「浜松町」徒歩5分,2019年2月,998000000.0,3LDK,119.16,27.8,東京,港,82,99800.0,2764,ＪＲ山手線,浜松町,35.658259,139.7556247
高輪ザ・レジデンス,東京都港区高輪１,都営浅草線「高輪台」徒歩6分,2005年10月,1190000000.0,2LDK+S（納戸）,285.25,19.14,東京,港,242,119000.0,1377,都営浅草線,高輪台,35.6403663,139.7339083
平河町森タワーレジデンス,東京都千代田区平河町２,東京メトロ有楽町線「永田町」徒歩1分,2009年12月,1200000000.0,2LDK,128.96,0.0,東京,千代田,192,120000.0,3071,東京メトロ有楽町線,永田町,35.6808059,139.7402946
ザ・パークハウス白金二丁目タワー,東京都港区白金２-5-20,都営三田線「白金台」徒歩7分,2018年7月,1200000000.0,3LDK,185.28,18.9,東京,港,89,120000.0,2137,都営三田線,白金台,35.6404138,139.730607
パークコート神宮北参道ザ・タワー,東京都渋谷区千駄ヶ谷４,東京メトロ副都心線「北参道」徒歩1分,2023年1月,1230000000.0,2LDK,136.47,0.0,東京,渋谷,35,123000.0,2974,東京メトロ副都心線,北参道,35.6791468,139.709008
ＳＡＩＯＮ　ＳＡＫＵＲＡＺＡＫＡ,東京都港区赤坂１,東京メトロ南北線「溜池山王」徒歩2分,2010年10月,1400000000.0,4LDK,185.44,25.2,東京,港,182,140000.0,2491,東京メトロ南北線,溜池山王,35.6692065,139.7428494
パークコート麻布十番ザ・タワー,東京都港区三田１-７－１,都営大江戸線「麻布十番」徒歩3分,2010年5月,1780000000.0,3LDK,161.58,31.95,東京,港,187,178000.0,3635,都営大江戸線,麻布十番,35.6546741,139.7394019
アークヒルズ仙石山レジデンス,東京都港区六本木１,東京メトロ南北線「六本木一丁目」徒歩4分,2012年8月,2400000000.0,4LDK,210.31,26.25,東京,港,160,240000.0,3766,東京メトロ南北線,六本木一丁目,35.6647384,139.7402946
ブランズ渋谷桜丘,東京都渋谷区桜丘町,ＪＲ山手線「渋谷」徒歩3分,2023年11月,2490000000.0,3LDK+S（納戸）,252.16,58.83,東京,渋谷,25,249000.0,3259,ＪＲ山手線,渋谷,35.6557349,139.7007103
トーア第二浅草マンション,東京都台東区西浅草３-27-13,つくばエクスプレス「浅草」徒歩4分,1982年3月,39800000.0,2DK,40.7,8.96,東京,台東,525,3980.0,323,つくばエクスプレス,浅草,35.7170524,139.79161
サンシティD棟,東京都板橋区中台３,都営三田線「志村三丁目」徒歩13分,1979年10月,58800000.0,4LDK+S（納戸）,91.56,22.04,東京,板橋,554,5880.0,212,都営三田線,志村三丁目,35.7739657,139.679652
『ペット可・未入居1R』ブリリアタワー浜離宮(Bri…,東京都港区海岸１,ＪＲ山手線「浜松町」徒歩6分,2023年9月,69800000.0,1RM,25.49,0.0,東京,港,27,6980.0,904,ＪＲ山手線,浜松町,35.6553975,139.7613745
東京フロンティアシティアーバンフォートイーストブロッ…,東京都荒川区南千住８,東京メトロ日比谷線「南千住」徒歩16分,2007年1月,72800000.0,3LDK,80.54,15.9,東京,荒川,227,7280.0,298,東京メトロ日比谷線,南千住,35.73684370000001,139.8099505
シティフロントタワー,東京都中央区佃１,東京メトロ有楽町線「月島」徒歩7分,1991年8月,74990000.0,1LDK,41.23,4.34,東京,中央,412,7499.0,600,東京メトロ有楽町線,月島,35.6690135,139.7824618
ビューネタワー平井,東京都江戸川区平井３-30-2,ＪＲ総武線「平井」徒歩1分,2000年3月,75800000.0,3LDK,68.08,7.51,東京,江戸川,309,7580.0,367,ＪＲ総武線,平井,35.7058985,139.8427001
シテヌーブ北千住３０A棟◆再開発エリア至近◆９４㎡◆…,東京都足立区千住曙町41-1,京成本線「京成関屋」徒歩2分,1990年11月,75800000.0,3LDK,94.12,30.26,東京,足立,421,7580.0,266,京成本線,京成関屋,35.7421574,139.8121993
西早稲田シティタワー,東京都新宿区西早稲田１-23-16,都電荒川線「早稲田」徒歩2分,1999年3月,76800000.0,1LDK,50.01,7.57,東京,新宿,321,7680.0,507,都電荒川線,早稲田,35.7125156,139.7177442
西早稲田シティタワー,東京都新宿区西早稲田１-23-16,東京メトロ東西線「早稲田」徒歩12分,1999年3月,79900000.0,1LDK,50.01,7.57,東京,新宿,321,7990.0,527,東京メトロ東西線,早稲田,35.7125156,139.7177442
シテヌーブ北千住30A棟,東京都足立区千住曙町,京成本線「京成関屋」徒歩5分,1990年11月,80000000.0,3LDK,94.12,30.26,東京,足立,421,8000.0,280,京成本線,京成関屋,35.7426527,139.8144266
シテヌーブ北千住30A棟,東京都足立区千住曙町,京成本線「京成関屋」徒歩2分,1990年11月,80000000.0,3LDK,94.12,30.26,東京,足立,421,8000.0,280,京成本線,京成関屋,35.7426527,139.8144266
パークシティ杉並セントラルタワー,東京都杉並区和田２,東京メトロ丸ノ内線「方南町」徒歩8分,2000年8月,84800000.0,3LDK,72.82,11.85,東京,杉並,304,8480.0,384,東京メトロ丸ノ内線,方南町,35.6892748,139.6586012
パークシティ杉並セントラルタワー,東京都杉並区和田２,東京メトロ丸ノ内線「方南町」徒歩8分,2000年8月,84800000.0,3LDK,72.82,11.85,東京,杉並,304,8480.0,384,東京メトロ丸ノ内線,方南町,35.6892748,139.6586012
シエルズガーデンエルタワー305,東京都大田区下丸子２,東急多摩川線「下丸子」徒歩13分,2003年5月,84800000.0,3LDK,83.89,12.26,東京,大田,271,8480.0,334,東急多摩川線,下丸子,35.5626542,139.6847564
リバーフェイス,東京都荒川区南千住３,東京メトロ日比谷線「南千住」徒歩16分,2009年2月,85800000.0,3LDK,73.96,12.3,東京,荒川,202,8580.0,383,東京メトロ日比谷線,南千住,35.7312289,139.8073929
リバーフェイス,東京都荒川区南千住３,つくばエクスプレス「南千住」徒歩14分,2009年2月,85800000.0,3LDK,73.96,12.3,東京,荒川,202,8580.0,383,つくばエクスプレス,南千住,35.7312289,139.8073929
ビューネタワー平井,東京都江戸川区平井３,ＪＲ総武線「平井」徒歩1分,2000年3月,88800000.0,3LDK+S（納戸）,77.85,8.49,東京,江戸川,309,8880.0,376,ＪＲ総武線,平井,35.7032111,139.8406505
アイタウン・レピア,東京都新宿区西新宿６,都営大江戸線「都庁前」徒歩8分,1994年10月,89800000.0,2DK,54.42,8.0,東京,新宿,374,8980.0,545,都営大江戸線,都庁前,35.6929304,139.6904993
アイタウンレピア,東京都新宿区西新宿６,東京メトロ丸ノ内線「西新宿」徒歩9分,1994年10月,89800000.0,2DK,54.42,0.0,東京,新宿,374,8980.0,545,東京メトロ丸ノ内線,西新宿,35.6929304,139.6904993
ベイクレストタワー,東京都港区港南３-9-33,ＪＲ山手線「品川」徒歩13分,2005年8月,89800000.0,1LDK,42.48,7.9,東京,港,244,8980.0,698,ＪＲ山手線,品川,35.6316532,139.7517314
ザ・タワーズ台場ウエスト,東京都港区台場２-２－２,新交通ゆりかもめ「お台場海浜公園」徒歩2分,2006年5月,92800000.0,1LDK,47.14,5.29,東京,港,235,9280.0,650,新交通ゆりかもめ,お台場海浜公園,35.6298408,139.7802649
西戸山タワーホウムズセントラルタワー,東京都新宿区百人町３,ＪＲ山手線「新大久保」徒歩8分,1988年1月,98700000.0,2LDK,79.77,13.22,東京,新宿,455,9870.0,408,ＪＲ山手線,新大久保,35.7063302,139.6981574
プラウドタワー小岩ファースト,東京都江戸川区南小岩６-31-10,ＪＲ総武線「小岩」徒歩1分,2022年3月,98800000.0,2LDK,64.28,18.71,東京,江戸川,45,9880.0,507,ＪＲ総武線,小岩,35.7321526,139.8812568
ワールドシティタワーズ　キャピタルタワー,東京都港区港南４,東京モノレール「天王洲アイル」徒歩7分,2006年10月,99800000.0,1LDK,60.7,5.6,東京,港,230,9980.0,543,東京モノレール,天王洲アイル,35.6273113,139.7485979
モデルノトッレ松濤,東京都渋谷区松濤２,京王井の頭線「神泉」徒歩7分,2008年1月,99990000.0,1LDK,43.44,5.25,東京,渋谷,215,9999.0,760,京王井の頭線,神泉,35.6598231,139.6901802
ザ・タワー十条,東京都北区上十条２,ＪＲ埼京線「十条」徒歩1分,2024年9月,102800000.0,2LDK,59.02,11.83,東京,北,15,10280.0,575,ＪＲ埼京線,十条,35.7591353,139.7211376
TOKYOシティトリエ,東京都豊島区西巣鴨１-12-1,ＪＲ山手線「大塚」徒歩12分,2005年11月,105980000.0,3LDK,62.06,12.02,東京,豊島,241,10598.0,564,ＪＲ山手線,大塚,35.7383775,139.7232265
西新宿タワーホウムズサウスタワー,東京都新宿区百人町３,ＪＲ山手線「高田馬場」徒歩10分,1988年1月,106800000.0,2LDK,81.42,14.32,東京,新宿,455,10680.0,433,ＪＲ山手線,高田馬場,35.7063302,139.6981574
西戸山タワーホウムズセントラルタワー,東京都新宿区百人町３,ＪＲ山手線「新大久保」徒歩6分,1988年1月,108000000.0,2LDK+S（納戸）,79.77,13.22,東京,新宿,455,10800.0,447,ＪＲ山手線,新大久保,35.7063302,139.6981574
西戸山タワーホウムズセントラルタワー,東京都新宿区百人町３,ＪＲ山手線「新大久保」徒歩8分,1988年1月,108000000.0,2LDK+S（納戸）,79.77,13.22,東京,新宿,455,10800.0,447,ＪＲ山手線,新大久保,35.7063302,139.6981574
シティタワー大泉学園,東京都練馬区東大泉１,西武池袋線「大泉学園」徒歩2分,2010年1月,108800000.0,2LDK,72.12,8.34,東京,練馬,191,10880.0,498,西武池袋線,大泉学園,35.7491256,139.5910344
シティタワー大泉学園　18階部分,東京都練馬区東大泉１,西武池袋線「大泉学園」徒歩2分,2010年1月,108800000.0,2LDK,72.12,8.34,東京,練馬,191,10880.0,498,西武池袋線,大泉学園,35.7491256,139.5910344
ビーコンタワーレジデンス,東京都江東区東雲１,東京メトロ有楽町線「辰巳」徒歩9分,2009年1月,109800000.0,2LDK,82.71,12.52,東京,江東,203,10980.0,438,東京メトロ有楽町線,辰巳,35.6465138,139.802278
Brillia 有明 Sky Tower(ブリリア有…,東京都江東区有明１-4-10,新交通ゆりかもめ「有明テニスの森」徒歩6分,2010年12月,109800000.0,2LDK,57.04,10.36,東京,江東,180,10980.0,635,新交通ゆりかもめ,有明テニスの森,35.63575,139.785878
キャナルワーフタワーズＷＥＳＴ,東京都江東区豊洲１,東京メトロ有楽町線「豊洲」徒歩12分,2000年11月,109800000.0,2LDK,72.37,14.28,東京,江東,301,10980.0,501,東京メトロ有楽町線,豊洲,35.6607961,139.7920494
晴海アイランドトリトンスクエアビュータワー,東京都中央区晴海１,東京メトロ有楽町線「月島」徒歩7分,1998年2月,109990000.0,1LDK+S（納戸）,55.27,7.97,東京,中央,334,10999.0,657,東京メトロ有楽町線,月島,35.6597032,139.7850184
晴海アイランドトリトンスクエアビュータワー,東京都中央区晴海１,都営大江戸線「月島」徒歩7分,1998年2月,113800000.0,2LDK+S（納戸）,69.86,11.38,東京,中央,334,11380.0,538,都営大江戸線,月島,35.6597032,139.7850184
晴海アイランドトリトンスクエアビュータワー,東京都中央区晴海１-6-1,都営大江戸線「月島」徒歩6分,1998年2月,114000000.0,3LDK,77.52,0.0,東京,中央,334,11400.0,485,都営大江戸線,月島,35.6590853,139.7840305
スカイフォレストレジデンス,東京都新宿区大久保３,ＪＲ山手線「高田馬場」徒歩11分,2014年12月,115000000.0,1LDK,42.2,12.83,東京,新宿,132,11500.0,899,ＪＲ山手線,高田馬場,35.7066016,139.7045399
アクロシティタワーズ Gポート,東京都荒川区南千住６,都電荒川線「荒川区役所前」徒歩10分,1990年3月,115000000.0,4LDK,158.72,65.18,東京,荒川,429,11500.0,239,都電荒川線,荒川区役所前,35.73758170000001,139.7946064
パークタワー錦糸町,東京都墨田区江東橋２-9-5,ＪＲ総武線「錦糸町」徒歩5分,2008年12月,117000000.0,2LDK,61.5,5.43,東京,墨田,204,11700.0,628,ＪＲ総武線,錦糸町,35.6949816,139.8121885
レグノ・セレーノ,東京都新宿区北新宿３,ＪＲ中央線「大久保」徒歩4分,2008年4月,118000000.0,2LDK,64.64,10.15,東京,新宿,212,11800.0,602,ＪＲ中央線,大久保,35.7032517,139.6904993
【即日の内覧可能】タワーマンション最上階（25階部分…,東京都大田区下丸子２,東急多摩川線「下丸子」徒歩14分,2003年5月,118000000.0,4LDK,98.98,29.65,東京,大田,271,11800.0,393,東急多摩川線,下丸子,35.5626542,139.6847564
大崎ウエストシティタワーズ　W棟,東京都品川区大崎２-9-2,ＪＲ山手線「大崎」徒歩4分,2009年9月,118000000.0,1LDK,46.39,7.44,東京,品川,195,11800.0,839,ＪＲ山手線,大崎,35.6166209,139.7271231
レグノ・セレーノ,東京都新宿区北新宿３,ＪＲ中央線「大久保」徒歩3分,2008年4月,118000000.0,2LDK,64.64,10.15,東京,新宿,212,11800.0,602,ＪＲ中央線,大久保,35.7032517,139.6904993
シエルズガーデン　エールタワー,東京都大田区下丸子２,東急多摩川線「下丸子」徒歩14分,2003年5月,118000000.0,4LDK,98.98,29.65,東京,大田,271,11800.0,393,東急多摩川線,下丸子,35.5626542,139.6847564
晴海アイランドトリトンスクエアビュータワー,東京都中央区晴海１,都営大江戸線「月島」徒歩6分,1998年1月,119800000.0,2LDK+S（納戸）,69.86,11.38,東京,中央,335,11980.0,566,都営大江戸線,月島,35.6597032,139.7850184
晴海アイランドトリトンスクエアビュータワー,東京都中央区晴海１,東京メトロ有楽町線「月島」徒歩7分,1998年2月,119990000.0,3LDK,69.86,11.38,東京,中央,334,11999.0,567,東京メトロ有楽町線,月島,35.6597032,139.7850184
フェイバリッチタワー品川,東京都港区港南３,ＪＲ山手線「品川」徒歩11分,2006年10月,119990000.0,1LDK+S（納戸）,63.44,9.72,東京,港,230,11999.0,624,ＪＲ山手線,品川,35.633247,139.7505142
ファミール月島グランスイートタワー,東京都中央区佃２,東京メトロ有楽町線「月島」徒歩1分,2002年6月,119990000.0,2LDK,50.24,14.4,東京,中央,282,11999.0,788,東京メトロ有楽町線,月島,35.6682531,139.7862967
大崎ウエストシティタワーズ　Ｅ棟,東京都品川区大崎２,ＪＲ山手線「大崎」徒歩3分,2009年9月,120000000.0,1LDK,46.88,4.56,東京,品川,195,12000.0,845,ＪＲ山手線,大崎,35.6177742,139.7262455
キャナルファーストタワー,東京都江東区東雲１,東京メトロ有楽町線「辰巳」徒歩9分,2008年1月,120000000.0,3LDK,74.41,15.66,東京,江東,215,12000.0,532,東京メトロ有楽町線,辰巳,35.6465138,139.802278
キャナルファーストタワー 27階,東京都江東区東雲１,東京メトロ有楽町線「辰巳」徒歩9分,2008年1月,120000000.0,3LDK,74.41,0.0,東京,江東,215,12000.0,532,東京メトロ有楽町線,辰巳,35.6465138,139.802278
大崎ウエストシティタワーズ　Ｅ棟,東京都品川区大崎２,ＪＲ山手線「大崎」徒歩3分,2009年9月,120000000.0,1LDK,46.88,4.56,東京,品川,195,12000.0,845,ＪＲ山手線,大崎,35.6177742,139.7262455
HARUMI FLAG　SUN VILLAGE　T棟,東京都中央区晴海５-5-47,都営大江戸線「勝どき」徒歩14分,2025年10月,122800000.0,2LDK,54.8,12.62,東京,中央,2,12280.0,739,都営大江戸線,勝どき,35.650519,139.7735989
ライオンズ四谷タワーゲート,東京都新宿区四谷４,東京メトロ丸ノ内線「四谷三丁目」徒歩5分,2007年5月,124800000.0,2LDK,57.99,9.24,東京,新宿,223,12480.0,710,東京メトロ丸ノ内線,四谷三丁目,35.6894241,139.7160301
ザ・パークハウス　新宿タワー,東京都新宿区北新宿２,東京メトロ丸ノ内線「西新宿」徒歩6分,2012年1月,124990000.0,2LDK,48.07,6.66,東京,新宿,167,12499.0,858,東京メトロ丸ノ内線,西新宿,35.6981516,139.689223
ザ・パークハウス晴海タワーズティアロレジデンス,東京都中央区晴海２,東京メトロ有楽町線「月島」徒歩13分,2016年3月,125000000.0,2LDK,65.54,9.87,東京,中央,117,12500.0,629,東京メトロ有楽町線,月島,35.6564518,139.7869359
ビーコンタワーレジデンス,東京都江東区東雲１,東京メトロ有楽町線「辰巳」徒歩10分,2009年1月,125500000.0,3LDK,83.83,15.3,東京,江東,203,12550.0,494,東京メトロ有楽町線,辰巳,35.6465138,139.802278
ニュートンプレイスサウスコート,東京都江東区塩浜１,ＪＲ京葉線「越中島」徒歩11分,2003年8月,125800000.0,3LDK+2S（納戸）,100.78,15.5,東京,江東,268,12580.0,412,ＪＲ京葉線,越中島,35.6615704,139.7997207
ザ・リバープレイスイーストタワー,東京都大田区下丸子４-21-14,東急多摩川線「下丸子」徒歩9分,2004年9月,128000000.0,3LDK,97.29,30.44,東京,大田,255,12800.0,434,東急多摩川線,下丸子,35.5681493,139.6798612
ザ・ガーデンタワーズ　サンセットタワー,東京都江東区大島１,都営新宿線「西大島」徒歩7分,1997年1月,128000000.0,3LDK,106.74,14.25,東京,江東,347,12800.0,396,都営新宿線,西大島,35.6868603,139.8227402
ザ・ガーデンタワーズサンセットタワー,東京都江東区大島１-2-1,東京メトロ半蔵門線「住吉」徒歩7分,1997年3月,128000000.0,3LDK,106.74,14.25,東京,江東,345,12800.0,396,東京メトロ半蔵門線,住吉,35.68801970000001,139.8224988
THE TOYOSU TOWER,東京都江東区豊洲３-6-5,東京メトロ有楽町線「豊洲」徒歩6分,2008年10月,129800000.0,2LDK,62.67,13.56,東京,江東,206,12980.0,683,東京メトロ有楽町線,豊洲,35.6589081,139.7970506
THE TOYOSU TOWER,東京都江東区豊洲３-3-6,東京メトロ有楽町線「豊洲」徒歩6分,2008年10月,129800000.0,2LDK,62.67,13.56,東京,江東,206,12980.0,683,東京メトロ有楽町線,豊洲,35.6585681,139.7965242
W　Comfort　Towers　EAST,東京都江東区東雲１,東京メトロ有楽町線「辰巳」徒歩8分,2004年10月,132800000.0,3LDK,83.13,11.77,東京,江東,254,13280.0,527,東京メトロ有楽町線,辰巳,35.6465138,139.802278
シティタワー有明　24階,東京都江東区有明１,新交通ゆりかもめ「有明テニスの森」徒歩9分,2009年12月,132800000.0,3LDK,86.28,5.57,東京,江東,192,13280.0,508,新交通ゆりかもめ,有明テニスの森,35.6403728,139.7869359
シティタワーズ豊洲ザ・ツイン　ノースタワー,東京都江東区豊洲３,東京メトロ有楽町線「豊洲」徒歩5分,2009年2月,133000000.0,1LDK,57.41,5.68,東京,江東,202,13300.0,765,東京メトロ有楽町線,豊洲,35.6585681,139.7965242
シティタワーズ豊洲ザ・ツイン　ノースタワー,東京都江東区豊洲３-４－２,東京メトロ有楽町線「豊洲」徒歩5分,2009年2月,133000000.0,1LDK,57.41,5.68,東京,江東,202,13300.0,765,東京メトロ有楽町線,豊洲,35.6576888,139.7989581
ザ・パークハウス晴海タワーズティアロレジデンス,東京都中央区晴海２,都営大江戸線「勝どき」徒歩13分,2016年3月,133800000.0,2LDK,64.67,11.84,東京,中央,117,13380.0,683,都営大江戸線,勝どき,35.6564518,139.7869359
コスモポリス品川,東京都港区港南３-6-21,ＪＲ山手線「品川」徒歩11分,2005年2月,134800000.0,1LDK+S（納戸）,70.01,10.92,東京,港,250,13480.0,635,ＪＲ山手線,品川,35.632002,139.7478536
銀座タワー 804,東京都中央区銀座１-22-1,東京メトロ有楽町線「新富町」徒歩5分,2003年7月,134800000.0,2LDK,81.73,8.57,東京,中央,269,13480.0,544,東京メトロ有楽町線,新富町,35.6722671,139.7711566
ローレルタワー　ルネ浜松町,東京都港区海岸２,ＪＲ山手線「浜松町」徒歩10分,2020年1月,135000000.0,2LDK,62.32,6.0,東京,港,71,13500.0,715,ＪＲ山手線,浜松町,35.6501388,139.7589234
アーバンドックパークシティ豊洲タワーA（15階）,東京都江東区豊洲２-5-1,東京メトロ有楽町線「豊洲」徒歩6分,2008年2月,135000000.0,2LDK,60.17,14.5,東京,江東,214,13500.0,740,東京メトロ有楽町線,豊洲,35.6582126,139.7910888
プラウドタワー東雲キャナルコート,東京都江東区東雲１,東京メトロ有楽町線「豊洲」徒歩11分,2012年12月,135000000.0,3LDK+S（納戸）,75.01,11.15,東京,江東,156,13500.0,594,東京メトロ有楽町線,豊洲,35.6465138,139.802278
ワールドシティタワーズ,東京都港区港南４,ＪＲ山手線「品川」徒歩15分,2005年10月,135000000.0,2LDK,65.39,8.0,東京,港,242,13500.0,681,ＪＲ山手線,品川,35.6273113,139.7485979
晴海フラッグT棟 13階　HARUMIFLAG SU…,東京都中央区晴海５,都営大江戸線「勝どき」徒歩15分,2025年9月,137800000.0,2LDK,61.32,15.72,東京,中央,3,13780.0,742,都営大江戸線,勝どき,35.6490356,139.7741538
プラウドタワー芝浦,東京都港区芝浦４,ＪＲ山手線「田町」徒歩11分,2023年1月,138000000.0,1LDK,40.27,5.06,東京,港,35,13800.0,1131,ＪＲ山手線,田町,35.6400662,139.7460429
グランアルト豊洲,東京都江東区豊洲５-６－４５,東京メトロ有楽町線「豊洲」徒歩5分,2001年7月,138000000.0,3LDK,76.04,14.31,東京,江東,293,13800.0,599,東京メトロ有楽町線,豊洲,35.651238,139.7983093
ステーションフロントタワー,東京都豊島区北大塚２,ＪＲ山手線「大塚」徒歩4分,2000年8月,138000000.0,3LDK,74.8,12.09,東京,豊島,304,13800.0,609,ＪＲ山手線,大塚,35.7335499,139.7287997
キャナルファーストタワー,東京都江東区東雲１,東京メトロ有楽町線「辰巳」徒歩9分,2008年1月,139000000.0,3LDK,80.57,22.72,東京,江東,215,13900.0,569,東京メトロ有楽町線,辰巳,35.6465138,139.802278
キャナルファーストタワー　南東・北東角地3LDK,東京都江東区東雲１-9-42,東京メトロ有楽町線「辰巳」徒歩9分,2008年1月,139000000.0,3LDK,80.57,22.72,東京,江東,215,13900.0,569,東京メトロ有楽町線,辰巳,35.6474656,139.8048629
ベイクレストタワー,東京都港区港南３,ＪＲ山手線「品川」徒歩15分,2005年8月,139000000.0,2LDK+S（納戸）,84.59,11.0,東京,港,244,13900.0,542,ＪＲ山手線,品川,35.633247,139.7505142
インプレストタワー芝浦エアレジデンス,東京都港区芝浦２,ＪＲ山手線「田町」徒歩9分,2014年2月,139800000.0,2LDK,55.52,7.89,東京,港,142,13980.0,831,ＪＲ山手線,田町,35.6446055,139.7530694
スカイズタワー&ガーデン,東京都江東区豊洲６-2-31,新交通ゆりかもめ「新豊洲」徒歩5分,2014年8月,139800000.0,2LDK,62.84,12.53,東京,江東,136,13980.0,734,新交通ゆりかもめ,新豊洲,35.647285,139.792896
ウェリスシティ大森タワー　【リノベ】【高層階】,東京都大田区大森北１,ＪＲ京浜東北線「大森」徒歩4分,2008年5月,139800000.0,2LDK+S（納戸）,67.51,6.9,東京,大田,211,13980.0,683,ＪＲ京浜東北線,大森,35.5866413,139.7287997
ラクシア品川ポルトチッタ,東京都港区港南３,東京モノレール「天王洲アイル」徒歩14分,2005年1月,139990000.0,2LDK,75.06,21.46,東京,港,251,13999.0,615,東京モノレール,天王洲アイル,35.633247,139.7505142
ローレルコート新宿タワー,東京都新宿区富久町,東京メトロ丸ノ内線「新宿御苑前」徒歩8分,2002年9月,139990000.0,3LDK,64.39,19.3,東京,新宿,279,13999.0,717,東京メトロ丸ノ内線,新宿御苑前,35.6934999,139.7147533
ローレルコート新宿タワー,東京都新宿区富久町,東京メトロ丸ノ内線「新宿御苑前」徒歩8分,2002年9月,139990000.0,3LDK,64.39,19.3,東京,新宿,279,13999.0,717,東京メトロ丸ノ内線,新宿御苑前,35.6934999,139.7147533
東京ベイシティタワー,東京都港区芝浦４,ＪＲ山手線「田町」徒歩13分,2014年9月,140000000.0,2LDK,57.09,6.57,東京,港,135,14000.0,809,ＪＲ山手線,田町,35.6400662,139.7460429
【お得な成約特典あり】品川イーストシティタワー,東京都品川区東品川５-9-6,東京モノレール「天王洲アイル」徒歩5分,2018年7月,142000000.0,2LDK,67.44,17.67,東京,品川,89,14200.0,695,東京モノレール,天王洲アイル,35.6237212,139.7537881
品川イーストシティタワー,東京都品川区東品川５-9-6,東京モノレール「天王洲アイル」徒歩5分,2018年7月,142800000.0,2LDK,67.44,16.52,東京,品川,89,14280.0,699,東京モノレール,天王洲アイル,35.6237212,139.7537881
品川イーストシティタワー◆大規模タワーレジデンス◆レ…,東京都品川区東品川５-9-6,東京モノレール「天王洲アイル」徒歩5分,2018年7月,142800000.0,2LDK,67.44,16.52,東京,品川,89,14280.0,699,東京モノレール,天王洲アイル,35.6237212,139.7537881
品川イーストシティタワー,東京都品川区東品川５,東京モノレール「天王洲アイル」徒歩5分,2018年7月,142800000.0,2LDK,67.44,16.52,東京,品川,89,14280.0,699,東京モノレール,天王洲アイル,35.6211959,139.7562635
ザパークハウス西新宿タワー60,東京都新宿区西新宿５,都営大江戸線「西新宿五丁目」徒歩8分,2017年7月,145000000.0,2LDK,57.94,9.95,東京,新宿,101,14500.0,826,都営大江戸線,西新宿五丁目,35.6948318,139.6866706
芝浦アイランドケープタワー,東京都港区芝浦４-１９－１,ＪＲ山手線「田町」徒歩12分,2006年10月,148000000.0,2LDK,64.26,11.91,東京,港,230,14800.0,760,ＪＲ山手線,田町,35.6371197,139.7502277
芝浦アイランドケープタワー,東京都港区芝浦４,ＪＲ山手線「田町」徒歩12分,2006年10月,148000000.0,2LDK,64.26,11.94,東京,港,230,14800.0,760,ＪＲ山手線,田町,35.6400662,139.7460429
芝浦アイランドケープタワー,東京都港区芝浦４,新交通ゆりかもめ「芝浦ふ頭」徒歩14分,2006年10月,148000000.0,2LDK,64.26,11.94,東京,港,230,14800.0,760,新交通ゆりかもめ,芝浦ふ頭,35.6400662,139.7460429
シティタワーズ東京ベイ　セントラルタワー,東京都江東区有明２,新交通ゆりかもめ「有明」徒歩4分,2019年7月,148000000.0,2LDK,54.24,14.61,東京,江東,77,14800.0,900,新交通ゆりかもめ,有明,35.6388488,139.7946064
シティタワーズ東京ベイセントラルタワー,東京都江東区有明２-1-2,新交通ゆりかもめ「有明」徒歩4分,2019年7月,148000000.0,2LDK,54.24,14.61,東京,江東,77,14800.0,900,新交通ゆりかもめ,有明,35.6374135,139.793715
シティタワーズ豊洲 ザ・ツインノースタワー,東京都江東区豊洲３-4-2,東京メトロ有楽町線「豊洲」徒歩4分,2009年2月,148000000.0,2LDK,70.99,5.68,東京,江東,202,14800.0,688,東京メトロ有楽町線,豊洲,35.6576888,139.7989581
品川イーストシティタワー,東京都品川区東品川５,東京モノレール「天王洲アイル」徒歩5分,2018年7月,148800000.0,2LDK,67.44,16.52,東京,品川,89,14880.0,728,東京モノレール,天王洲アイル,35.6211959,139.7562635
パークタワー上野池之端,東京都台東区池之端２-1-1,東京メトロ千代田線「湯島」徒歩7分,2010年7月,149000000.0,2LDK,60.64,10.87,東京,台東,185,14900.0,811,東京メトロ千代田線,湯島,35.71269100000001,139.7682031
晴海アイランドトリトンスクエアビュータワー,東京都中央区晴海１-6-1,東京メトロ有楽町線「月島」徒歩6分,1998年2月,149800000.0,3LDK,84.45,14.79,東京,中央,334,14980.0,585,東京メトロ有楽町線,月島,35.6590853,139.7840305
晴海アイランドトリトンスクエアビュータワー,東京都中央区晴海１,東京メトロ有楽町線「月島」徒歩6分,1998年2月,149800000.0,3LDK,84.45,14.79,東京,中央,334,14980.0,585,東京メトロ有楽町線,月島,35.6597032,139.7850184
パークタワー滝野川,東京都北区滝野川６,都営三田線「西巣鴨」徒歩3分,2013年11月,150000000.0,2LDK,68.44,12.94,東京,北,145,15000.0,723,都営三田線,西巣鴨,35.7452578,139.7236915
【現在空室】ワールドシティタワーズ アクアタワー,東京都港区港南４,ＪＲ山手線「品川」徒歩15分,2005年10月,154800000.0,3LDK,80.33,6.28,東京,港,242,15480.0,636,ＪＲ山手線,品川,35.6273113,139.7485979
【空室物件】ワールドシティタワーズアクアタワー◆１２…,東京都港区港南４,ＪＲ山手線「品川」徒歩15分,2005年10月,154800000.0,3LDK,80.33,6.28,東京,港,242,15480.0,636,ＪＲ山手線,品川,35.6273113,139.7485979
エアライズタワー,東京都豊島区東池袋４,東京メトロ有楽町線「東池袋」徒歩1分,2007年1月,154990000.0,2LDK,55.34,9.51,東京,豊島,227,15499.0,924,東京メトロ有楽町線,東池袋,35.727032,139.7211376
ザ・パークハウス　新宿タワー,東京都新宿区北新宿２,東京メトロ丸ノ内線「西新宿」徒歩6分,2012年1月,154990000.0,2LDK,57.7,6.66,東京,新宿,167,15499.0,886,東京メトロ丸ノ内線,西新宿,35.6981516,139.689223
パークタワー東京フロント,東京都大田区蒲田４,京急本線「京急蒲田」徒歩2分,2004年1月,156000000.0,2LDK,83.35,24.13,東京,大田,263,15600.0,618,京急本線,京急蒲田,35.5605931,139.7211376
パークタワー東京フロント,東京都大田区蒲田４-19-5,京急本線「京急蒲田」徒歩2分,2004年1月,156000000.0,2LDK,83.35,24.13,東京,大田,263,15600.0,618,京急本線,京急蒲田,35.5611817,139.7214577
パークタワー東京フロント,東京都大田区蒲田４,京急本線「京急蒲田」徒歩3分,2004年1月,156000000.0,2LDK,83.35,24.13,東京,大田,263,15600.0,618,京急本線,京急蒲田,35.5605931,139.7211376
ドゥトゥール　イースト,東京都中央区晴海３,都営大江戸線「勝どき」徒歩5分,2015年12月,157000000.0,1LDK,54.31,5.5,東京,中央,120,15700.0,954,都営大江戸線,勝どき,35.6548467,139.7786272
ザ・パークハウス三軒茶屋タワー,東京都世田谷区上馬１-15-18,東急田園都市線「三軒茶屋」徒歩9分,2012年2月,158000000.0,2LDK,59.48,7.35,東京,世田谷,166,15800.0,877,東急田園都市線,三軒茶屋,35.6379903,139.6671721
ＴＨＥ　ＴＯＫＹＯ　ＴＯＷＥＲＳ　ＳＥＡ　ＴＯＷＥＲ,東京都中央区勝どき６,都営大江戸線「勝どき」徒歩7分,2008年1月,158000000.0,2LDK,73.94,5.94,東京,中央,215,15800.0,705,都営大江戸線,勝どき,35.6550953,139.7735148
スカイライトタワー,東京都中央区佃１-１１－７,東京メトロ有楽町線「月島」徒歩8分,1993年2月,159000000.0,2LDK+S（納戸）,82.55,12.44,東京,中央,394,15900.0,636,東京メトロ有楽町線,月島,35.670142,139.7843501
品川Vタワー　【リノベ】,東京都港区港南２,ＪＲ山手線「品川」徒歩6分,2003年3月,159800000.0,1LDK+S（納戸）,53.0,8.05,東京,港,273,15980.0,995,ＪＲ山手線,品川,35.6275595,139.7434881
グランスイート虎ノ門,東京都港区虎ノ門１,東京メトロ日比谷線「虎ノ門ヒルズ」徒歩1分,2007年4月,159800000.0,1LDK,46.34,12.69,東京,港,224,15980.0,1138,東京メトロ日比谷線,虎ノ門ヒルズ,35.668325,139.7492367
ザ・パークハウス西新宿タワー60,東京都新宿区西新宿５-5-1,東京メトロ丸ノ内線「西新宿」徒歩9分,2017年8月,159800000.0,2LDK,57.94,9.95,東京,新宿,100,15980.0,910,東京メトロ丸ノ内線,西新宿,35.6918758,139.7100852
イーストコモンズ清澄白河セントラルタワー,東京都江東区白河４,東京メトロ半蔵門線「清澄白河」徒歩7分,2006年6月,160000000.0,2LDK,75.16,11.16,東京,江東,234,16000.0,703,東京メトロ半蔵門線,清澄白河,35.682697,139.8080323
晴海アイランドトリトンスクエアビュータワー,東京都中央区晴海１-６－１,東京メトロ有楽町線「月島」徒歩6分,1998年2月,164000000.0,2LDK+S（納戸）,84.45,14.79,東京,中央,334,16400.0,641,東京メトロ有楽町線,月島,35.6590853,139.7840305
ザ・パークハウス浅草橋タワーレジデンス,東京都台東区柳橋２,都営浅草線「浅草橋」徒歩4分,2013年11月,165000000.0,3LDK,65.46,16.88,東京,台東,145,16500.0,832,都営浅草線,浅草橋,35.6983935,139.789173
プラウドタワー亀戸クロス　ブライトタワー棟,東京都江東区亀戸６-３１－２,ＪＲ総武線「亀戸」徒歩2分,2021年3月,165000000.0,2LDK,78.44,19.8,東京,江東,57,16500.0,694,ＪＲ総武線,亀戸,35.6950221,139.8286782
◆プラウドタワー石神井公園,東京都練馬区石神井町３,西武池袋線「石神井公園」徒歩3分,2012年2月,165000000.0,3LDK,94.53,13.68,東京,練馬,166,16500.0,576,西武池袋線,石神井公園,35.742185,139.6050513
プラウドタワー石神井公園　23階部分,東京都練馬区石神井町３,西武池袋線「石神井公園」徒歩3分,2012年2月,165000000.0,3LDK,94.53,13.68,東京,練馬,166,16500.0,576,西武池袋線,石神井公園,35.742185,139.6050513
キャナルワーフタワーズ,東京都江東区豊洲１,東京メトロ有楽町線「豊洲」徒歩12分,2000年11月,165980000.0,3LDK,100.21,29.76,東京,江東,301,16598.0,547,東京メトロ有楽町線,豊洲,35.6607961,139.7920494
プライヴブルー東京,東京都江東区豊洲４-１０ー１８,東京メトロ有楽町線「豊洲」徒歩6分,2005年2月,168000000.0,3LDK,83.44,15.48,東京,江東,250,16800.0,664,東京メトロ有楽町線,豊洲,35.6544364,139.8009427
ステーションガーデンタワー,東京都荒川区西日暮里２,ＪＲ山手線「日暮里」徒歩3分,2008年3月,168000000.0,3LDK,75.94,9.18,東京,荒川,213,16800.0,730,ＪＲ山手線,日暮里,35.730653,139.7715977
ステーションガーデンタワー36階,東京都荒川区西日暮里２-25-1,ＪＲ山手線「日暮里」徒歩1分,2008年3月,168000000.0,3LDK,75.94,9.18,東京,荒川,213,16800.0,730,ＪＲ山手線,日暮里,35.7294814,139.7713581
カテリーナ三田タワースイート,東京都港区芝４,ＪＲ山手線「田町」徒歩5分,2006年8月,168000000.0,2LDK,53.1,9.36,東京,港,232,16800.0,1044,ＪＲ山手線,田町,35.6481737,139.7505142
プラウドタワー東雲キャナルコート,東京都江東区東雲１,東京メトロ有楽町線「豊洲」徒歩12分,2012年12月,169000000.0,2LDK,84.25,15.75,東京,江東,156,16900.0,662,東京メトロ有楽町線,豊洲,35.6465138,139.802278
プラウドタワー東雲キャナルコート,東京都江東区東雲１-9-50,東京メトロ有楽町線「辰巳」徒歩11分,2012年12月,169000000.0,2LDK,84.25,15.75,東京,江東,156,16900.0,662,東京メトロ有楽町線,辰巳,35.64949319999999,139.8046376
プラウドタワー東雲キャナルコート,東京都江東区東雲１,東京メトロ有楽町線「辰巳」徒歩11分,2012年12月,169000000.0,2LDK,84.25,15.75,東京,江東,156,16900.0,662,東京メトロ有楽町線,辰巳,35.6465138,139.802278
大崎ウエストシティタワーズ E棟,東京都品川区大崎２-9-1,ＪＲ山手線「大崎」徒歩4分,2009年9月,169800000.0,1LDK+S（納戸）,54.24,4.98,東京,品川,195,16980.0,1033,ＪＲ山手線,大崎,35.616749,139.7277886
大崎ウエストシティタワーズＥ棟,東京都品川区大崎２,ＪＲ山手線「大崎」徒歩4分,2009年9月,169800000.0,1LDK+S（納戸）,54.24,4.98,東京,品川,195,16980.0,1033,ＪＲ山手線,大崎,35.6177742,139.7262455
ＧＬＯＢＡＬ　ＦＲＯＮＴ　ＴＯＷＥＲ,東京都港区芝浦１,ＪＲ山手線「田町」徒歩10分,2015年9月,170000000.0,2LDK+S（納戸）,56.86,10.64,東京,港,123,17000.0,987,ＪＲ山手線,田町,35.6485621,139.754347
パークタワー勝どきサウス◆眺望良好◆共有施設充実◆リ…,東京都中央区勝どき４-6-1,都営大江戸線「勝どき」徒歩5分,2023年8月,172000000.0,2LDK,56.71,8.69,東京,中央,28,17200.0,1001,都営大江戸線,勝どき,35.6564849,139.7760915
アトラスタワー小石川,東京都文京区小石川１,東京メトロ丸ノ内線「後楽園」徒歩3分,2003年11月,174800000.0,2LDK,68.52,9.64,東京,文京,265,17480.0,842,東京メトロ丸ノ内線,後楽園,35.7122246,139.7521112
THE TOKYO TOWERS,東京都中央区勝どき６,都営大江戸線「勝どき」徒歩5分,2008年1月,174990000.0,3LDK,73.94,5.94,東京,中央,215,17499.0,781,都営大江戸線,勝どき,35.6550953,139.7735148
ザ・タワー十条,東京都北区上十条２,ＪＲ埼京線「十条」徒歩1分,2024年9月,175000000.0,3LDK,83.03,17.3,東京,北,15,17500.0,696,ＪＲ埼京線,十条,35.7591353,139.7211376
ソプラタワー,東京都目黒区青葉台３-7-17,東急田園都市線「池尻大橋」徒歩8分,1999年3月,176800000.0,3LDK,83.77,12.74,東京,目黒,321,17680.0,696,東急田園都市線,池尻大橋,35.6517675,139.6900033
Briia Tower池袋WEST,東京都豊島区池袋３,東京メトロ有楽町線「要町」徒歩6分,2024年1月,177000000.0,2LDK,64.14,6.59,東京,豊島,23,17700.0,911,東京メトロ有楽町線,要町,35.7364147,139.7045399
Brillia Tower 池袋 West,東京都豊島区池袋３,東京メトロ有楽町線「要町」徒歩3分,2024年1月,177000000.0,2LDK,64.14,6.59,東京,豊島,23,17700.0,911,東京メトロ有楽町線,要町,35.7364147,139.7045399
ソプラタワー 見学予約可　80万円分家具家電プレゼン…,東京都目黒区青葉台３,東急田園都市線「池尻大橋」徒歩8分,1999年3月,179800000.0,3LDK+3S（納戸）,83.77,12.74,東京,目黒,321,17980.0,708,東急田園都市線,池尻大橋,35.65214570000001,139.6917756
ジェントルエア神宮前　【リノベ】,東京都渋谷区神宮前２,東京メトロ副都心線「北参道」徒歩7分,2007年2月,179800000.0,2LDK,57.83,4.0,東京,渋谷,226,17980.0,1026,東京メトロ副都心線,北参道,35.6736057,139.7109231
CAPITAL GATE PLACE,東京都中央区月島１,東京メトロ有楽町線「月島」徒歩1分,2013年8月,179990000.0,2LDK,65.51,14.72,東京,中央,148,17999.0,907,東京メトロ有楽町線,月島,35.6644207,139.7824618
パークコート虎ノ門愛宕タワー,東京都港区虎ノ門３,東京メトロ日比谷線「神谷町」徒歩3分,2008年4月,180000000.0,1LDK,51.08,3.28,東京,港,212,18000.0,1163,東京メトロ日比谷線,神谷町,35.6642718,139.747001
ブランズタワー豊洲,東京都江東区豊洲５,東京メトロ有楽町線「豊洲」徒歩5分,2021年10月,182000000.0,2LDK,58.02,12.13,東京,江東,50,18200.0,1035,東京メトロ有楽町線,豊洲,35.6505285,139.7965242
ブランズタワー豊洲,東京都江東区豊洲５-1-13,東京メトロ有楽町線「豊洲」徒歩4分,2021年10月,182000000.0,2LDK,58.02,12.13,東京,江東,50,18200.0,1035,東京メトロ有楽町線,豊洲,35.6520776,139.7941746
TOKYO　SEA　SOUTH　ブランファーレ,東京都港区港南４,ＪＲ山手線「品川」徒歩12分,2004年6月,182000000.0,3LDK,95.67,14.43,東京,港,258,18200.0,628,ＪＲ山手線,品川,35.6273113,139.7485979
晴海フラッグ サンビレッジ T棟,東京都中央区晴海５-５－４７,都営大江戸線「勝どき」徒歩17分,2025年10月,182100000.0,3LDK,71.51,15.72,東京,中央,2,18210.0,840,都営大江戸線,勝どき,35.650519,139.7735989
CAPITAL GATE PLACE THE TOW…,東京都中央区月島１,東京メトロ有楽町線「月島」徒歩1分,2015年7月,182800000.0,2LDK,58.29,15.5,東京,中央,125,18280.0,1035,東京メトロ有楽町線,月島,35.6644207,139.7824618
晴海アイランドトリトンスクエアビュータワー,東京都中央区晴海１-6-1,都営大江戸線「月島」徒歩6分,1998年2月,184800000.0,3LDK,91.42,0.0,東京,中央,334,18480.0,667,都営大江戸線,月島,35.6590853,139.7840305
WORLD TOWER RESIDENCE,東京都港区浜松町２,ＪＲ山手線「浜松町」徒歩2分,2024年11月,185000000.0,1LDK,40.3,7.8,東京,港,13,18500.0,1515,ＪＲ山手線,浜松町,35.6548149,139.7556247
パークタワー晴海,東京都中央区晴海２,東京メトロ有楽町線「月島」徒歩12分,2019年2月,185000000.0,2LDK,81.64,22.0,東京,中央,82,18500.0,748,東京メトロ有楽町線,月島,35.6564518,139.7869359
ブリリアタワー池袋ＷＥＳＴ　18階,東京都豊島区池袋３,ＪＲ山手線「池袋」徒歩10分,2024年3月,185000000.0,2LDK,64.14,6.59,東京,豊島,21,18500.0,952,ＪＲ山手線,池袋,35.7364147,139.7045399
勝どきザ・タワー,東京都中央区勝どき５,都営大江戸線「勝どき」徒歩7分,2016年11月,188000000.0,2LDK,58.94,8.42,東京,中央,109,18800.0,1053,都営大江戸線,勝どき,35.657516,139.7709587
パークタワー晴海,東京都中央区晴海２-2-42,東京メトロ有楽町線「月島」徒歩12分,2019年2月,188000000.0,2LDK,69.25,15.03,東京,中央,82,18800.0,896,東京メトロ有楽町線,月島,35.6569192,139.7867489
晴海フラッグ パークビレッジ T棟（SKY DUO）,東京都中央区晴海５-6-7,都営大江戸線「勝どき」徒歩18分,2025年10月,188000000.0,3LDK,71.01,18.6,東京,中央,2,18800.0,874,都営大江戸線,勝どき,35.6497754,139.7745565
勝どきザ・タワー,東京都中央区勝どき５,都営大江戸線「勝どき」徒歩7分,2016年11月,188000000.0,2LDK,58.94,8.42,東京,中央,109,18800.0,1053,都営大江戸線,勝どき,35.657516,139.7709587
勝どきザ・タワー,東京都中央区勝どき５,都営大江戸線「勝どき」徒歩7分,2016年11月,188000000.0,2LDK,58.94,8.42,東京,中央,109,18800.0,1053,都営大江戸線,勝どき,35.657516,139.7709587
ワールドシティタワーズ キャピタルタワー,東京都港区港南４,ＪＲ山手線「品川」徒歩15分,2006年10月,189000000.0,2LDK+S（納戸）,94.39,5.15,東京,港,230,18900.0,661,ＪＲ山手線,品川,35.6273113,139.7485979
ローレルタワールネ浜松町,東京都港区海岸２,新交通ゆりかもめ「日の出」徒歩1分,2020年1月,189900000.0,2LDK,66.34,6.0,東京,港,71,18990.0,945,新交通ゆりかもめ,日の出,35.6501388,139.7589234
プライムパークス品川シーサイド ザ・タワー,東京都品川区東品川４,りんかい線「品川シーサイド」徒歩4分,2019年1月,194800000.0,2LDK,85.68,11.37,東京,品川,83,19480.0,750,りんかい線,品川シーサイド,35.6089355,139.7485979
THE TOKYO TOWERS SEA TOWER,東京都中央区勝どき６,都営大江戸線「勝どき」徒歩11分,2008年1月,195000000.0,2LDK+S（納戸）,78.47,6.48,東京,中央,215,19500.0,820,都営大江戸線,勝どき,35.6550953,139.7735148
THE　TOKYO　TOWERS　SEA　TOWER,東京都中央区勝どき６,都営大江戸線「勝どき」徒歩7分,2008年1月,196000000.0,2LDK,86.86,7.39,東京,中央,215,19600.0,745,都営大江戸線,勝どき,35.6550953,139.7735148
ブリリア有明シティタワー,東京都江東区有明１,新交通ゆりかもめ「有明テニスの森」徒歩9分,2014年12月,196800000.0,2LDK,75.91,42.0,東京,江東,132,19680.0,856,新交通ゆりかもめ,有明テニスの森,35.6403728,139.7869359
ブリリア有明シティタワー,東京都江東区有明１,新交通ゆりかもめ「有明テニスの森」徒歩8分,2014年12月,196800000.0,2LDK,75.91,42.0,東京,江東,132,19680.0,856,新交通ゆりかもめ,有明テニスの森,35.6403728,139.7869359
パークタワー晴海,東京都中央区晴海２,東京メトロ有楽町線「月島」徒歩10分,2019年2月,198000000.0,3LDK+S（納戸）,77.61,19.62,東京,中央,82,19800.0,842,東京メトロ有楽町線,月島,35.6564518,139.7869359
パークタワー西新宿,東京都新宿区西新宿５,都営大江戸線「西新宿五丁目」徒歩8分,2024年11月,198000000.0,2LDK,62.1,12.55,東京,新宿,13,19800.0,1052,都営大江戸線,西新宿五丁目,35.6948318,139.6866706
コスモポリス品川,東京都港区港南３-6－21,ＪＲ山手線「品川」徒歩11分,2016年11月,198000000.0,2LDK,81.82,14.96,東京,港,109,19800.0,799,ＪＲ山手線,品川,35.632002,139.7478536
ザ　パークハウス晴海タワーズ　クロノレジデンス,東京都中央区晴海２,都営大江戸線「勝どき」徒歩11分,2013年10月,198000000.0,2LDK,75.29,18.41,東京,中央,146,19800.0,868,都営大江戸線,勝どき,35.6564518,139.7869359
ワールドシティタワーズ　アクアタワー,東京都港区港南４,東京モノレール「天王洲アイル」徒歩4分,2005年10月,198000000.0,3LDK,86.85,6.1,東京,港,242,19800.0,752,東京モノレール,天王洲アイル,35.6273113,139.7485979
富久クロス コンフォートタワー,東京都新宿区富久町,東京メトロ丸ノ内線「新宿御苑前」徒歩7分,2015年4月,198000000.0,3LDK,70.12,12.08,東京,新宿,128,19800.0,932,東京メトロ丸ノ内線,新宿御苑前,35.6934999,139.7147533
ＨＡＲＵＭＩ ＦＬＡＧ ＰＡＲＫ ＶＩＬＬＡＧＥ,東京都中央区晴海５,都営大江戸線「勝どき」徒歩18分,2025年10月,198000000.0,2LDK,72.06,16.8,東京,中央,2,19800.0,907,都営大江戸線,勝どき,35.6490356,139.7741538
富久クロスコンフォートタワー,東京都新宿区富久町15-1,東京メトロ丸ノ内線「新宿御苑前」徒歩7分,2015年4月,199700000.0,2LDK+S（納戸）,63.42,12.44,東京,新宿,128,19970.0,1039,東京メトロ丸ノ内線,新宿御苑前,35.6919473,139.7139397
パークタワー晴海,東京都中央区晴海２,東京メトロ有楽町線「月島」徒歩11分,2019年2月,199800000.0,3LDK,78.59,18.93,東京,中央,82,19980.0,839,東京メトロ有楽町線,月島,35.6564518,139.7869359
ドゥトゥール（DEUX TOURS）WEST,東京都中央区晴海３,都営大江戸線「勝どき」徒歩5分,2015年10月,199800000.0,3LDK,70.7,5.08,東京,中央,122,19980.0,933,都営大江戸線,勝どき,35.6548467,139.7786272
【＊プラウドタワー目黒MARC＊English 中文…,東京都品川区西五反田３,ＪＲ山手線「目黒」徒歩9分,2023年8月,206800000.0,2LDK,61.76,16.38,東京,品川,28,20680.0,1105,ＪＲ山手線,目黒,35.6279656,139.717307
パークタワー晴海　44階,東京都中央区晴海２-2-42,東京メトロ有楽町線「月島」徒歩12分,2019年2月,208000000.0,3LDK,78.59,18.93,東京,中央,82,20800.0,873,東京メトロ有楽町線,月島,35.6569192,139.7867489
パークタワー渋谷本町,東京都渋谷区本町３,都営大江戸線「西新宿五丁目」徒歩6分,2013年10月,208000000.0,2LDK,66.66,8.62,東京,渋谷,146,20800.0,1030,都営大江戸線,西新宿五丁目,35.6953137,139.676462
パークタワー晴海,東京都中央区晴海２,東京メトロ有楽町線「月島」徒歩11分,2019年2月,208800000.0,3LDK,81.64,22.0,東京,中央,82,20880.0,844,東京メトロ有楽町線,月島,35.6564518,139.7869359
ブリリアタワーズ目黒サウスレジデンス,東京都品川区上大崎３,ＪＲ山手線「目黒」徒歩3分,2017年7月,209800000.0,1LDK,48.78,9.37,東京,品川,101,20980.0,1419,ＪＲ山手線,目黒,35.631922,139.7185838
パークコート渋谷ザタワー,東京都渋谷区宇田川町,ＪＲ山手線「渋谷」徒歩10分,2020年7月,209800000.0,2LDK,74.46,5.25,東京,渋谷,65,20980.0,930,ＪＲ山手線,渋谷,35.661594,139.6981574
コスモポリス品川,東京都港区港南３,ＪＲ山手線「品川」徒歩11分,2005年2月,210000000.0,2LDK,90.41,16.39,東京,港,250,21000.0,767,ＪＲ山手線,品川,35.633247,139.7505142
HARUMI FLAG PARK VILLAGE T…,東京都中央区晴海５,都営大江戸線「勝どき」徒歩19分,2025年10月,210000000.0,3LDK,86.66,38.78,東京,中央,2,21000.0,800,都営大江戸線,勝どき,35.6490356,139.7741538
コスモポリス品川,東京都港区港南３,ＪＲ山手線「品川」徒歩10分,2005年2月,210000000.0,2LDK,90.41,16.39,東京,港,250,21000.0,767,ＪＲ山手線,品川,35.633247,139.7505142
芝浦アイランドケープタワー,東京都港区芝浦４,ＪＲ山手線「田町」徒歩12分,2006年10月,210000000.0,3LDK+S（納戸）,94.18,17.3,東京,港,230,21000.0,736,ＪＲ山手線,田町,35.6400662,139.7460429
アーバンドックパークシティ豊洲タワーＡ,東京都江東区豊洲２,東京メトロ有楽町線「豊洲」徒歩6分,2008年2月,215000000.0,3LDK,80.38,17.6,東京,江東,214,21500.0,883,東京メトロ有楽町線,豊洲,35.6553723,139.7914102
ザ・パークハウス西新宿タワー60,東京都新宿区西新宿５-5-1,都営大江戸線「西新宿五丁目」徒歩7分,2017年8月,219800000.0,3LDK,83.37,15.94,東京,新宿,100,21980.0,870,都営大江戸線,西新宿五丁目,35.6918758,139.7100852
ザ・パークハウス大森タワー,東京都大田区大森北１,ＪＲ京浜東北線「大森」徒歩3分,2024年11月,219800000.0,3LDK,76.28,21.4,東京,大田,13,21980.0,951,ＪＲ京浜東北線,大森,35.5866413,139.7287997
ザ・パークハウス大森タワー◆築浅◆高層階◆京浜東北線…,東京都大田区大森北１,ＪＲ京浜東北線「大森」徒歩3分,2024年11月,219800000.0,3LDK,76.28,21.4,東京,大田,13,21980.0,951,ＪＲ京浜東北線,大森,35.5866413,139.7287997
ザ・パークハウス晴海タワーズティアロレジデンス,東京都中央区晴海２-3-2,都営大江戸線「勝どき」徒歩13分,2016年4月,220000000.0,3LDK,81.89,17.88,東京,中央,116,22000.0,887,都営大江戸線,勝どき,35.6561262,139.7858853
TOKYO SEA SOUTH ブランファーレ,東京都港区港南４,東京モノレール「天王洲アイル」徒歩9分,2004年6月,225000000.0,2LDK,98.43,14.35,東京,港,258,22500.0,754,東京モノレール,天王洲アイル,35.6273113,139.7485979
プラウドタワー東雲キャナルコート,東京都江東区東雲１,東京メトロ有楽町線「辰巳」徒歩11分,2012年12月,228500000.0,2LDK+S（納戸）,91.37,20.5,東京,江東,156,22850.0,825,東京メトロ有楽町線,辰巳,35.6465138,139.802278
プラウドタワー芝浦,東京都港区芝浦４-15,ＪＲ山手線「田町」徒歩12分,2023年1月,229980000.0,3LDK,75.77,5.75,東京,港,35,22998.0,1002,ＪＲ山手線,田町,35.6400662,139.7460429
クロスエアタワー,東京都目黒区大橋１,東急田園都市線「池尻大橋」徒歩5分,2013年1月,232000000.0,1LDK+S（納戸）,68.14,14.25,東京,目黒,155,23200.0,1124,東急田園都市線,池尻大橋,35.6510223,139.6882659
クロスエアタワー,東京都目黒区大橋１,東急田園都市線「池尻大橋」徒歩5分,2013年1月,232000000.0,2LDK,68.14,14.25,東京,目黒,155,23200.0,1124,東急田園都市線,池尻大橋,35.6510223,139.6882659
クロスエアタワー,東京都目黒区大橋１,東急田園都市線「池尻大橋」徒歩8分,2012年12月,235000000.0,2LDK,68.41,12.87,東京,目黒,156,23500.0,1134,東急田園都市線,池尻大橋,35.6510223,139.6882659
パークタワーグランスカイ,東京都品川区東五反田２,ＪＲ山手線「五反田」徒歩6分,2010年6月,238000000.0,2LDK,71.3,11.9,東京,品川,186,23800.0,1102,ＪＲ山手線,五反田,35.6233916,139.7287997
パークタワー　グランスカイ,東京都品川区東五反田２,ＪＲ山手線「五反田」徒歩6分,2010年6月,238000000.0,2LDK,71.3,11.9,東京,品川,186,23800.0,1102,ＪＲ山手線,五反田,35.6233916,139.7287997
アップルタワー東京キャナルコート,東京都江東区東雲１,東京メトロ有楽町線「辰巳」徒歩8分,2007年2月,238000000.0,3LDK,130.07,0.0,東京,江東,226,23800.0,604,東京メトロ有楽町線,辰巳,35.6465138,139.802278
恵比寿ガーデンテラス壱番館,東京都目黒区三田１,ＪＲ山手線「恵比寿」徒歩9分,1994年7月,238000000.0,1LDK,64.05,14.88,東京,目黒,377,23800.0,1226,ＪＲ山手線,恵比寿,35.6407158,139.7147533
シティタワー大井町,東京都品川区大井１,ＪＲ京浜東北線「大井町」徒歩5分,2019年8月,239800000.0,3LDK+S（納戸）,70.35,7.49,東京,品川,76,23980.0,1125,ＪＲ京浜東北線,大井町,35.6065548,139.7326311
THE 千代田麹町 TOWER,東京都千代田区麹町３,東京メトロ有楽町線「麹町」徒歩1分,2019年1月,239800000.0,2LDK,53.37,6.4,東京,千代田,83,23980.0,1483,東京メトロ有楽町線,麹町,35.6844686,139.738698
ワールドタワーレジデンス,東京都港区浜松町２,ＪＲ山手線「浜松町」徒歩2分,2024年11月,239990000.0,2LDK,54.8,10.59,東京,港,13,23999.0,1445,ＪＲ山手線,浜松町,35.6548149,139.7556247
ワールドタワーレジデンス　,東京都港区浜松町２,ＪＲ山手線「浜松町」徒歩2分,2024年11月,239990000.0,2LDK,54.8,10.59,東京,港,13,23999.0,1445,ＪＲ山手線,浜松町,35.6548149,139.7556247
HARUMI FLAG PARK VILLAGE T…,東京都中央区晴海５,都営大江戸線「勝どき」徒歩15分,2025年9月,248000000.0,3LDK,84.04,19.65,東京,中央,3,24800.0,974,都営大江戸線,勝どき,35.6490356,139.7741538
シティタワーズ東京ベイ　セントラルタワー,東京都江東区有明２,新交通ゆりかもめ「有明」徒歩4分,2019年7月,248000000.0,2LDK,79.88,23.37,東京,江東,77,24800.0,1025,新交通ゆりかもめ,有明,35.6388488,139.7946064
ブリリアザタワー東京八重洲アベニュー◆八丁堀駅徒歩1…,東京都中央区新川２,ＪＲ山手線「東京」徒歩17分,2017年9月,250000000.0,3LDK,72.86,14.7,東京,中央,99,25000.0,1132,ＪＲ山手線,東京,35.6736061,139.7824618
シティタワーズ豊洲　ザ・ツイン,東京都江東区豊洲３,東京メトロ有楽町線「豊洲」徒歩5分,2009年2月,250000000.0,2LDK,92.72,7.39,東京,江東,202,25000.0,890,東京メトロ有楽町線,豊洲,35.6585681,139.7965242
芝浦アイランドケープタワー,東京都港区芝浦４,ＪＲ山手線「田町」徒歩13分,2006年10月,253000000.0,3LDK,104.6,15.26,東京,港,230,25300.0,798,ＪＲ山手線,田町,35.6400662,139.7460429
富久クロスコンフォートタワー,東京都新宿区富久町,東京メトロ丸ノ内線「新宿御苑前」徒歩5分,2015年4月,254000000.0,3LDK,76.29,4.13,東京,新宿,128,25400.0,1099,東京メトロ丸ノ内線,新宿御苑前,35.6934999,139.7147533
ルネッサンスタワー上野池之端,東京都台東区池之端２,東京メトロ千代田線「根津」徒歩4分,2005年1月,259800000.0,2LDK,95.81,20.26,東京,台東,251,25980.0,895,東京メトロ千代田線,根津,35.7145177,139.7671248
THE TOKYO TOWERS MID TOWER,東京都中央区勝どき６,都営大江戸線「勝どき」徒歩8分,2008年1月,268000000.0,3LDK,94.28,0.0,東京,中央,215,26800.0,938,都営大江戸線,勝どき,35.6550953,139.7735148
プリズムタワー,東京都目黒区大橋１-10-1,東急田園都市線「池尻大橋」徒歩2分,2009年4月,270000000.0,2LDK,86.02,25.56,東京,目黒,200,27000.0,1036,東急田園都市線,池尻大橋,35.6512552,139.6864988
プリズムタワー,東京都目黒区大橋１,東急田園都市線「池尻大橋」徒歩5分,2009年1月,270000000.0,2LDK,86.02,25.56,東京,目黒,203,27000.0,1036,東急田園都市線,池尻大橋,35.6510223,139.6882659
プリズムタワー,東京都目黒区大橋１,東急田園都市線「池尻大橋」徒歩2分,2009年4月,270000000.0,2LDK,86.02,25.56,東京,目黒,200,27000.0,1036,東急田園都市線,池尻大橋,35.6510223,139.6882659
MID TOWER GRAND,東京都中央区月島１,東京メトロ有楽町線「月島」徒歩2分,2020年10月,275000000.0,3LDK,77.34,11.45,東京,中央,62,27500.0,1173,東京メトロ有楽町線,月島,35.6644207,139.7824618
パークタワー芝公園,東京都港区芝３,都営三田線「芝公園」徒歩4分,2012年10月,278000000.0,2LDK,55.32,6.48,東京,港,158,27800.0,1658,都営三田線,芝公園,35.6523773,139.7466817
プラウドタワー芝浦,東京都港区芝浦４,ＪＲ山手線「田町」徒歩11分,2023年1月,278000000.0,3LDK,79.07,12.39,東京,港,35,27800.0,1160,ＪＲ山手線,田町,35.6400662,139.7460429
パークタワー西新宿,東京都新宿区西新宿５,都営大江戸線「西新宿五丁目」徒歩6分,2024年11月,285000000.0,3LDK,80.7,18.49,東京,新宿,13,28500.0,1165,都営大江戸線,西新宿五丁目,35.6948318,139.6866706
赤坂タワーレジデンスTop of the Hill,東京都港区赤坂２-17-50,東京メトロ千代田線「赤坂」徒歩4分,2008年4月,288000000.0,1LDK+S（納戸）,66.13,11.04,東京,港,212,28800.0,1437,東京メトロ千代田線,赤坂,35.6698122,139.7384585
パークタワー晴海,東京都中央区晴海２,東京メトロ有楽町線「月島」徒歩14分,2019年2月,288000000.0,4LDK,89.95,21.24,東京,中央,82,28800.0,1057,東京メトロ有楽町線,月島,35.6564518,139.7869359
白金タワー,東京都港区白金１,東京メトロ南北線「白金高輪」徒歩1分,2005年9月,290000000.0,1LDK+S（納戸）,75.95,7.95,東京,港,243,29000.0,1260,東京メトロ南北線,白金高輪,35.6449583,139.7339083
シティタワー麻布十番,東京都港区三田１,都営大江戸線「麻布十番」徒歩5分,2009年6月,290000000.0,1LDK,55.7,5.52,東京,港,198,29000.0,1718,都営大江戸線,麻布十番,35.6537721,139.741572
シティタワー麻布十番,東京都港区三田１,東京メトロ南北線「麻布十番」徒歩4分,2009年6月,295000000.0,1LDK,55.7,5.52,東京,港,198,29500.0,1748,東京メトロ南北線,麻布十番,35.6537721,139.741572
WORLD TOWER RESIDENCE,東京都港区浜松町２,ＪＲ山手線「浜松町」徒歩2分,2024年11月,295000000.0,2LDK,55.46,10.71,東京,港,13,29500.0,1755,ＪＲ山手線,浜松町,35.6548149,139.7556247
ドゥ・トゥール　ウエスト,東京都中央区晴海３,都営大江戸線「勝どき」徒歩5分,2015年9月,298000000.0,3LDK,100.9,7.15,東京,中央,123,29800.0,975,都営大江戸線,勝どき,35.6548467,139.7786272
ドゥ・トゥール,東京都中央区晴海３,都営大江戸線「勝どき」徒歩5分,2015年9月,298000000.0,3LDK,100.9,7.15,東京,中央,123,29800.0,975,都営大江戸線,勝どき,35.6548467,139.7786272
パークタワー晴海,東京都中央区晴海２,東京メトロ有楽町線「月島」徒歩12分,2019年2月,298000000.0,4LDK,95.43,22.79,東京,中央,82,29800.0,1030,東京メトロ有楽町線,月島,35.6564518,139.7869359
カテリーナ三田タワースイート,東京都港区芝４-16,都営三田線「三田」徒歩3分,2006年8月,300000000.0,2LDK,70.31,7.08,東京,港,232,30000.0,1408,都営三田線,三田,35.6481117,139.7505556
カテリーナ三田タワースイート,東京都港区芝４,ＪＲ山手線「田町」徒歩5分,2006年8月,300000000.0,2LDK,70.31,7.09,東京,港,232,30000.0,1408,ＪＲ山手線,田町,35.6481737,139.7505142
カテリーナ三田タワースイートＥ,東京都港区芝４,ＪＲ山手線「田町」徒歩5分,2006年8月,300000000.0,2LDK,70.31,7.08,東京,港,232,30000.0,1408,ＪＲ山手線,田町,35.6481737,139.7505142
プライムパークス品川シーサイドザ・タワー,東京都品川区東品川４,りんかい線「品川シーサイド」徒歩3分,2019年1月,300000000.0,3LDK,111.18,13.0,東京,品川,83,30000.0,890,りんかい線,品川シーサイド,35.6089355,139.7485979
白金ザ・スカイ,東京都港区白金１,東京メトロ南北線「白金高輪」徒歩3分,2023年2月,308000000.0,2LDK,68.03,7.4,東京,港,34,30800.0,1494,東京メトロ南北線,白金高輪,35.6449583,139.7339083
セントラルパークタワー ラ・トゥール新宿,東京都新宿区西新宿６,都営大江戸線「都庁前」徒歩5分,2010年2月,309800000.0,2LDK,77.55,4.03,東京,新宿,190,30980.0,1318,都営大江戸線,都庁前,35.6929304,139.6904993
勝どきザ・タワー,東京都中央区勝どき５,都営大江戸線「勝どき」徒歩8分,2016年11月,318000000.0,2LDK+S（納戸）,100.05,0.0,東京,中央,109,31800.0,1049,都営大江戸線,勝どき,35.657516,139.7709587
勝どきザ・タワー,東京都中央区勝どき５,都営大江戸線「勝どき」徒歩8分,2016年11月,318000000.0,2LDK+S（納戸）,100.05,0.0,東京,中央,109,31800.0,1049,都営大江戸線,勝どき,35.657516,139.7709587
勝どきザ・タワー,東京都中央区勝どき５-３－１,都営大江戸線「勝どき」徒歩9分,2016年11月,318000000.0,2LDK+S（納戸）,100.05,0.0,東京,中央,109,31800.0,1049,都営大江戸線,勝どき,35.65665329999999,139.7725581
クラッシィタワー新宿御苑,東京都新宿区四谷４-29,東京メトロ丸ノ内線「新宿御苑前」徒歩4分,2024年10月,320000000.0,2LDK,74.92,6.5,東京,新宿,14,32000.0,1410,東京メトロ丸ノ内線,新宿御苑前,35.6883083,139.7145239
勝どきザ・タワー,東京都中央区勝どき５-3-1,都営大江戸線「勝どき」徒歩8分,2006年11月,328000000.0,2LDK+S（納戸）,100.05,0.0,東京,中央,229,32800.0,1082,都営大江戸線,勝どき,35.65665329999999,139.7725581
ブランズタワー芝浦,東京都港区芝浦２,ＪＲ山手線「田町」徒歩9分,2021年8月,328000000.0,3LDK,80.07,14.26,東京,港,52,32800.0,1352,ＪＲ山手線,田町,35.6446055,139.7530694
東京パークタワー,東京都千代田区神田神保町１,都営三田線「神保町」徒歩1分,2003年1月,328000000.0,2LDK,86.3,22.3,東京,千代田,275,32800.0,1254,都営三田線,神保町,35.6953781,139.7594578
クラッシィタワー新宿御苑,東京都新宿区四谷４,東京メトロ丸ノ内線「新宿御苑前」徒歩4分,2024年11月,335000000.0,3LDK,79.14,0.0,東京,新宿,13,33500.0,1397,東京メトロ丸ノ内線,新宿御苑前,35.6894241,139.7160301
恵比寿ガーデンテラス壱番館,東京都目黒区三田１,ＪＲ山手線「恵比寿」徒歩10分,1994年7月,348000000.0,2LDK+S（納戸）,84.22,18.48,東京,目黒,377,34800.0,1364,ＪＲ山手線,恵比寿,35.6407158,139.7147533
セントラルパークタワーラ・トゥール新宿,東京都新宿区西新宿６,都営大江戸線「都庁前」徒歩5分,2010年2月,348000000.0,2LDK,77.39,4.03,東京,新宿,190,34800.0,1484,都営大江戸線,都庁前,35.6929304,139.6904993
恵比寿ガーデンテラス壱番館,東京都目黒区三田１,ＪＲ山手線「恵比寿」徒歩9分,1994年7月,348000000.0,2LDK+S（納戸）,84.22,18.48,東京,目黒,377,34800.0,1364,ＪＲ山手線,恵比寿,35.6407158,139.7147533
白金ザ・スカイ,東京都港区白金１,東京メトロ南北線「白金高輪」徒歩3分,2023年2月,358000000.0,2LDK,71.81,7.0,東京,港,34,35800.0,1645,東京メトロ南北線,白金高輪,35.6449583,139.7339083
東京タイムズタワー,東京都千代田区外神田４,ＪＲ山手線「秋葉原」徒歩5分,2004年9月,358000000.0,2LDK,92.29,11.13,東京,千代田,255,35800.0,1280,ＪＲ山手線,秋葉原,35.7005017,139.7722367
白金ザ・スカイ,東京都港区白金１,東京メトロ南北線「白金高輪」徒歩3分,2023年2月,358000000.0,2LDK,76.0,7.0,東京,港,34,35800.0,1554,東京メトロ南北線,白金高輪,35.6449583,139.7339083
シティタワー武蔵小山,東京都品川区小山３,東急目黒線「武蔵小山」徒歩2分,2021年4月,358000000.0,3LDK,88.95,20.79,東京,品川,56,35800.0,1328,東急目黒線,武蔵小山,35.6205453,139.7045399
ザ・レジデンス三田,東京都港区三田２,都営大江戸線「赤羽橋」徒歩6分,2014年11月,360000000.0,2LDK,74.74,6.8,東京,港,133,36000.0,1590,都営大江戸線,赤羽橋,35.6494981,139.7409333
【予約制内覧会実施】白金ザ・スカイE棟,東京都港区白金１-2-1,東京メトロ南北線「白金高輪」徒歩3分,2023年2月,378000000.0,2LDK,71.81,7.0,東京,港,34,37800.0,1737,東京メトロ南北線,白金高輪,35.6460844,139.7351057
代官山アドレスタワー,東京都渋谷区代官山町,東急東横線「代官山」徒歩1分,2000年8月,378000000.0,3LDK,102.72,12.74,東京,渋谷,304,37800.0,1214,東急東横線,代官山,35.6505465,139.7042207
シティタワー高輪,東京都港区高輪１,東京メトロ南北線「白金高輪」徒歩7分,2004年1月,385000000.0,2LDK+S（納戸）,129.68,14.54,東京,港,263,38500.0,980,東京メトロ南北線,白金高輪,35.6403663,139.7339083
ブランズタワー豊洲,東京都江東区豊洲５-1-13,東京メトロ有楽町線「豊洲」徒歩4分,2021年10月,390000000.0,3LDK,103.06,12.47,東京,江東,50,39000.0,1249,東京メトロ有楽町線,豊洲,35.6520776,139.7941746
プラウドタワー渋谷,東京都渋谷区渋谷３,ＪＲ山手線「渋谷」徒歩7分,2025年3月,393800000.0,2LDK,70.39,10.98,東京,渋谷,9,39380.0,1846,ＪＲ山手線,渋谷,35.6566382,139.7058165
白金ザ・スカイEAST,東京都港区白金１,都営三田線「白金高輪」徒歩4分,2023年2月,398000000.0,2LDK,81.25,7.0,東京,港,34,39800.0,1616,都営三田線,白金高輪,35.6449583,139.7339083
コスモポリス品川,東京都港区港南３,ＪＲ山手線「品川」徒歩10分,2005年2月,398000000.0,2LDK,135.99,29.98,東京,港,250,39800.0,966,ＪＲ山手線,品川,35.633247,139.7505142
ザ・パークハウス西麻布レジデンス,東京都港区西麻布４,東京メトロ日比谷線「広尾」徒歩6分,2014年5月,398000000.0,2LDK,85.87,4.72,東京,港,139,39800.0,1530,東京メトロ日比谷線,広尾,35.6581991,139.7211376
パークシティ中央湊ザ・タワー,東京都中央区湊２-15-14,東京メトロ日比谷線「八丁堀」徒歩6分,2017年11月,420000000.0,1LDK+S（納戸）,94.8,23.38,東京,中央,97,42000.0,1462,東京メトロ日比谷線,八丁堀,35.6712196,139.7806244
ザ・パークハウス白金二丁目タワー,東京都港区白金２,東京メトロ南北線「白金台」徒歩5分,2018年7月,428000000.0,2LDK,88.26,11.79,東京,港,89,42800.0,1600,東京メトロ南北線,白金台,35.6416377,139.7313539
白金ザ・スカイ　EAST,東京都港区白金１,東京メトロ南北線「白金高輪」徒歩3分,2023年2月,430000000.0,3LDK,83.41,7.0,東京,港,34,43000.0,1701,東京メトロ南北線,白金高輪,35.6449583,139.7339083
パークコート麻布十番ザ・タワー,東京都港区三田１,東京メトロ南北線「麻布十番」徒歩3分,2010年5月,435000000.0,2LDK,95.97,3.92,東京,港,187,43500.0,1496,東京メトロ南北線,麻布十番,35.6537721,139.741572
パークコート虎ノ門愛宕タワー,東京都港区虎ノ門３-14－1,東京メトロ日比谷線「神谷町」徒歩4分,2008年4月,438000000.0,1LDK,79.85,3.61,東京,港,212,43800.0,1810,東京メトロ日比谷線,神谷町,35.6639628,139.7476789
六本木ヒルズレジデンスＢ棟,東京都港区六本木６,東京メトロ日比谷線「六本木」徒歩6分,2003年4月,447800000.0,1LDK+S（納戸）,64.56,11.0,東京,港,272,44780.0,2289,東京メトロ日比谷線,六本木,35.6606389,139.7300768
パークコート神宮北参道ザ・タワー,東京都渋谷区千駄ヶ谷４-6-8,東京メトロ副都心線「北参道」徒歩1分,2023年1月,448000000.0,3LDK,90.57,7.36,東京,渋谷,35,44800.0,1632,東京メトロ副都心線,北参道,35.6802369,139.7047582
ブリリアタワー浜離宮,東京都港区海岸１,新交通ゆりかもめ「竹芝」徒歩2分,2023年9月,458000000.0,2LDK,83.1,8.4,東京,港,27,45800.0,1819,新交通ゆりかもめ,竹芝,35.6553975,139.7613745
青山パークタワー,東京都渋谷区渋谷１,ＪＲ山手線「渋谷」徒歩8分,2003年3月,498000000.0,2LDK+2S（納戸）,102.55,7.75,東京,渋谷,273,49800.0,1603,ＪＲ山手線,渋谷,35.66135020000001,139.7032633
ＴＨＥ　ＲＯＰＰＯＮＧＩ　ＴＯＫＹＯ,東京都港区六本木３,東京メトロ日比谷線「六本木」徒歩3分,2011年11月,498000000.0,2LDK,96.06,9.01,東京,港,169,49800.0,1711,東京メトロ日比谷線,六本木,35.6632012,139.7364627
東京ツインパークス・レフトウィング,東京都港区東新橋１,都営大江戸線「汐留」徒歩3分,2002年9月,498000000.0,2LDK,109.39,0.0,東京,港,279,49800.0,1502,都営大江戸線,汐留,35.664582,139.7613745
プラウドタワー千代田富士見レジデンス,東京都千代田区富士見１,東京メトロ有楽町線「飯田橋」徒歩4分,2014年2月,528000000.0,2LDK,96.6,24.14,東京,千代田,142,52800.0,1804,東京メトロ有楽町線,飯田橋,35.6971385,139.7466817
パークコート神宮北参道　ザ　タワー,東京都渋谷区千駄ヶ谷４,東京メトロ副都心線「北参道」徒歩3分,2023年1月,550000000.0,2LDK,97.14,5.83,東京,渋谷,35,55000.0,1868,東京メトロ副都心線,北参道,35.6791468,139.709008
SAION SAKURAZAKA　14階,東京都港区赤坂１,東京メトロ銀座線「溜池山王」徒歩2分,2009年12月,580000000.0,2LDK,107.48,0.0,東京,港,192,58000.0,1781,東京メトロ銀座線,溜池山王,35.6692065,139.7428494
グランスイート麻布台ヒルトップタワー,東京都港区麻布台３,東京メトロ南北線「六本木一丁目」徒歩7分,2014年1月,613000000.0,2LDK,89.12,6.48,東京,港,143,61300.0,2270,東京メトロ南北線,六本木一丁目,35.6601113,139.7380593
プラウドタワー渋谷,東京都渋谷区渋谷３,ＪＲ山手線「渋谷」徒歩9分,2025年3月,619800000.0,2LDK,98.08,11.86,東京,渋谷,9,61980.0,2085,ＪＲ山手線,渋谷,35.6566382,139.7058165
元麻布ヒルズフォレストタワー,東京都港区元麻布１,都営大江戸線「麻布十番」徒歩8分,2002年5月,640000000.0,2LDK+S（納戸）,105.96,5.28,東京,港,283,64000.0,1993,都営大江戸線,麻布十番,35.6536293,139.7326311
グランスイート虎ノ門,東京都港区虎ノ門１,東京メトロ日比谷線「虎ノ門ヒルズ」徒歩1分,2007年4月,698000000.0,2LDK,111.96,26.79,東京,港,224,69800.0,2057,東京メトロ日比谷線,虎ノ門ヒルズ,35.668325,139.7492367
アークタワーズウエスト,東京都港区六本木１,東京メトロ南北線「六本木一丁目」徒歩3分,1986年3月,698000000.0,3LDK,129.76,0.0,東京,港,477,69800.0,1775,東京メトロ南北線,六本木一丁目,35.6647384,139.7402946
パークコート虎ノ門愛宕タワー,東京都港区虎ノ門３,東京メトロ日比谷線「神谷町」徒歩4分,2008年4月,698000000.0,3LDK,131.72,12.58,東京,港,212,69800.0,1749,東京メトロ日比谷線,神谷町,35.6642718,139.747001
パークコート赤坂ザ・タワー,東京都港区赤坂４,東京メトロ千代田線「赤坂」徒歩8分,2009年6月,698000000.0,2LDK,130.96,17.11,東京,港,198,69800.0,1759,東京メトロ千代田線,赤坂,35.6748007,139.7339083
パークコート赤坂檜町ザタワー,東京都港区赤坂９,東京メトロ千代田線「乃木坂」徒歩3分,2018年2月,768000000.0,2LDK,78.5,19.23,東京,港,94,76800.0,3229,東京メトロ千代田線,乃木坂,35.6668899,139.7313539
パークコート渋谷ザタワー,東京都渋谷区宇田川町,ＪＲ山手線「渋谷」徒歩10分,2020年7月,798000000.0,1LDK,143.42,13.86,東京,渋谷,65,79800.0,1836,ＪＲ山手線,渋谷,35.661594,139.6981574
元麻布ヒルズフォレストタワー,東京都港区元麻布１-3-1,東京メトロ南北線「麻布十番」徒歩8分,2002年5月,838000000.0,2LDK,127.69,0.0,東京,港,283,83800.0,2166,東京メトロ南北線,麻布十番,35.6538432,139.7319126
THE COURT神宮外苑,東京都渋谷区神宮前２,東京メトロ銀座線「外苑前」徒歩8分,2020年1月,1000000000.0,3LDK,108.69,42.97,東京,渋谷,71,100000.0,3036,東京メトロ銀座線,外苑前,35.6736057,139.7109231
パークコート青山ザタワー,東京都港区南青山２,東京メトロ銀座線「青山一丁目」徒歩3分,2017年12月,1050000000.0,3LDK,135.21,0.0,東京,港,96,105000.0,2563,東京メトロ銀座線,青山一丁目,35.6652799,139.723053
THE COURT神宮外苑,東京都渋谷区神宮前２,東京メトロ銀座線「外苑前」徒歩8分,2020年1月,1058000000.0,2LDK,130.36,27.2,東京,渋谷,71,105800.0,2678,東京メトロ銀座線,外苑前,35.6736057,139.7109231
パークコート虎ノ門愛宕タワー,東京都港区虎ノ門３,東京メトロ日比谷線「神谷町」徒歩4分,2006年11月,1400000000.0,2LDK,168.23,57.82,東京,港,229,140000.0,2746,東京メトロ日比谷線,神谷町,35.6642718,139.747001
西戸山タワーホウムズ サウスタワーアネックス,東京都新宿区百人町３,ＪＲ山手線「新大久保」徒歩7分,1988年1月,9800000.0,1RM,12.99,0.0,東京,新宿,455,980.0,249,ＪＲ山手線,新大久保,35.7063302,139.6981574
東京蒲田スクエアタワー,東京都大田区蒲田４,京急本線「京急蒲田」徒歩3分,2008年6月,28600000.0,1K,22.2,3.3,東京,大田,210,2860.0,425,京急本線,京急蒲田,35.5605931,139.7211376
東京蒲田スクエアタワー,東京都大田区蒲田４,京急本線「京急蒲田」徒歩3分,2008年6月,28600000.0,1K,22.2,0.0,東京,大田,210,2860.0,425,京急本線,京急蒲田,35.5605931,139.7211376
東京蒲田スクエアタワー,東京都大田区蒲田４,京急本線「京急蒲田」徒歩3分,2008年6月,28600000.0,1K,22.2,3.3,東京,大田,210,2860.0,425,京急本線,京急蒲田,35.5605931,139.7211376
東京蒲田スクエアタワー,東京都大田区蒲田４,ＪＲ京浜東北線「蒲田」徒歩8分,2008年6月,28900000.0,1K,22.2,3.3,東京,大田,210,2890.0,430,ＪＲ京浜東北線,蒲田,35.5605931,139.7211376
サンシティＤ棟,東京都板橋区中台３,都営三田線「志村三丁目」徒歩12分,1979年10月,31800000.0,2LDK,57.62,7.38,東京,板橋,554,3180.0,182,都営三田線,志村三丁目,35.7739657,139.679652
ツインタワー住利住吉館,東京都江東区住吉１,東京メトロ半蔵門線「住吉」徒歩4分,1994年10月,48800000.0,2DK,46.33,7.22,東京,江東,374,4880.0,348,東京メトロ半蔵門線,住吉,35.6886665,139.8121885
清新北ハイツ５号棟,東京都江戸川区清新町１,東京メトロ東西線「西葛西」徒歩10分,1983年3月,50800000.0,3LDK,74.48,19.18,東京,江戸川,513,5080.0,225,東京メトロ東西線,西葛西,35.6623785,139.8534469
スカイグランデ汐留,東京都港区海岸１,ＪＲ山手線「浜松町」徒歩2分,2005年7月,52800000.0,1DK,26.31,6.16,東京,港,245,5280.0,662,ＪＲ山手線,浜松町,35.6553975,139.7613745
ヴィナシス金町タワーレジデンス,東京都葛飾区金町６,ＪＲ常磐線「金町」徒歩3分,2009年7月,53500000.0,1LDK,44.86,1.0,東京,葛飾,197,5350.0,394,ＪＲ常磐線,金町,35.7690373,139.8710463
ツインタワー住利毛利館,東京都江東区毛利１,東京メトロ半蔵門線「住吉」徒歩4分,1994年10月,54800000.0,1LDK,46.33,7.22,東京,江東,374,5480.0,390,東京メトロ半蔵門線,住吉,35.6921458,139.8144266
シティーフロントタワー,東京都中央区佃１,東京メトロ有楽町線「月島」徒歩9分,1991年8月,58000000.0,1RM,40.02,0.0,東京,中央,412,5800.0,478,東京メトロ有楽町線,月島,35.6690135,139.7824618
晴海アイランドトリトンスクエアビュータワー,東京都中央区晴海１,東京メトロ有楽町線「月島」徒歩7分,1998年2月,59800000.0,1LDK,39.4,4.93,東京,中央,334,5980.0,501,東京メトロ有楽町線,月島,35.6597032,139.7850184
晴海アイランドトリトンスクエアビュータワー,東京都中央区晴海１-6-1,東京メトロ有楽町線「月島」徒歩7分,1998年2月,59800000.0,1DK,39.4,14.79,東京,中央,334,5980.0,501,東京メトロ有楽町線,月島,35.6590853,139.7840305
ザ・タワー十条,東京都北区上十条２,ＪＲ埼京線「十条」徒歩1分,2024年9月,59800000.0,1K,33.44,6.31,東京,北,15,5980.0,590,ＪＲ埼京線,十条,35.7591353,139.7211376
シテヌーブ北千住３０　Ａ棟,東京都足立区千住曙町41-1,京成本線「京成関屋」徒歩4分,1990年11月,59800000.0,3LDK,94.12,30.26,東京,足立,421,5980.0,210,京成本線,京成関屋,35.7421574,139.8121993
パークタワー錦糸町,東京都墨田区江東橋２,ＪＲ総武線「錦糸町」徒歩5分,2008年12月,60800000.0,1LDK,37.82,5.43,東京,墨田,204,6080.0,531,ＪＲ総武線,錦糸町,35.6949816,139.8121885
東京メガシティ　Ｃ棟,東京都北区赤羽北３,ＪＲ埼京線「北赤羽」徒歩13分,2004年7月,61800000.0,3LDK,73.02,12.6,東京,北,257,6180.0,279,ＪＲ埼京線,北赤羽,35.7816285,139.7058165
ブリリアタワー大崎,東京都品川区大崎１,ＪＲ山手線「大崎」徒歩5分,2007年9月,62000000.0,1LDK,44.89,8.79,東京,品川,219,6200.0,456,ＪＲ山手線,大崎,35.6193109,139.7300768
シティタワー大井町,東京都品川区大井１-31-1,ＪＲ京浜東北線（東京～大船）「大井町」徒歩5分,2019年8月,62800000.0,1RM,23.28,5.84,東京,品川,76,6280.0,890,ＪＲ京浜東北線（東京～大船）,大井町,35.6065548,139.7326499
ゲートシティ大崎サウスパークタワー,東京都品川区大崎１,ＪＲ山手線「大崎」徒歩6分,1998年12月,62800000.0,1DK,32.26,5.98,東京,品川,324,6280.0,642,ＪＲ山手線,大崎,35.6193109,139.7300768
コンシェリア西新宿タワーズウエスト,東京都新宿区西新宿６,都営大江戸線「西新宿五丁目」徒歩6分,2008年1月,63500000.0,1K,37.02,6.4,東京,新宿,215,6350.0,566,都営大江戸線,西新宿五丁目,35.6929304,139.6904993
パークタワー滝野川,東京都北区滝野川６,都営三田線「西巣鴨」徒歩3分,2013年11月,64800000.0,1LDK,41.05,8.68,東京,北,145,6480.0,521,都営三田線,西巣鴨,35.7452578,139.7236915
アイ・タワー,東京都板橋区舟渡１,ＪＲ埼京線「浮間舟渡」徒歩2分,2002年7月,64800000.0,2LDK,79.77,16.77,東京,板橋,281,6480.0,268,ＪＲ埼京線,浮間舟渡,35.7916247,139.6879468
パークタワー錦糸町,東京都墨田区江東橋２,ＪＲ総武線「錦糸町」徒歩5分,2008年12月,64800000.0,1DK,33.08,9.12,東京,墨田,204,6480.0,646,ＪＲ総武線,錦糸町,35.6949816,139.8121885
富久クロスグリーンレジデンス,東京都新宿区富久町17-1,東京メトロ丸ノ内線「新宿御苑前」徒歩6分,2015年4月,67990000.0,1LDK,30.71,0.0,東京,新宿,128,6799.0,731,東京メトロ丸ノ内線,新宿御苑前,35.6918684,139.7130773
プラウドタワー亀戸クロス ゲートタワー,東京都江東区亀戸６,ＪＲ総武線「亀戸」徒歩2分,2021年12月,68000000.0,1LDK+S（納戸）,33.83,4.84,東京,江東,48,6800.0,663,ＪＲ総武線,亀戸,35.6957973,139.8278569
ザ・ガーデンタワーズ サンセットタワー,東京都江東区大島１,都営新宿線「住吉」徒歩9分,1997年1月,68000000.0,1LDK,57.88,11.93,東京,江東,347,6800.0,388,都営新宿線,住吉,35.6868603,139.8227402
ザ・ガーデンタワーズ　サンセットタワー,東京都江東区大島１,東京メトロ半蔵門線「住吉」徒歩7分,1997年1月,68500000.0,1LDK,57.88,11.93,東京,江東,347,6850.0,391,東京メトロ半蔵門線,住吉,35.6868603,139.8227402
ウエストレジデンス大崎,東京都品川区大崎２,ＪＲ山手線「大崎」徒歩4分,2008年2月,68900000.0,3LDK,70.68,11.4,東京,品川,214,6890.0,322,ＪＲ山手線,大崎,35.6177742,139.7262455
グランエスタ,東京都江東区新砂３,東京メトロ東西線「南砂町」徒歩2分,2005年12月,69000000.0,2LDK,55.05,10.6,東京,江東,240,6900.0,414,東京メトロ東西線,南砂町,35.6614752,139.8368121
清新北ハイツ５号棟,東京都江戸川区清新町１,東京メトロ東西線「西葛西」徒歩10分,1983年3月,69500000.0,4LDK,91.48,24.84,東京,江戸川,513,6950.0,251,東京メトロ東西線,西葛西,35.6623785,139.8534469
ライオンズタワー大島,東京都江東区大島８,都営新宿線「大島」徒歩10分,2004年7月,69800000.0,2LDK,65.95,11.74,東京,江東,257,6980.0,349,都営新宿線,大島,35.6881559,139.8432096
リバーフェイス,東京都荒川区南千住３,ＪＲ常磐線「南千住」徒歩15分,2009年2月,71800000.0,3LDK,73.96,12.3,東京,荒川,202,7180.0,320,ＪＲ常磐線,南千住,35.7312289,139.8073929
シティタワー金町,東京都葛飾区新宿６,ＪＲ常磐線「金町」徒歩12分,2016年2月,72900000.0,3LDK,63.04,12.12,東京,葛飾,118,7290.0,382,ＪＲ常磐線,金町,35.7710963,139.861126
シティタワー有明,東京都江東区有明１,新交通ゆりかもめ「有明テニスの森」徒歩9分,2009年12月,73000000.0,1LDK,48.86,5.97,東京,江東,192,7300.0,493,新交通ゆりかもめ,有明テニスの森,35.6403728,139.7869359
ブリリアタワー浜離宮,東京都港区海岸１,ＪＲ山手線「浜松町」徒歩6分,2023年9月,73500000.0,1RM,25.49,10.77,東京,港,27,7350.0,952,ＪＲ山手線,浜松町,35.6553975,139.7613745
Ｂｒｉｌｌｉａ　Ｔｏｗｅｒ浜離宮,東京都港区海岸１,ＪＲ山手線「浜松町」徒歩6分,2023年9月,73500000.0,1RM,25.49,0.0,東京,港,27,7350.0,952,ＪＲ山手線,浜松町,35.6553975,139.7613745
ブリリアタワー浜離宮（BrilliaTower浜離宮…,東京都港区海岸１,ＪＲ山手線「浜松町」徒歩6分,2023年9月,73500000.0,1RM,25.49,10.77,東京,港,27,7350.0,952,ＪＲ山手線,浜松町,35.6553975,139.7613745
クロスエアタワー,東京都目黒区大橋１-5-1,東急田園都市線「池尻大橋」徒歩6分,2013年1月,73800000.0,1K,30.96,7.02,東京,目黒,155,7380.0,787,東急田園都市線,池尻大橋,35.6517041,139.6885234
ザ・ステージオ ウエストレジデンス,東京都足立区西新井栄町１,東武伊勢崎線「西新井」徒歩4分,2006年12月,73900000.0,3LDK,73.45,0.0,東京,足立,228,7390.0,332,東武伊勢崎線,西新井,35.7748516,139.7888534
ザ・ステージオ　ウエストレジデンス,東京都足立区西新井栄町１,東武伊勢崎線「西新井」徒歩4分,2006年12月,73900000.0,3LDK,73.45,0.0,東京,足立,228,7390.0,332,東武伊勢崎線,西新井,35.7748516,139.7888534
コンシェリア西新宿TOWER’S WEST,東京都新宿区西新宿６,都営大江戸線「西新宿五丁目」徒歩5分,2008年1月,74800000.0,1LDK,37.02,6.4,東京,新宿,215,7480.0,667,都営大江戸線,西新宿五丁目,35.6929304,139.6904993
ラグナタワー,東京都品川区東品川３,りんかい線「天王洲アイル」徒歩7分,2005年2月,74800000.0,1LDK,58.76,7.18,東京,品川,250,7480.0,420,りんかい線,天王洲アイル,35.6158269,139.7485979
ザ・パークハウス中野タワー,東京都中野区中野５,ＪＲ中央線「中野」徒歩6分,2017年7月,74800000.0,1K,32.29,9.2,東京,中野,101,7480.0,764,ＪＲ中央線,中野,35.7082862,139.6688067
ブリリアタワー浜離宮,東京都港区海岸１,ＪＲ山手線「浜松町」徒歩6分,2023年9月,74800000.0,1DK,25.13,7.61,東京,港,27,7480.0,982,ＪＲ山手線,浜松町,35.6553975,139.7613745
Ｄ’グラフォート清澄白河,東京都江東区白河３,東京メトロ半蔵門線「清澄白河」徒歩7分,2008年2月,74800000.0,1LDK,38.98,14.97,東京,江東,214,7480.0,633,東京メトロ半蔵門線,清澄白河,35.6828215,139.8054747
アップルタワー東京キャナルコート,東京都江東区東雲１,東京メトロ有楽町線「辰巳」徒歩7分,2007年2月,74800000.0,1LDK,56.85,11.06,東京,江東,226,7480.0,434,東京メトロ有楽町線,辰巳,35.6465138,139.802278
シティタワー金町　タワー棟,東京都葛飾区新宿６,ＪＲ常磐線「金町」徒歩12分,2016年2月,74900000.0,3LDK,70.09,11.7,東京,葛飾,118,7490.0,353,ＪＲ常磐線,金町,35.7710963,139.861126
ブリリアタワー浜離宮（BrilliaTower浜離宮…,東京都港区海岸１,ＪＲ山手線「浜松町」徒歩6分,2023年9月,74900000.0,1K,25.13,7.6,東京,港,27,7490.0,984,ＪＲ山手線,浜松町,35.6553975,139.7613745
シティフロントタワー,東京都中央区佃１-11-9,東京メトロ有楽町線「月島」徒歩6分,1991年8月,74990000.0,1LDK,41.23,4.34,東京,中央,412,7499.0,600,東京メトロ有楽町線,月島,35.6693133,139.7849428
シティフロントタワー,東京都中央区佃１,東京メトロ有楽町線「月島」徒歩6分,1991年8月,74990000.0,1LDK,41.23,4.34,東京,中央,412,7499.0,600,東京メトロ有楽町線,月島,35.6690135,139.7824618
シティフロントタワー,東京都中央区佃１,東京メトロ有楽町線「月島」徒歩6分,1991年8月,74990000.0,1LDK,41.23,4.34,東京,中央,412,7499.0,600,東京メトロ有楽町線,月島,35.6690135,139.7824618
シティタワー金町　タワー棟,東京都葛飾区新宿６,ＪＲ常磐線「金町」徒歩12分,2016年2月,74990000.0,3LDK,70.09,11.7,東京,葛飾,118,7499.0,353,ＪＲ常磐線,金町,35.7710963,139.861126
シテヌーブ北千住30A棟,東京都足立区千住曙町,京成本線「京成関屋」徒歩2分,1990年11月,75800000.0,3LDK,94.12,30.26,東京,足立,421,7580.0,266,京成本線,京成関屋,35.7426527,139.8144266
ビューネタワー平井,東京都江戸川区平井３-30-2,ＪＲ総武線「平井」徒歩1分,2000年3月,75800000.0,3LDK,68.08,7.51,東京,江戸川,309,7580.0,367,ＪＲ総武線,平井,35.7058985,139.8427001
ビューネタワー平井,東京都江戸川区平井３,ＪＲ総武線「平井」徒歩1分,2000年3月,75800000.0,3LDK,68.08,7.51,東京,江戸川,309,7580.0,367,ＪＲ総武線,平井,35.7032111,139.8406505
ビューネタワー平井,東京都江戸川区平井３,ＪＲ総武線「平井」徒歩1分,2000年3月,75800000.0,3LDK,68.08,7.51,東京,江戸川,309,7580.0,367,ＪＲ総武線,平井,35.7032111,139.8406505
ビューネタワー平井,東京都江戸川区平井３,ＪＲ総武線「平井」徒歩1分,2000年3月,75800000.0,3LDK,68.08,7.51,東京,江戸川,309,7580.0,367,ＪＲ総武線,平井,35.7032111,139.8406505
ブリリアタワー浜離宮,東京都港区海岸１,ＪＲ山手線「浜松町」徒歩6分,2023年9月,75950000.0,1K,25.13,7.6,東京,港,27,7595.0,997,ＪＲ山手線,浜松町,35.6553975,139.7613745
ラグナタワー,東京都品川区東品川３,りんかい線「天王洲アイル」徒歩8分,2005年2月,76800000.0,1LDK,55.4,9.59,東京,品川,250,7680.0,457,りんかい線,天王洲アイル,35.6158269,139.7485979
シティタワー金町　タワー棟,東京都葛飾区新宿６,ＪＲ常磐線「金町」徒歩12分,2016年2月,76800000.0,3LDK,70.09,11.7,東京,葛飾,118,7680.0,362,ＪＲ常磐線,金町,35.7710963,139.861126
ザ・ガーデンタワーズ　サンライズタワー,東京都江東区大島１,東京メトロ半蔵門線「住吉」徒歩9分,1997年1月,76990000.0,1LDK,57.88,11.93,東京,江東,347,7699.0,439,東京メトロ半蔵門線,住吉,35.6868603,139.8227402
シティタワー金町,東京都葛飾区新宿６,ＪＲ常磐線「金町」徒歩12分,2016年2月,77800000.0,3LDK,63.04,12.12,東京,葛飾,118,7780.0,407,ＪＲ常磐線,金町,35.7710963,139.861126
パークタワー勝どきミッド,東京都中央区勝どき４-６－２,都営大江戸線「勝どき」徒歩1分,2023年8月,77900000.0,1K,23.53,7.25,東京,中央,28,7790.0,1093,都営大江戸線,勝どき,35.6568843,139.7773367
パークタワー勝どきミッド,東京都中央区勝どき４,都営大江戸線「勝どき」徒歩1分,2023年8月,77900000.0,1K,23.53,0.0,東京,中央,28,7790.0,1093,都営大江戸線,勝どき,35.6572676,139.7760709
シティタワー池袋,東京都豊島区東池袋２,ＪＲ山手線「池袋」徒歩12分,2003年8月,78800000.0,1LDK,44.6,15.84,東京,豊島,268,7880.0,583,ＪＲ山手線,池袋,35.7314981,139.7236915
ザ・湾岸タワーレックスガーデン,東京都江東区東雲２,りんかい線「東雲」徒歩4分,2012年9月,78800000.0,1LDK+S（納戸）,55.05,4.75,東京,江東,159,7880.0,472,りんかい線,東雲,35.6396214,139.802278
ビューネタワー平井,東京都江戸川区平井３-30-2,ＪＲ総武線「平井」徒歩1分,2000年3月,78800000.0,4LDK,90.97,24.14,東京,江戸川,309,7880.0,286,ＪＲ総武線,平井,35.7058985,139.8427001
シティタワー池袋,東京都豊島区東池袋２,ＪＲ山手線「池袋」徒歩12分,2003年8月,78800000.0,1LDK,44.6,15.84,東京,豊島,268,7880.0,583,ＪＲ山手線,池袋,35.7314981,139.7236915
ブリリア有明スカイタワー,東京都江東区有明１,新交通ゆりかもめ「有明テニスの森」徒歩6分,2010年12月,78800000.0,1LDK,40.02,8.48,東京,江東,180,7880.0,650,新交通ゆりかもめ,有明テニスの森,35.6403728,139.7869359
パークタワー勝どきミッド,東京都中央区勝どき４,都営大江戸線「勝どき」徒歩1分,2023年8月,79500000.0,1K,25.05,7.25,東京,中央,28,7950.0,1047,都営大江戸線,勝どき,35.6572676,139.7760709
 自然と利便性が交差する　東京メガシティ　ディライト…,東京都北区赤羽北３,ＪＲ埼京線「北赤羽」徒歩12分,2004年7月,79800000.0,4LDK,85.14,14.0,東京,北,257,7980.0,309,ＪＲ埼京線,北赤羽,35.7816285,139.7058165
イーストコモンズ清澄白河セントラルタワー,東京都江東区白河４,東京メトロ半蔵門線「清澄白河」徒歩8分,2006年6月,79800000.0,1LDK,45.41,5.6,東京,江東,234,7980.0,580,東京メトロ半蔵門線,清澄白河,35.682697,139.8080323
シティタワー池袋,東京都豊島区東池袋２,ＪＲ山手線「池袋」徒歩12分,2003年8月,79800000.0,1LDK,46.45,9.09,東京,豊島,268,7980.0,567,ＪＲ山手線,池袋,35.7314981,139.7236915
シティタワー有明,東京都江東区有明１,新交通ゆりかもめ「有明テニスの森」徒歩9分,2009年12月,79800000.0,1LDK,45.17,5.97,東京,江東,192,7980.0,583,新交通ゆりかもめ,有明テニスの森,35.6403728,139.7869359
シティタワー新宿新都心,東京都新宿区西新宿４,都営大江戸線「西新宿五丁目」徒歩2分,2005年2月,79800000.0,1LDK,37.05,6.13,東京,新宿,250,7980.0,711,都営大江戸線,西新宿五丁目,35.6879506,139.6866706
シティタワー大崎,東京都品川区大崎５,ＪＲ山手線「大崎」徒歩4分,2004年1月,79800000.0,1LDK,40.2,6.3,東京,品川,263,7980.0,655,ＪＲ山手線,大崎,35.6222699,139.7252878
東京フロンティアシティ　パーク＆パークス,東京都荒川区南千住８,京成本線「京成関屋」徒歩8分,2007年12月,79800000.0,3LDK,80.02,12.4,東京,荒川,216,7980.0,329,京成本線,京成関屋,35.73684370000001,139.8099505
サンウッド品川天王洲タワー,東京都品川区東品川２,東京モノレール「天王洲アイル」徒歩3分,2005年2月,79800000.0,1LDK,56.58,9.23,東京,品川,250,7980.0,465,東京モノレール,天王洲アイル,35.6214449,139.751153
アイタウン・レピア,東京都新宿区西新宿６,都営大江戸線「都庁前」徒歩6分,1994年10月,79800000.0,1LDK,43.21,8.7,東京,新宿,374,7980.0,609,都営大江戸線,都庁前,35.6929304,139.6904993
トキアス,東京都荒川区南千住８,ＪＲ常磐線「南千住」徒歩11分,2005年1月,79800000.0,3LDK,71.15,12.2,東京,荒川,251,7980.0,370,ＪＲ常磐線,南千住,35.73684370000001,139.8099505
ブリリア有明スカイタワー,東京都江東区有明１,新交通ゆりかもめ「有明テニスの森」徒歩6分,2010年12月,79800000.0,1LDK,39.05,8.48,東京,江東,180,7980.0,674,新交通ゆりかもめ,有明テニスの森,35.6403728,139.7869359
トキアス,東京都荒川区南千住８,ＪＲ常磐線「南千住」徒歩9分,2005年2月,79800000.0,3LDK,70.85,12.2,東京,荒川,250,7980.0,372,ＪＲ常磐線,南千住,35.73684370000001,139.8099505
パークシティ杉並　セントラルタワー,東京都杉並区和田２,東京メトロ丸ノ内線「方南町」徒歩8分,2000年8月,79800000.0,2LDK,72.82,11.85,東京,杉並,304,7980.0,362,東京メトロ丸ノ内線,方南町,35.6892748,139.6586012
シティタワー大泉学園,東京都練馬区東大泉１,西武池袋線「大泉学園」徒歩2分,2010年1月,79800000.0,3LDK,67.9,8.36,東京,練馬,191,7980.0,388,西武池袋線,大泉学園,35.7491256,139.5910344
品川イーストシティタワー,東京都品川区東品川５,東京モノレール「天王洲アイル」徒歩5分,2018年7月,79800000.0,1LDK,41.65,11.25,東京,品川,89,7980.0,632,東京モノレール,天王洲アイル,35.6211959,139.7562635
シティタワー金町　タワー棟,東京都葛飾区新宿６,ＪＲ常磐線「金町」徒歩12分,2016年2月,79800000.0,3LDK,70.09,11.7,東京,葛飾,118,7980.0,376,ＪＲ常磐線,金町,35.7710963,139.861126
西早稲田シティタワー,東京都新宿区西早稲田１-23-16,東京メトロ東西線「早稲田」徒歩11分,1999年3月,79900000.0,1LDK,50.01,7.57,東京,新宿,321,7990.0,527,東京メトロ東西線,早稲田,35.7125156,139.7177442
西早稲田シティタワー,東京都新宿区西早稲田１,東京メトロ東西線「早稲田」徒歩11分,1999年3月,79900000.0,1LDK+S（納戸）,50.01,7.57,東京,新宿,321,7990.0,527,東京メトロ東西線,早稲田,35.710463,139.7198607
ツインタワー住利毛利館,東京都江東区毛利１,都営新宿線「住吉」徒歩4分,1994年10月,79900000.0,2LDK,60.26,10.61,東京,江東,374,7990.0,438,都営新宿線,住吉,35.6921458,139.8144266
西早稲田シティタワー,東京都新宿区西早稲田１,都電荒川線「早稲田」徒歩2分,1999年3月,79900000.0,1LDK,50.01,7.57,東京,新宿,321,7990.0,527,都電荒川線,早稲田,35.710463,139.7198607
西早稲田シティタワー,東京都新宿区西早稲田１,都電荒川線「早稲田」徒歩2分,1999年3月,79900000.0,1LDK,50.01,7.57,東京,新宿,321,7990.0,527,都電荒川線,早稲田,35.710463,139.7198607
西早稲田シティタワー,東京都新宿区西早稲田１-23-16,東京メトロ東西線「早稲田」徒歩11分,1999年3月,79900000.0,1LDK,50.01,7.57,東京,新宿,321,7990.0,527,東京メトロ東西線,早稲田,35.7125156,139.7177442
西早稲田シティタワー,東京都新宿区西早稲田１,都電荒川線「早稲田」徒歩2分,1999年3月,79900000.0,1LDK,50.01,7.57,東京,新宿,321,7990.0,527,都電荒川線,早稲田,35.710463,139.7198607
プラウドタワー練馬,東京都練馬区中村北１,西武池袋線「練馬」徒歩7分,2009年1月,79900000.0,1LDK,40.24,8.64,東京,練馬,203,7990.0,655,西武池袋線,練馬,35.736233,139.6471222
プラウドタワー練馬,東京都練馬区中村北１,西武池袋線「練馬」徒歩9分,2009年1月,79900000.0,1LDK,40.24,8.64,東京,練馬,203,7990.0,655,西武池袋線,練馬,35.736233,139.6471222
プラウドタワー練馬,東京都練馬区中村北１,西武池袋線「練馬」徒歩9分,2009年1月,79900000.0,1LDK,40.24,8.64,東京,練馬,203,7990.0,655,西武池袋線,練馬,35.736233,139.6471222
ファミール新宿グランスィートタワー,東京都渋谷区代々木２-21-8,ＪＲ山手線「新宿」徒歩2分,2002年2月,79990000.0,1DK,30.49,3.99,東京,渋谷,286,7999.0,866,ＪＲ山手線,新宿,35.6865815,139.6974972
ファミール新宿グランスィートタワー,東京都渋谷区代々木２,都営大江戸線「新宿」徒歩2分,2002年2月,79990000.0,1DK,30.49,3.99,東京,渋谷,286,7999.0,866,都営大江戸線,新宿,35.6856856,139.6981574
シテヌーブ北千住３０Ａ棟,東京都足立区千住曙町,京成本線「京成関屋」徒歩2分,1990年11月,80000000.0,3LDK,94.12,30.26,東京,足立,421,8000.0,280,京成本線,京成関屋,35.7426527,139.8144266
シテヌーブ北千住30A棟,東京都足立区千住曙町,京成本線「京成関屋」徒歩2分,1990年11月,80000000.0,3LDK,94.12,30.26,東京,足立,421,8000.0,280,京成本線,京成関屋,35.7426527,139.8144266
シテヌーブ北千住３０Ａ棟,東京都足立区千住曙町,京成本線「京成関屋」徒歩2分,1990年11月,80000000.0,3LDK,94.12,30.26,東京,足立,421,8000.0,280,京成本線,京成関屋,35.7426527,139.8144266
シテヌーブ北千住30A棟,東京都足立区千住曙町,京成本線「京成関屋」徒歩2分,1990年11月,80000000.0,3LDK,94.12,30.26,東京,足立,421,8000.0,280,京成本線,京成関屋,35.7426527,139.8144266
王子飛鳥山ザ・ファーストタワー＆レジデンス　タワー棟,東京都北区堀船１,ＪＲ京浜東北線「王子」徒歩1分,2016年1月,81800000.0,2LDK,55.35,5.91,東京,北,119,8180.0,488,ＪＲ京浜東北線,王子,35.7529523,139.7428494
ヴェレーナ王子,東京都北区豊島５,東京メトロ南北線「王子神谷」徒歩15分,2012年3月,81800000.0,3LDK,85.65,10.55,東京,北,165,8180.0,315,東京メトロ南北線,王子神谷,35.7642385,139.7496788
ヴェレーナ王子,東京都北区豊島５,東京メトロ南北線「王子神谷」徒歩16分,2012年3月,81800000.0,3LDK,85.65,10.55,東京,北,165,8180.0,315,東京メトロ南北線,王子神谷,35.7642385,139.7496788
西早稲田シティタワー,東京都新宿区西早稲田１,東京メトロ東西線「早稲田」徒歩11分,1999年3月,82900000.0,1LDK,50.01,7.57,東京,新宿,321,8290.0,547,東京メトロ東西線,早稲田,35.710463,139.7198607
ザ・パークハウス三軒茶屋タワー,東京都世田谷区上馬１-１５－１８,東急田園都市線「三軒茶屋」徒歩9分,2012年2月,83000000.0,1LDK,41.66,4.7,東京,世田谷,166,8300.0,657,東急田園都市線,三軒茶屋,35.6379903,139.6671721
プラウドタワー練馬,東京都練馬区中村北１,西武池袋線「練馬」徒歩7分,2009年1月,83800000.0,2LDK,62.8,13.86,東京,練馬,203,8380.0,440,西武池袋線,練馬,35.736233,139.6471222
パークシティ杉並セントラルタワー,東京都杉並区和田２-26-3,東京メトロ丸ノ内線「方南町」徒歩8分,2000年8月,84800000.0,3LDK,72.82,11.85,東京,杉並,304,8480.0,384,東京メトロ丸ノ内線,方南町,35.6892272,139.6558758
パークシティ杉並セントラルタワー,東京都杉並区和田２-26-3,東京メトロ丸ノ内線「方南町」徒歩8分,2000年8月,84800000.0,3LDK,72.82,11.85,東京,杉並,304,8480.0,384,東京メトロ丸ノ内線,方南町,35.6892272,139.6558758
パークシティ杉並セントラルタワー,東京都杉並区和田２,東京メトロ丸ノ内線「方南町」徒歩9分,2000年8月,84800000.0,3LDK,72.82,11.85,東京,杉並,304,8480.0,384,東京メトロ丸ノ内線,方南町,35.6892748,139.6586012
パークシティ杉並セントラルタワー,東京都杉並区和田２,東京メトロ丸ノ内線「方南町」徒歩9分,2000年8月,84800000.0,3LDK,72.82,11.85,東京,杉並,304,8480.0,384,東京メトロ丸ノ内線,方南町,35.6892748,139.6586012
パークシティ杉並セントラルタワー,東京都杉並区和田２,東京メトロ丸ノ内線「方南町」徒歩8分,2000年8月,84800000.0,3LDK,72.82,11.85,東京,杉並,304,8480.0,384,東京メトロ丸ノ内線,方南町,35.6892748,139.6586012
アルファグランデ小岩スカイファースト,東京都江戸川区南小岩７,ＪＲ総武線「小岩」徒歩3分,2015年3月,84800000.0,2LDK+S（納戸）,68.11,8.24,東京,江戸川,129,8480.0,411,ＪＲ総武線,小岩,35.728961,139.8835291
パークシティ杉並セントラルタワー,東京都杉並区和田２,東京メトロ丸ノ内線「方南町」徒歩8分,2000年8月,84800000.0,3LDK,72.82,11.85,東京,杉並,304,8480.0,384,東京メトロ丸ノ内線,方南町,35.6892748,139.6586012
パークシティ杉並セントラルタワー,東京都杉並区和田２,東京メトロ丸ノ内線「方南町」徒歩8分,2000年8月,84800000.0,3LDK,72.82,11.85,東京,杉並,304,8480.0,384,東京メトロ丸ノ内線,方南町,35.6892748,139.6586012
パークシティ杉並セントラルタワー,東京都杉並区和田２,東京メトロ丸ノ内線「方南町」徒歩8分,2000年8月,84800000.0,3LDK+S（納戸）,72.82,11.85,東京,杉並,304,8480.0,384,東京メトロ丸ノ内線,方南町,35.6892748,139.6586012
シティタワー大崎,東京都品川区大崎５-９－９,ＪＲ山手線「大崎」徒歩4分,2004年1月,84800000.0,1LDK,43.34,5.62,東京,品川,263,8480.0,646,ＪＲ山手線,大崎,35.6215288,139.7256166
シティタワー赤羽テラス,東京都北区岩淵町,東京メトロ南北線「赤羽岩淵」徒歩2分,2012年9月,85000000.0,3LDK,70.42,11.43,東京,北,159,8500.0,398,東京メトロ南北線,赤羽岩淵,35.7860104,139.7224146
エアライズタワーライズアリーナビル,東京都豊島区東池袋４,東京メトロ有楽町線「東池袋」徒歩1分,2007年1月,85750000.0,1LDK,34.36,9.01,東京,豊島,227,8575.0,824,東京メトロ有楽町線,東池袋,35.727032,139.7211376
リバーフェイス,東京都荒川区南千住３-40-10,東京メトロ日比谷線「南千住」徒歩14分,2009年2月,85800000.0,3LDK,73.96,12.3,東京,荒川,202,8580.0,383,東京メトロ日比谷線,南千住,35.7328659,139.8087429
リバーフェイス,東京都荒川区南千住３,ＪＲ常磐線「南千住」徒歩14分,2009年2月,85800000.0,3LDK,73.96,12.3,東京,荒川,202,8580.0,383,ＪＲ常磐線,南千住,35.7312289,139.8073929
リバーフェイス,東京都荒川区南千住３-40-10,東京メトロ日比谷線「南千住」徒歩14分,2009年2月,85800000.0,3LDK,73.96,12.3,東京,荒川,202,8580.0,383,東京メトロ日比谷線,南千住,35.7328659,139.8087429
東京都荒川区南千住　リバーフェイス　1706号室,東京都荒川区南千住３-40-10,東京メトロ日比谷線「南千住」徒歩14分,2009年2月,85800000.0,3LDK,73.96,12.3,東京,荒川,202,8580.0,383,東京メトロ日比谷線,南千住,35.7328659,139.8087429
リバーフェイス【17階リフォーム済】,東京都荒川区南千住３,東京メトロ日比谷線「南千住」徒歩14分,2009年2月,85800000.0,3LDK+S（納戸）,73.96,12.3,東京,荒川,202,8580.0,383,東京メトロ日比谷線,南千住,35.7312289,139.8073929
リバーフェイス,東京都荒川区南千住３,東京メトロ日比谷線「南千住」徒歩15分,2009年2月,85800000.0,3LDK,73.96,12.3,東京,荒川,202,8580.0,383,東京メトロ日比谷線,南千住,35.7312289,139.8073929
リバーフェイス,東京都荒川区南千住３,東京メトロ日比谷線「南千住」徒歩15分,2009年2月,85800000.0,3LDK,73.96,12.3,東京,荒川,202,8580.0,383,東京メトロ日比谷線,南千住,35.7312289,139.8073929
リバーフェイス,東京都荒川区南千住３,東京メトロ日比谷線「日比谷」徒歩15分,2009年2月,85800000.0,3LDK,73.96,12.3,東京,荒川,202,8580.0,383,東京メトロ日比谷線,日比谷,35.7312289,139.8073929
パークシティ杉並セントラルタワー,東京都杉並区和田２,東京メトロ丸ノ内線「方南町」徒歩8分,2000年8月,86800000.0,3LDK,72.82,11.85,東京,杉並,304,8680.0,393,東京メトロ丸ノ内線,方南町,35.6892748,139.6586012
アクロシティタワーズ,東京都荒川区南千住６,ＪＲ常磐線「南千住」徒歩16分,1992年10月,86800000.0,3LDK,124.75,55.61,東京,荒川,398,8680.0,230,ＪＲ常磐線,南千住,35.73758170000001,139.7946064
パークタワー滝野川,東京都北区滝野川６,都営三田線「西巣鴨」徒歩3分,2013年11月,87000000.0,2LDK,60.89,15.7,東京,北,145,8700.0,472,都営三田線,西巣鴨,35.7452578,139.7236915
スカイライトタワー,東京都中央区佃１,東京メトロ有楽町線「月島」徒歩8分,1993年2月,87000000.0,1LDK,62.01,9.16,東京,中央,394,8700.0,463,東京メトロ有楽町線,月島,35.6690135,139.7824618
ザ・パークハウス晴海タワーズクロノレジデンス,東京都中央区晴海２,都営大江戸線「勝どき」徒歩12分,2013年10月,87000000.0,1RM,42.53,6.82,東京,中央,146,8700.0,675,都営大江戸線,勝どき,35.6564518,139.7869359
クロスエアタワー,東京都目黒区大橋１,東急田園都市線「池尻大橋」徒歩5分,2013年1月,87000000.0,1K,33.71,7.6,東京,目黒,155,8700.0,852,東急田園都市線,池尻大橋,35.6510223,139.6882659
パークハウス　オー・タワー,東京都品川区大崎３,ＪＲ山手線「大崎」徒歩4分,2006年3月,87800000.0,1LDK,50.64,7.28,東京,品川,237,8780.0,572,ＪＲ山手線,大崎,35.6194612,139.7240108
パークシティ杉並セントラルタワー,東京都杉並区和田２,東京メトロ丸ノ内線「方南町」徒歩9分,2000年8月,87800000.0,3LDK,75.1,8.07,東京,杉並,304,8780.0,386,東京メトロ丸ノ内線,方南町,35.6892748,139.6586012
シティタワー池袋ウエストゲート,東京都豊島区高松１,東京メトロ有楽町線「要町」徒歩6分,2010年2月,87800000.0,1LDK,48.92,6.27,東京,豊島,190,8780.0,592,東京メトロ有楽町線,要町,35.7359233,139.6997529
トキアス,東京都荒川区南千住８,東京メトロ日比谷線「南千住」徒歩10分,2005年1月,87900000.0,3LDK,75.49,13.0,東京,荒川,251,8790.0,384,東京メトロ日比谷線,南千住,35.73684370000001,139.8099505
トキアス デライト・ウイング,東京都荒川区南千住８,東京メトロ日比谷線「南千住」徒歩11分,2005年1月,87900000.0,3LDK,70.85,12.2,東京,荒川,251,8790.0,409,東京メトロ日比谷線,南千住,35.73684370000001,139.8099505
Ｂｒｉｌｌｉａ　Ｔｏｗｅｒｓ目黒　サウスレジデンス,東京都品川区上大崎３,東京メトロ南北線「目黒」徒歩3分,2017年7月,88000000.0,1RM,30.05,4.68,東京,品川,101,8800.0,966,東京メトロ南北線,目黒,35.631922,139.7185838
ビューネタワー平井,東京都江戸川区平井３-30-2,ＪＲ総武線「平井」徒歩1分,2000年3月,88800000.0,3LDK,77.85,8.49,東京,江戸川,309,8880.0,376,ＪＲ総武線,平井,35.7058985,139.8427001
【フルリノベーション住戸】ビューネタワー平井 20階,東京都江戸川区平井３,ＪＲ総武線「平井」徒歩1分,2000年3月,88800000.0,3LDK,77.85,8.49,東京,江戸川,309,8880.0,376,ＪＲ総武線,平井,35.7032111,139.8406505
新規内装フルリフォーム実施！ビューネタワー平井20階…,東京都江戸川区平井３-３０－２,ＪＲ総武線「平井」徒歩1分,2000年3月,88800000.0,3LDK,77.85,8.49,東京,江戸川,309,8880.0,376,ＪＲ総武線,平井,35.7058985,139.8427001
ビューネタワー平井,東京都江戸川区平井３,ＪＲ総武線「平井」徒歩1分,2000年3月,88800000.0,3LDK,77.85,8.49,東京,江戸川,309,8880.0,376,ＪＲ総武線,平井,35.7032111,139.8406505
ビューネタワー平井,東京都江戸川区平井３,ＪＲ総武線「平井」徒歩1分,2000年3月,88800000.0,3LDK,77.85,8.49,東京,江戸川,309,8880.0,376,ＪＲ総武線,平井,35.7032111,139.8406505
ビューネタワー平井,東京都江戸川区平井３,ＪＲ総武線「平井」徒歩1分,2000年3月,88800000.0,3LDK,77.85,8.49,東京,江戸川,309,8880.0,376,ＪＲ総武線,平井,35.7032111,139.8406505
パークタワー板橋,東京都板橋区板橋４,都営三田線「新板橋」徒歩1分,2014年10月,88800000.0,2LDK,56.83,7.38,東京,板橋,134,8880.0,516,都営三田線,新板橋,35.7512308,139.7185838
ビューネタワー平井,東京都江戸川区平井３,ＪＲ総武線「平井」徒歩1分,2000年3月,88800000.0,3LDK,77.85,8.49,東京,江戸川,309,8880.0,376,ＪＲ総武線,平井,35.7032111,139.8406505
Brillia Tower 池袋 West,東京都豊島区池袋３,東京メトロ丸ノ内線「池袋」徒歩5分,2024年1月,89000000.0,1LDK,38.61,7.21,東京,豊島,23,8900.0,761,東京メトロ丸ノ内線,池袋,35.7364147,139.7045399
白金ザ・スカイ,東京都港区白金１,都営三田線「白金高輪」徒歩4分,2023年2月,89700000.0,1RM,27.69,0.0,東京,港,34,8970.0,1069,都営三田線,白金高輪,35.6449583,139.7339083
アイタウンレピア,東京都新宿区西新宿６-21-1,東京メトロ丸ノ内線「西新宿」徒歩9分,1994年10月,89800000.0,2DK,50.77,0.0,東京,新宿,374,8980.0,584,東京メトロ丸ノ内線,西新宿,35.6929304,139.6904993
アイタウンレピア,東京都新宿区西新宿６-21-1,東京メトロ丸ノ内線「西新宿」徒歩9分,1994年10月,89800000.0,2DK,54.42,0.0,東京,新宿,374,8980.0,545,東京メトロ丸ノ内線,西新宿,35.6929304,139.6904993
パークシティ杉並セントラルタワー,東京都杉並区和田２,東京メトロ丸ノ内線「方南町」徒歩8分,2000年8月,89800000.0,2LDK+S（納戸）,75.1,8.07,東京,杉並,304,8980.0,395,東京メトロ丸ノ内線,方南町,35.6892748,139.6586012
アイタウンレピア,東京都新宿区西新宿６,東京メトロ丸ノ内線「西新宿」徒歩9分,1994年10月,89800000.0,2DK,54.42,1.0,東京,新宿,374,8980.0,545,東京メトロ丸ノ内線,西新宿,35.6929304,139.6904993
ザ・ステージオ　ガーデンフロントタワー,東京都足立区西新井栄町１,東武伊勢崎線「西新井」徒歩4分,2006年12月,89800000.0,3LDK,85.36,11.97,東京,足立,228,8980.0,347,東武伊勢崎線,西新井,35.7748516,139.7888534
ザ・トヨミタワー　マリン＆スカイ　ウエストウイング,東京都中央区豊海町,都営大江戸線「勝どき」徒歩10分,2026年12月,89800000.0,1LDK,40.0,11.36,東京,中央,-11,8980.0,741,都営大江戸線,勝どき,35.6515808,139.7690417
アイタウンレピア,東京都新宿区西新宿６,都営大江戸線「都庁前」徒歩7分,1994年10月,89800000.0,2DK,54.42,0.0,東京,新宿,374,8980.0,545,都営大江戸線,都庁前,35.6929304,139.6904993
ルミナリータワー池袋,東京都豊島区池袋２,ＪＲ山手線「池袋」徒歩5分,2013年2月,89800000.0,1LDK,40.36,7.82,東京,豊島,154,8980.0,734,ＪＲ山手線,池袋,35.7333681,139.7083697
ザ・パークハウス晴海タワーズティアロレジデンス,東京都中央区晴海２-3-2,都営大江戸線「勝どき」徒歩13分,2016年4月,89800000.0,1LDK,43.33,9.86,東京,中央,116,8980.0,684,都営大江戸線,勝どき,35.6561262,139.7858853
シティタワー金町　タワー棟,東京都葛飾区新宿６,ＪＲ常磐線「金町」徒歩12分,2016年2月,89800000.0,3LDK,70.26,12.18,東京,葛飾,118,8980.0,422,ＪＲ常磐線,金町,35.7710963,139.861126
浅草タワー,東京都台東区西浅草３,つくばエクスプレス「浅草」徒歩3分,2012年2月,89900000.0,1RM+S（納戸）,45.25,7.59,東京,台東,166,8990.0,656,つくばエクスプレス,浅草,35.7162192,139.7914102
ザ・トヨミタワー　マリン＆スカイ　イーストウイング,東京都中央区豊海町2,都営大江戸線「勝どき」徒歩10分,2026年12月,90000000.0,1LDK,35.35,9.91,東京,中央,-11,9000.0,840,都営大江戸線,勝どき,35.6515808,139.7690417
ニューライズシティ東京ベイハイライズ,東京都江東区新砂３,東京メトロ東西線「南砂町」徒歩6分,2006年2月,90800000.0,2LDK,82.81,20.8,東京,江東,238,9080.0,362,東京メトロ東西線,南砂町,35.6614752,139.8368121
西戸山タワーホウムズノースタワー,東京都新宿区百人町３,ＪＲ山手線「新大久保」徒歩9分,1988年1月,91500000.0,2LDK,75.75,8.83,東京,新宿,455,9150.0,399,ＪＲ山手線,新大久保,35.7063302,139.6981574
Ｂｒｉｌｌｉａ　Ｔｏｗｅｒ　有明　ＭＩＤ　ＣＲＯＳＳ,東京都江東区有明１,新交通ゆりかもめ「お台場海浜公園」徒歩9分,2021年6月,91800000.0,1LDK,50.13,12.19,東京,江東,54,9180.0,604,新交通ゆりかもめ,お台場海浜公園,35.6403728,139.7869359
コンシェリア西新宿TOWER’S WEST,東京都新宿区西新宿６,東京メトロ丸ノ内線「西新宿」徒歩11分,2008年4月,92500000.0,1K,37.45,6.48,東京,新宿,212,9250.0,815,東京メトロ丸ノ内線,西新宿,35.6929304,139.6904993
ザ・パークハウス晴海タワーズ ティアロレジデンス,東京都中央区晴海２,都営大江戸線「勝どき」徒歩12分,2009年2月,92800000.0,1LDK,43.33,9.86,東京,中央,202,9280.0,707,都営大江戸線,勝どき,35.6564518,139.7869359
ザ・タワーズ台場WEST棟,東京都港区台場２-2-2,新交通ゆりかもめ「お台場海浜公園」徒歩2分,2006年5月,92800000.0,1LDK,47.14,5.29,東京,港,235,9280.0,650,新交通ゆりかもめ,お台場海浜公園,35.6298408,139.7802649
ザ・タワーズ台場WEST,東京都港区台場２,新交通ゆりかもめ「お台場海浜公園」徒歩2分,2006年5月,92800000.0,1LDK,47.14,5.29,東京,港,235,9280.0,650,新交通ゆりかもめ,お台場海浜公園,35.6268958,139.7747928
シティタワー千住大橋,東京都足立区千住橋戸町,京成本線「千住大橋」徒歩5分,2025年5月,92800000.0,2LDK,54.99,9.1,東京,足立,7,9280.0,557,京成本線,千住大橋,35.7412187,139.7965242
シティタワー金町 タワー棟,東京都葛飾区新宿６,ＪＲ常磐線「金町」徒歩12分,2016年2月,92800000.0,3LDK+S（納戸）,77.83,18.99,東京,葛飾,118,9280.0,393,ＪＲ常磐線,金町,35.7710963,139.861126
シティタワー赤羽テラス,東京都北区岩淵町,東京メトロ南北線「赤羽岩淵」徒歩2分,2012年9月,92800000.0,3LDK,71.79,17.79,東京,北,159,9280.0,427,東京メトロ南北線,赤羽岩淵,35.7860104,139.7224146
東京フロンティアシティパークアンドパークス,東京都荒川区南千住８,京成本線「京成関屋」徒歩12分,2008年12月,92800000.0,4LDK,101.5,14.0,東京,荒川,204,9280.0,302,京成本線,京成関屋,35.73684370000001,139.8099505
ザ・タワーズ台場 WEST棟,東京都港区台場２-2-2,新交通ゆりかもめ「お台場海浜公園」徒歩2分,2006年5月,92800000.0,1LDK,47.14,5.29,東京,港,235,9280.0,650,新交通ゆりかもめ,お台場海浜公園,35.6298408,139.7802649
シティタワー金町タワー,東京都葛飾区新宿６,ＪＲ常磐線「金町」徒歩12分,2016年2月,92800000.0,3LDK+S（納戸）,77.83,18.99,東京,葛飾,118,9280.0,393,ＪＲ常磐線,金町,35.7710963,139.861126
ザ・タワーズ台場 WEST棟,東京都港区台場２-2-2,新交通ゆりかもめ「お台場海浜公園」徒歩2分,2006年5月,92800000.0,1LDK,47.14,5.29,東京,港,235,9280.0,650,新交通ゆりかもめ,お台場海浜公園,35.6298408,139.7802649
グランドメゾン三軒茶屋の杜,東京都世田谷区三軒茶屋２,東急田園都市線「三軒茶屋」徒歩11分,2004年10月,92800000.0,1RM,55.84,6.53,東京,世田谷,254,9280.0,548,東急田園都市線,三軒茶屋,35.6413753,139.6649795
ザ・パークハウス晴海タワーズ　ティアロレジデンス,東京都中央区晴海２,都営大江戸線「勝どき」徒歩12分,2016年3月,92800000.0,1LDK,43.33,1.0,東京,中央,117,9280.0,707,都営大江戸線,勝どき,35.6564518,139.7869359
シティタワー金町 タワー棟,東京都葛飾区新宿６,ＪＲ常磐線「金町」徒歩12分,2016年2月,92800000.0,3LDK+S（納戸）,77.83,18.99,東京,葛飾,118,9280.0,393,ＪＲ常磐線,金町,35.7710963,139.861126
シティタワー金町タワー棟,東京都葛飾区新宿６,ＪＲ常磐線「金町」徒歩12分,2016年2月,92800000.0,3LDK+S（納戸）,77.83,18.99,東京,葛飾,118,9280.0,393,ＪＲ常磐線,金町,35.7710963,139.861126
ザ・タワーズ台場　ＷＥＳＴ棟,東京都港区台場２,新交通ゆりかもめ「お台場海浜公園」徒歩2分,2006年5月,92800000.0,1LDK,47.14,5.29,東京,港,235,9280.0,650,新交通ゆりかもめ,お台場海浜公園,35.6268958,139.7747928
ザ・タワーズ台場WEST 3階,東京都港区台場２,新交通ゆりかもめ「お台場海浜公園」徒歩2分,2006年5月,92800000.0,1LDK,47.14,5.29,東京,港,235,9280.0,650,新交通ゆりかもめ,お台場海浜公園,35.6268958,139.7747928
シティタワー金町　22階,東京都葛飾区新宿６,ＪＲ常磐線「金町」徒歩12分,2016年2月,92800000.0,3LDK+S（納戸）,77.83,18.99,東京,葛飾,118,9280.0,393,ＪＲ常磐線,金町,35.7710963,139.861126
シティタワーズ豊洲ザ・ツイン　サウスタワー,東京都江東区豊洲３,東京メトロ有楽町線「豊洲」徒歩5分,2009年2月,92900000.0,1LDK,40.35,5.68,東京,江東,202,9290.0,760,東京メトロ有楽町線,豊洲,35.6585681,139.7965242
ザ・パークハウス戸越公園タワー,東京都品川区戸越５,東急大井町線「戸越公園」徒歩1分,2024年5月,93000000.0,1LDK,36.18,13.77,東京,品川,19,9300.0,848,東急大井町線,戸越公園,35.6102313,139.7160301
グランヒルズTOKYOイースト,東京都江戸川区船堀１-8-22,都営新宿線「船堀」徒歩2分,2001年5月,93600000.0,3LDK+S（納戸）,78.16,16.4,東京,江戸川,295,9360.0,395,都営新宿線,船堀,35.6841253,139.8628705
ＢｒｉｌｌｉａＴｏｗｅｒ池袋Ｗｅｓｔ,東京都豊島区池袋３,東京メトロ副都心線「要町」徒歩3分,2024年1月,93800000.0,1LDK,38.61,7.21,東京,豊島,23,9380.0,802,東京メトロ副都心線,要町,35.7364147,139.7045399
ザ・パークハウス晴海タワーズクロノレジデンス,東京都中央区晴海２-3-30,都営大江戸線「勝どき」徒歩12分,2013年10月,93800000.0,1LDK,45.65,8.31,東京,中央,146,9380.0,678,都営大江戸線,勝どき,35.6552841,139.7848325
シティタワー赤羽テラス,東京都北区岩淵町,東京メトロ南北線「赤羽岩淵」徒歩2分,2012年9月,93800000.0,3LDK,70.2,13.05,東京,北,159,9380.0,441,東京メトロ南北線,赤羽岩淵,35.7860104,139.7224146
光が丘パークタウンいちょう通り東第三団地　１号棟,東京都練馬区光が丘３,都営大江戸線「光が丘」徒歩2分,1991年3月,93800000.0,3LDK,82.95,10.12,東京,練馬,417,9380.0,373,都営大江戸線,光が丘,35.7557041,139.6286328
シティタワー大泉学園,東京都練馬区東大泉１,西武池袋線「大泉学園」徒歩2分,2010年1月,93900000.0,2LDK,67.9,8.36,東京,練馬,191,9390.0,456,西武池袋線,大泉学園,35.7491256,139.5910344
トキアス,東京都荒川区南千住８,東京メトロ日比谷線「南千住」徒歩9分,2005年1月,94800000.0,3LDK,91.37,14.0,東京,荒川,251,9480.0,342,東京メトロ日比谷線,南千住,35.73684370000001,139.8099505
石神井公園ピアレスＡ棟,東京都練馬区石神井町２,西武池袋線「石神井公園」徒歩2分,2002年3月,94800000.0,2LDK,70.65,9.39,東京,練馬,285,9480.0,443,西武池袋線,石神井公園,35.7466492,139.6076002
晴海テラス,東京都中央区晴海５,都営大江戸線「勝どき」徒歩10分,2009年3月,94800000.0,1LDK+S（納戸）,60.45,11.78,東京,中央,201,9480.0,518,都営大江戸線,勝どき,35.6490356,139.7741538
ベイクレストタワー,東京都港区港南３,ＪＲ山手線「品川」徒歩17分,2005年8月,94800000.0,1LDK,47.23,8.0,東京,港,244,9480.0,662,ＪＲ山手線,品川,35.633247,139.7505142
ブリリアタワー東京,東京都墨田区太平４-１－１,東京メトロ半蔵門線「錦糸町」徒歩4分,2006年2月,94800000.0,1LDK,55.6,11.23,東京,墨田,238,9480.0,563,東京メトロ半蔵門線,錦糸町,35.7001105,139.8162113
ブランズタワー南千住,東京都荒川区南千住７,東京メトロ日比谷線「南千住」徒歩1分,2010年1月,94800000.0,2LDK,67.5,9.92,東京,荒川,191,9480.0,463,東京メトロ日比谷線,南千住,35.7365061,139.7990814
ザ・パークハウス晴海タワーズクロノレジデンス,東京都中央区晴海２,都営大江戸線「勝どき」徒歩11分,2013年10月,94900000.0,1LDK,42.53,6.82,東京,中央,146,9490.0,736,都営大江戸線,勝どき,35.6564518,139.7869359
ＷコンフォートタワーズＥＡＳＴ,東京都江東区東雲１,東京メトロ有楽町線「辰巳」徒歩7分,2004年10月,95000000.0,1LDK+S（納戸）,58.7,8.25,東京,江東,254,9500.0,534,東京メトロ有楽町線,辰巳,35.6465138,139.802278
西早稲田シティタワー,東京都新宿区西早稲田１,東京メトロ東西線「早稲田」徒歩11分,1999年3月,95800000.0,2LDK,60.16,9.62,東京,新宿,321,9580.0,525,東京メトロ東西線,早稲田,35.710463,139.7198607
シティタワー金町　タワー棟,東京都葛飾区新宿６,ＪＲ常磐線「金町」徒歩12分,2016年2月,95800000.0,3LDK+S（納戸）,77.83,18.99,東京,葛飾,118,9580.0,406,ＪＲ常磐線,金町,35.7710963,139.861126
ブリリアタワーズ目黒ノースレジデンス,東京都品川区上大崎３,ＪＲ山手線「目黒」徒歩2分,2017年9月,96000000.0,1RM,31.54,4.28,東京,品川,99,9600.0,1004,ＪＲ山手線,目黒,35.631922,139.7185838
ザ・ガーデンタワーズ　サンライズタワー,東京都江東区大島１,都営新宿線「西大島」徒歩6分,1997年1月,96000000.0,2LDK,89.8,9.31,東京,江東,347,9600.0,353,都営新宿線,西大島,35.6868603,139.8227402
シティタワー四谷,東京都新宿区舟町,東京メトロ丸ノ内線「四谷三丁目」徒歩2分,2004年2月,96000000.0,1LDK,45.85,6.8,東京,新宿,262,9600.0,691,東京メトロ丸ノ内線,四谷三丁目,35.6899129,139.7208184
ファミール月島グランスイートタワー,東京都中央区佃２,東京メトロ有楽町線「月島」徒歩2分,2002年6月,96500000.0,1LDK,48.96,9.0,東京,中央,282,9650.0,650,東京メトロ有楽町線,月島,35.6682531,139.7862967
エルザ世田谷,東京都世田谷区北烏山６,京王線「千歳烏山」徒歩7分,2005年12月,96800000.0,3LDK,81.1,15.25,東京,世田谷,240,9680.0,394,京王線,千歳烏山,35.67379469999999,139.5974053
ザ・タワーズ台場イースト,東京都港区台場２,新交通ゆりかもめ「お台場海浜公園」徒歩2分,2006年5月,96800000.0,1K,50.59,3.52,東京,港,235,9680.0,631,新交通ゆりかもめ,お台場海浜公園,35.6268958,139.7747928
パークシティ杉並　セントラルタワー,東京都杉並区和田２,東京メトロ丸ノ内線「方南町」徒歩8分,2000年8月,97800000.0,3LDK,78.98,7.33,東京,杉並,304,9780.0,409,東京メトロ丸ノ内線,方南町,35.6892748,139.6586012
シティタワー銀座東ＳＯＨＯ,東京都中央区湊２,東京メトロ日比谷線「八丁堀」徒歩7分,2019年1月,97800000.0,1LDK,34.54,8.0,東京,中央,83,9780.0,934,東京メトロ日比谷線,八丁堀,35.6709568,139.780864
ザ・パークハウス西新宿タワー60,東京都新宿区西新宿５,都営大江戸線「西新宿五丁目」徒歩8分,2017年8月,97800000.0,1LDK,44.72,7.16,東京,新宿,100,9780.0,722,都営大江戸線,西新宿五丁目,35.6948318,139.6866706
リバーフェイス【隅田川沿い角部屋11階】,東京都荒川区南千住３,東京メトロ日比谷線「南千住」徒歩14分,2009年2月,97800000.0,4LDK,98.32,31.21,東京,荒川,202,9780.0,328,東京メトロ日比谷線,南千住,35.7312289,139.8073929
Brillia Tower 池袋 West,東京都豊島区池袋３,東京メトロ副都心線「要町」徒歩3分,2024年1月,97800000.0,1LDK,38.61,7.21,東京,豊島,23,9780.0,836,東京メトロ副都心線,要町,35.7364147,139.7045399
ブリリアタワー池袋ウエスト,東京都豊島区池袋３-1－1,東京メトロ有楽町線「要町」徒歩3分,2024年1月,97800000.0,1LDK,38.61,7.21,東京,豊島,23,9780.0,836,東京メトロ有楽町線,要町,35.7330706,139.7025491
Brillia Tower 池袋 West,東京都豊島区池袋３,東京メトロ有楽町線「要町」徒歩3分,2024年1月,97800000.0,1LDK,38.61,7.21,東京,豊島,23,9780.0,836,東京メトロ有楽町線,要町,35.7364147,139.7045399
ザ・パークハウス戸越公園タワー,東京都品川区戸越５,東急大井町線「戸越公園」徒歩1分,2024年5月,97800000.0,1RM,43.84,19.48,東京,品川,19,9780.0,736,東急大井町線,戸越公園,35.6102313,139.7160301
シティタワー赤羽テラス,東京都北区岩淵町,東京メトロ南北線「赤羽岩淵」徒歩2分,2012年9月,97800000.0,3LDK,70.2,13.05,東京,北,159,9780.0,460,東京メトロ南北線,赤羽岩淵,35.7860104,139.7224146
ザ・トヨミタワー　マリン＆スカイ　イーストウイング,東京都中央区豊海町,都営大江戸線「勝どき」徒歩10分,2026年12月,97800000.0,1LDK,44.9,10.82,東京,中央,-11,9780.0,719,都営大江戸線,勝どき,35.6515808,139.7690417
ＢＥＡＣＯＮ　Ｔｏｗｅｒ　Ｒｅｓｉｄｅｎｃｅ,東京都江東区東雲１,東京メトロ有楽町線「辰巳」徒歩10分,2009年1月,97900000.0,2LDK,62.57,10.2,東京,江東,203,9790.0,516,東京メトロ有楽町線,辰巳,35.6465138,139.802278
シティタワー品川,東京都港区港南４-13,ＪＲ山手線「品川」徒歩10分,2008年4月,98000000.0,2LDK,73.89,18.51,東京,港,212,9800.0,438,ＪＲ山手線,品川,35.6273113,139.7485979
シティタワーズ東京ベイ　ＷＥＳＴタワー,東京都江東区有明２,新交通ゆりかもめ「有明」徒歩3分,2019年7月,98000000.0,1LDK,38.2,10.36,東京,江東,77,9800.0,847,新交通ゆりかもめ,有明,35.6388488,139.7946064
ムーンアイランドタワー,東京都中央区月島２,東京メトロ有楽町線「月島」徒歩1分,2002年6月,98000000.0,1LDK,48.48,8.99,東京,中央,282,9800.0,667,東京メトロ有楽町線,月島,35.6619998,139.7850184
シティタワー品川,東京都港区港南４,ＪＲ山手線「品川」徒歩10分,2008年4月,98000000.0,2LDK,73.89,18.51,東京,港,212,9800.0,438,ＪＲ山手線,品川,35.6273113,139.7485979
シティタワー品川,東京都港区港南４,ＪＲ山手線「品川」徒歩11分,2008年4月,98000000.0,2LDK,73.89,18.51,東京,港,212,9800.0,438,ＪＲ山手線,品川,35.6273113,139.7485979
トキアス,東京都荒川区南千住８,ＪＲ常磐線「南千住」徒歩10分,2005年2月,98000000.0,4LDK,90.0,16.4,東京,荒川,250,9800.0,359,ＪＲ常磐線,南千住,35.73684370000001,139.8099505
シティタワー品川,東京都港区港南４,ＪＲ山手線「品川」徒歩10分,2008年4月,98000000.0,2LDK,73.89,18.51,東京,港,212,9800.0,438,ＪＲ山手線,品川,35.6273113,139.7485979
シティタワー品川,東京都港区港南４,ＪＲ山手線「品川」徒歩10分,2008年4月,98000000.0,2LDK,73.89,18.51,東京,港,212,9800.0,438,ＪＲ山手線,品川,35.6273113,139.7485979
シティタワー品川,東京都港区港南４,ＪＲ山手線「品川」徒歩10分,2008年4月,98000000.0,2LDK,73.89,18.51,東京,港,212,9800.0,438,ＪＲ山手線,品川,35.6273113,139.7485979
シティタワー品川,東京都港区港南４-2-7,ＪＲ山手線「品川」徒歩10分,2008年4月,98000000.0,2LDK,73.89,18.51,東京,港,212,9800.0,438,ＪＲ山手線,品川,35.6312085,139.7480034
西戸山タワーホウムズセントラルタワー,東京都新宿区百人町３,ＪＲ山手線「新大久保」徒歩8分,1988年1月,98700000.0,2LDK,79.77,13.22,東京,新宿,455,9870.0,408,ＪＲ山手線,新大久保,35.7063302,139.6981574
【西戸山タワーホウムズ　セントラルタワー】１９階東向…,東京都新宿区百人町３,ＪＲ山手線「新大久保」徒歩8分,1988年1月,98700000.0,2LDK,79.77,13.22,東京,新宿,455,9870.0,408,ＪＲ山手線,新大久保,35.7063302,139.6981574
西戸山タワーホウムズ　セントラルタワー,東京都新宿区百人町３,ＪＲ山手線「新大久保」徒歩8分,1988年1月,98700000.0,2LDK,79.77,13.22,東京,新宿,455,9870.0,408,ＪＲ山手線,新大久保,35.7063302,139.6981574
西戸山タワーホウムズセントラルタワー,東京都新宿区百人町３,ＪＲ山手線「新大久保」徒歩8分,1988年1月,98700000.0,2LDK,79.77,13.22,東京,新宿,455,9870.0,408,ＪＲ山手線,新大久保,35.7063302,139.6981574
西戸山タワーホウムズ　セントラルタワー,東京都新宿区百人町３,ＪＲ山手線「新大久保」徒歩8分,1988年1月,98700000.0,2LDK,79.77,13.22,東京,新宿,455,9870.0,408,ＪＲ山手線,新大久保,35.7063302,139.6981574
西戸山タワーホウムズセントラルタワー,東京都新宿区百人町３,ＪＲ山手線「新大久保」徒歩8分,1988年1月,98700000.0,2LDK,79.77,13.22,東京,新宿,455,9870.0,408,ＪＲ山手線,新大久保,35.7063302,139.6981574
ニューライズシティ東京ベイハイライズ,東京都江東区新砂３,東京メトロ東西線「南砂町」徒歩6分,2006年2月,98800000.0,2LDK,71.47,11.93,東京,江東,238,9880.0,456,東京メトロ東西線,南砂町,35.6614752,139.8368121
ルミナリータワー池袋,東京都豊島区池袋２-52-3,ＪＲ山手線「池袋」徒歩4分,2013年2月,98800000.0,1LDK,40.41,21.64,東京,豊島,154,9880.0,807,ＪＲ山手線,池袋,35.7331081,139.7087169
ルミナリータワー池袋,東京都豊島区池袋２,ＪＲ山手線「池袋」徒歩4分,2013年2月,98800000.0,1LDK,40.41,21.64,東京,豊島,154,9880.0,807,ＪＲ山手線,池袋,35.7333681,139.7083697
ルミナリータワー池袋,東京都豊島区池袋２,ＪＲ山手線「池袋」徒歩4分,2013年2月,98800000.0,1LDK,40.41,21.64,東京,豊島,154,9880.0,807,ＪＲ山手線,池袋,35.7333681,139.7083697
ルミナリータワー池袋,東京都豊島区池袋２,ＪＲ山手線「池袋」徒歩4分,2013年2月,98800000.0,1LDK,40.41,21.64,東京,豊島,154,9880.0,807,ＪＲ山手線,池袋,35.7333681,139.7083697
シティタワーズ東京ベイ　セントラルタワー,東京都江東区有明２,新交通ゆりかもめ「有明」徒歩4分,2019年7月,99000000.0,1LDK,43.21,12.58,東京,江東,77,9900.0,756,新交通ゆりかもめ,有明,35.6388488,139.7946064
ブリリアタワー有明ミッドクロス,東京都江東区有明１,新交通ゆりかもめ「お台場海浜公園」徒歩9分,2021年6月,99000000.0,1LDK,47.2,11.03,東京,江東,54,9900.0,692,新交通ゆりかもめ,お台場海浜公園,35.6403728,139.7869359
大崎ウエストシティタワーズ,東京都品川区大崎２,ＪＲ山手線「大崎」徒歩4分,2009年9月,99800000.0,1LDK,41.25,5.23,東京,品川,195,9980.0,798,ＪＲ山手線,大崎,35.6177742,139.7262455
ワールドシティタワーズキャピタルタワー,東京都港区港南４-6-7,東京モノレール「天王洲アイル」徒歩4分,2007年10月,99800000.0,1LDK,60.7,5.6,東京,港,218,9980.0,543,東京モノレール,天王洲アイル,35.6277276,139.7505302
ワールドシティタワーズ　キャピタルタワー,東京都港区港南４-6-8,東京モノレール「天王洲アイル」徒歩7分,2006年10月,99800000.0,1LDK,60.7,5.6,東京,港,230,9980.0,543,東京モノレール,天王洲アイル,35.6278646,139.7506623
神楽坂アインスタワー,東京都新宿区神楽坂５,都営大江戸線「牛込神楽坂」徒歩3分,2003年1月,99800000.0,2LDK+S（納戸）,71.9,6.44,東京,新宿,275,9980.0,458,都営大江戸線,牛込神楽坂,35.7022532,139.738698
アトラスタワー五反田,東京都品川区西五反田２,ＪＲ山手線「五反田」徒歩3分,2024年1月,99800000.0,1LDK,35.8,9.96,東京,品川,23,9980.0,920,ＪＲ山手線,五反田,35.6260585,139.7211376
パークタワー池袋イーストプレイス,東京都豊島区東池袋３,東京メトロ有楽町線「東池袋」徒歩8分,2008年2月,99800000.0,2LDK,57.43,9.49,東京,豊島,214,9980.0,573,東京メトロ有楽町線,東池袋,35.7299592,139.7198607
プラウドタワー練馬,東京都練馬区中村北１,西武池袋線「練馬」徒歩7分,2009年1月,99800000.0,2LDK,60.01,15.84,東京,練馬,203,9980.0,549,西武池袋線,練馬,35.736233,139.6471222
西戸山タワーホウムズセントラルタワー,東京都新宿区百人町３-1-4,ＪＲ山手線「新大久保」徒歩8分,1988年1月,99800000.0,2LDK+S（納戸）,76.31,8.55,東京,新宿,455,9980.0,432,ＪＲ山手線,新大久保,35.7059705,139.7007328
ベイクレストタワー,東京都港区港南３,ＪＲ山手線「品川」徒歩17分,2005年8月,99800000.0,2LDK,56.87,7.3,東京,港,244,9980.0,579,ＪＲ山手線,品川,35.633247,139.7505142
ワールドシティタワーズキャピタルタワー,東京都港区港南４,ＪＲ山手線「品川」徒歩14分,2006年10月,99800000.0,1LDK,60.7,5.6,東京,港,230,9980.0,543,ＪＲ山手線,品川,35.6273113,139.7485979
スカイライトタワー,東京都中央区佃１,東京メトロ有楽町線「月島」徒歩8分,1993年2月,99800000.0,1LDK,62.01,9.16,東京,中央,394,9980.0,531,東京メトロ有楽町線,月島,35.6690135,139.7824618
ワールドシティタワーズキャピタルタワー,東京都港区港南４,りんかい線「天王洲アイル」徒歩7分,2006年10月,99800000.0,1LDK,60.7,5.6,東京,港,230,9980.0,543,りんかい線,天王洲アイル,35.6273113,139.7485979
シティタワー大泉学園,東京都練馬区東大泉１,西武池袋線「大泉学園」徒歩2分,2010年1月,99900000.0,3LDK,70.64,7.85,東京,練馬,191,9990.0,467,西武池袋線,大泉学園,35.7491256,139.5910344
パークタワー東京イースト,東京都葛飾区東新小岩１,ＪＲ総武線「新小岩」徒歩3分,2003年12月,99900000.0,3LDK,84.99,36.06,東京,葛飾,264,9990.0,388,ＪＲ総武線,新小岩,35.720584,139.861126
トキアス,東京都荒川区南千住８,東京メトロ日比谷線「南千住」徒歩10分,2005年1月,99900000.0,3LDK+S（納戸）,90.15,16.0,東京,荒川,251,9990.0,366,東京メトロ日比谷線,南千住,35.73684370000001,139.8099505
東京ビューマークス,東京都台東区竜泉２,東京メトロ日比谷線「三ノ輪」徒歩5分,2003年2月,99900000.0,3LDK,76.04,11.47,東京,台東,274,9990.0,434,東京メトロ日比谷線,三ノ輪,35.72603520000001,139.7901318
ザ・トヨミタワー　マリン＆スカイ　イーストウイング,東京都中央区豊海町2,都営大江戸線「勝どき」徒歩10分,2026年12月,100000000.0,1LDK,32.92,9.91,東京,中央,-11,10000.0,1002,都営大江戸線,勝どき,35.6515808,139.7690417
ザ・タワー十条,東京都北区上十条２,ＪＲ埼京線「十条」徒歩1分,2024年10月,102800000.0,2LDK,59.02,11.83,東京,北,14,10280.0,575,ＪＲ埼京線,十条,35.7591353,139.7211376
ザ・タワー十条,東京都北区上十条２,ＪＲ埼京線「十条」徒歩1分,2024年10月,102800000.0,2LDK+S（納戸）,59.02,11.83,東京,北,14,10280.0,575,ＪＲ埼京線,十条,35.7591353,139.7211376
西戸山タワーホウムズセントラルタワー,東京都新宿区百人町３,ＪＲ山手線「新大久保」徒歩8分,1988年1月,102800000.0,2LDK,81.12,15.16,東京,新宿,455,10280.0,418,ＪＲ山手線,新大久保,35.7063302,139.6981574
プラウドタワー小岩ファースト,東京都江戸川区南小岩６,ＪＲ総武線「小岩」徒歩1分,2022年3月,104000000.0,2LDK+S（納戸）,67.11,10.13,東京,江戸川,45,10400.0,511,ＪＲ総武線,小岩,35.7292121,139.8784076
パークシティ武蔵小山ザタワー,東京都品川区小山３,東急目黒線「武蔵小山」徒歩1分,2019年12月,104500000.0,1LDK,37.69,8.74,東京,品川,72,10450.0,915,東急目黒線,武蔵小山,35.6205453,139.7045399
ザ・パークハウス西新宿タワー６０,東京都新宿区西新宿５-5-1,都営大江戸線「西新宿五丁目」徒歩7分,2017年8月,104800000.0,1DK,43.08,13.32,東京,新宿,100,10480.0,803,都営大江戸線,西新宿五丁目,35.6918758,139.7100852
ザ・晴海レジデンス,東京都中央区晴海５-1-17,都営大江戸線「勝どき」徒歩10分,2009年8月,104800000.0,2LDK,79.2,15.5,東京,中央,196,10480.0,437,都営大江戸線,勝どき,35.6526925,139.7745931
ザ・晴海レジデンス,東京都中央区晴海５,都営大江戸線「勝どき」徒歩11分,2009年3月,104800000.0,2LDK,79.2,15.5,東京,中央,201,10480.0,437,都営大江戸線,勝どき,35.6490356,139.7741538
ザ・晴海レジデンス,東京都中央区晴海５,都営大江戸線「勝どき」徒歩10分,2009年3月,104800000.0,2LDK,79.2,15.5,東京,中央,201,10480.0,437,都営大江戸線,勝どき,35.6490356,139.7741538
ザ・晴海レジデンス,東京都中央区晴海５,都営大江戸線「勝どき」徒歩12分,2009年3月,104800000.0,2LDK,79.2,15.5,東京,中央,201,10480.0,437,都営大江戸線,勝どき,35.6490356,139.7741538
ザ・パークハウス西新宿タワー60,東京都新宿区西新宿５,都営大江戸線「西新宿五丁目」徒歩7分,2017年8月,104800000.0,1DK,43.08,13.32,東京,新宿,100,10480.0,803,都営大江戸線,西新宿五丁目,35.6948318,139.6866706
晴海アイランドトリトンスクエアビュータワー,東京都中央区晴海１,都営大江戸線「月島」徒歩6分,1998年2月,104800000.0,1LDK+S（納戸）,55.27,7.97,東京,中央,334,10480.0,626,都営大江戸線,月島,35.6597032,139.7850184
晴海アイランドトリトンスクエアビュータワー,東京都中央区晴海１,東京メトロ有楽町線「月島」徒歩6分,1998年2月,104800000.0,1LDK+S（納戸）,55.27,7.97,東京,中央,334,10480.0,626,東京メトロ有楽町線,月島,35.6597032,139.7850184
ワールドシティタワーズ　キャピタルタワー,東京都港区港南４,東京モノレール「天王洲アイル」徒歩7分,2006年10月,104800000.0,1LDK,60.7,5.6,東京,港,230,10480.0,570,東京モノレール,天王洲アイル,35.6273113,139.7485979
ザ・晴海レジデンス,東京都中央区晴海５,都営大江戸線「勝どき」徒歩12分,2009年2月,104800000.0,2LDK,79.2,15.5,東京,中央,202,10480.0,437,都営大江戸線,勝どき,35.6490356,139.7741538
ザ・パークハウス西新宿タワー６０,東京都新宿区西新宿５,都営大江戸線「西新宿五丁目」徒歩7分,2017年7月,104800000.0,1LDK,43.08,9.2,東京,新宿,101,10480.0,803,都営大江戸線,西新宿五丁目,35.6948318,139.6866706
ザ・パークハウス西新宿タワー60,東京都新宿区西新宿５-5-1,都営大江戸線「西新宿五丁目」徒歩7分,2017年8月,104800000.0,1LDK,43.08,13.32,東京,新宿,100,10480.0,803,都営大江戸線,西新宿五丁目,35.6918758,139.7100852
ワールドシティタワーズ　キャピタルタワー,東京都港区港南４,ＪＲ山手線「品川」徒歩13分,2006年10月,104800000.0,1LDK,60.7,5.6,東京,港,230,10480.0,570,ＪＲ山手線,品川,35.6273113,139.7485979
■■ザ・晴海レジデンス■■メゾネットタイプ♪♪,東京都中央区晴海５,都営大江戸線「勝どき」徒歩10分,2009年3月,104800000.0,2LDK,79.2,15.5,東京,中央,201,10480.0,437,都営大江戸線,勝どき,35.6490356,139.7741538
ザ・晴海レジデンス,東京都中央区晴海５,都営大江戸線「勝どき」徒歩10分,2009年3月,104800000.0,2LDK,79.2,15.5,東京,中央,201,10480.0,437,都営大江戸線,勝どき,35.6490356,139.7741538
ザ・パークハウス西新宿タワー60,東京都新宿区西新宿５,都営大江戸線「西新宿五丁目」徒歩7分,2017年8月,104800000.0,1LDK,43.08,1.0,東京,新宿,100,10480.0,803,都営大江戸線,西新宿五丁目,35.6948318,139.6866706
パークコート浜離宮　ザ　タワー,東京都港区浜松町１,ＪＲ山手線「浜松町」徒歩6分,2019年2月,105000000.0,1RM,30.02,0.0,東京,港,82,10500.0,1154,ＪＲ山手線,浜松町,35.658259,139.7556247
パークコート渋谷ザタワー,東京都渋谷区宇田川町,東急東横線「渋谷」徒歩8分,2020年7月,105000000.0,1LDK,40.07,4.6,東京,渋谷,65,10500.0,865,東急東横線,渋谷,35.661594,139.6981574
ザ・パークハウス晴海タワーズクロノレジデンス,東京都中央区晴海２-3-30,都営大江戸線「勝どき」徒歩12分,2013年10月,105000000.0,2LDK,56.79,10.25,東京,中央,146,10500.0,610,都営大江戸線,勝どき,35.6552841,139.7848325
プラウドシティ蒲田,東京都大田区蒲田４,京急本線「京急蒲田」徒歩1分,2015年11月,105000000.0,2LDK,60.18,11.79,東京,大田,121,10500.0,576,京急本線,京急蒲田,35.5605931,139.7211376
パークコート渋谷ザタワー,東京都渋谷区宇田川町,ＪＲ山手線「渋谷」徒歩8分,2020年7月,105000000.0,1LDK,40.07,4.6,東京,渋谷,65,10500.0,865,ＪＲ山手線,渋谷,35.661594,139.6981574
グローリオタワー巣鴨,東京都豊島区巣鴨４,都営三田線「西巣鴨」徒歩5分,2006年10月,105800000.0,2LDK,67.86,8.23,東京,豊島,230,10580.0,515,都営三田線,西巣鴨,35.7380159,139.7313539
西戸山タワーホウムズサウスタワー,東京都新宿区百人町３-1-3,ＪＲ山手線「新大久保」徒歩6分,1988年1月,106800000.0,2LDK,81.42,14.32,東京,新宿,455,10680.0,433,ＪＲ山手線,新大久保,35.705471,139.7006246
西戸山タワーホウムズサウスタワー,東京都新宿区百人町３,ＪＲ山手線「新大久保」徒歩6分,1988年1月,106800000.0,2LDK,81.42,14.32,東京,新宿,455,10680.0,433,ＪＲ山手線,新大久保,35.7063302,139.6981574
西戸山タワーホウムズサウスタワー,東京都新宿区百人町３-1-3,ＪＲ山手線「新大久保」徒歩7分,1988年1月,106800000.0,2LDK,81.42,14.32,東京,新宿,455,10680.0,433,ＪＲ山手線,新大久保,35.705471,139.7006246
西戸山タワーホウムズサウスタワー,東京都新宿区百人町３,ＪＲ山手線「新大久保」徒歩6分,1988年1月,106800000.0,2LDK,81.42,14.32,東京,新宿,455,10680.0,433,ＪＲ山手線,新大久保,35.7063302,139.6981574
西戸山タワーホウムズサウスタワー,東京都新宿区百人町３-1-3,ＪＲ山手線「新大久保」徒歩6分,1988年1月,106800000.0,2LDK,81.42,14.32,東京,新宿,455,10680.0,433,ＪＲ山手線,新大久保,35.705471,139.7006246
西戸山タワーホウムズサウスタワー,東京都新宿区百人町３,ＪＲ山手線「新大久保」徒歩6分,1988年1月,106800000.0,2LDK,81.42,14.32,東京,新宿,455,10680.0,433,ＪＲ山手線,新大久保,35.7063302,139.6981574
西戸山タワーホウムズサウスタワー,東京都新宿区百人町３-1-3,ＪＲ山手線「新大久保」徒歩6分,1988年1月,106800000.0,2LDK,81.42,14.32,東京,新宿,455,10680.0,433,ＪＲ山手線,新大久保,35.705471,139.7006246
西戸山タワーホウムズサウスタワー,東京都新宿区百人町３,ＪＲ中央線「大久保」徒歩9分,1988年1月,106800000.0,2LDK,81.42,14.32,東京,新宿,455,10680.0,433,ＪＲ中央線,大久保,35.7063302,139.6981574
西戸山タワーホウムズサウスタワー,東京都新宿区百人町３-1-3,ＪＲ山手線「新大久保」徒歩6分,1988年1月,106800000.0,2LDK,81.42,14.32,東京,新宿,455,10680.0,433,ＪＲ山手線,新大久保,35.705471,139.7006246
西戸山タワーホウムズサウスタワー,東京都新宿区百人町３,ＪＲ山手線「新大久保」徒歩6分,1988年1月,106800000.0,2LDK,81.42,14.32,東京,新宿,455,10680.0,433,ＪＲ山手線,新大久保,35.7063302,139.6981574
西戸山タワーホウムズサウスタワー,東京都新宿区百人町３,ＪＲ山手線「新大久保」徒歩6分,1988年1月,106800000.0,2LDK,81.42,14.32,東京,新宿,455,10680.0,433,ＪＲ山手線,新大久保,35.7063302,139.6981574
西戸山タワーホウムズサウスタワー,東京都新宿区百人町３,ＪＲ山手線「新大久保」徒歩8分,1988年1月,106800000.0,2LDK,81.42,14.32,東京,新宿,455,10680.0,433,ＪＲ山手線,新大久保,35.7063302,139.6981574
西戸山タワーホウムズサウスタワー,東京都新宿区百人町３,ＪＲ山手線「新大久保」徒歩6分,1988年1月,106800000.0,2LDK,81.42,14.32,東京,新宿,455,10680.0,433,ＪＲ山手線,新大久保,35.7063302,139.6981574
西戸山タワーホウムズサウスタワー,東京都新宿区百人町３,ＪＲ山手線「新大久保」徒歩6分,1988年1月,106800000.0,2LDK,81.42,14.32,東京,新宿,455,10680.0,433,ＪＲ山手線,新大久保,35.7063302,139.6981574
西戸山タワーホウムズ サウスタワー,東京都新宿区百人町３,ＪＲ山手線「新大久保」徒歩7分,1988年1月,106800000.0,2LDK,81.42,14.32,東京,新宿,455,10680.0,433,ＪＲ山手線,新大久保,35.7063302,139.6981574
西戸山タワーホウムズセントラルタワー,東京都新宿区百人町３,ＪＲ山手線「新大久保」徒歩6分,1988年1月,106900000.0,2LDK,76.31,8.55,東京,新宿,455,10690.0,462,ＪＲ山手線,新大久保,35.7063302,139.6981574
ザ・パークハウス西新宿タワー60,東京都新宿区西新宿５,都営大江戸線「西新宿五丁目」徒歩7分,2017年8月,107800000.0,1LDK,43.08,13.32,東京,新宿,100,10780.0,826,都営大江戸線,西新宿五丁目,35.6948318,139.6866706
西戸山タワーホウムズセントラルタワー,東京都新宿区百人町３-1-4,ＪＲ山手線「新大久保」徒歩6分,1988年1月,108000000.0,2LDK+S（納戸）,79.77,13.22,東京,新宿,455,10800.0,447,ＪＲ山手線,新大久保,35.7059705,139.7007328
西戸山タワーホウムズセントラルタワー,東京都新宿区百人町３,ＪＲ山手線「新大久保」徒歩6分,1988年1月,108000000.0,2LDK+S（納戸）,79.77,13.22,東京,新宿,455,10800.0,447,ＪＲ山手線,新大久保,35.7063302,139.6981574
パークタワー池袋イーストプレイス,東京都豊島区東池袋３-２３－２２,ＪＲ山手線「池袋」徒歩13分,2008年2月,108000000.0,2LDK,55.06,9.37,東京,豊島,214,10800.0,647,ＪＲ山手線,池袋,35.7303279,139.7222948
西戸山タワーホウムズセントラルタワー,東京都新宿区百人町３,ＪＲ山手線「新宿」徒歩6分,1988年1月,108000000.0,2LDK+S（納戸）,79.77,13.22,東京,新宿,455,10800.0,447,ＪＲ山手線,新宿,35.7063302,139.6981574
西戸山タワーホウムズセントラルタワー,東京都新宿区百人町３,ＪＲ山手線「新大久保」徒歩6分,1988年1月,108000000.0,2LDK+S（納戸）,79.77,13.22,東京,新宿,455,10800.0,447,ＪＲ山手線,新大久保,35.7063302,139.6981574
西戸山タワーホウムズセントラルタワー,東京都新宿区百人町３,ＪＲ山手線「新大久保」徒歩7分,1988年1月,108000000.0,2LDK+S（納戸）,79.77,13.22,東京,新宿,455,10800.0,447,ＪＲ山手線,新大久保,35.7063302,139.6981574
西戸山タワーホウムズセントラルタワー,東京都新宿区百人町３,ＪＲ山手線「新大久保」徒歩6分,1988年1月,108000000.0,2LDK+S（納戸）,79.77,13.22,東京,新宿,455,10800.0,447,ＪＲ山手線,新大久保,35.7063302,139.6981574
ライオンズタワー池袋,東京都豊島区東池袋３,東京メトロ有楽町線「東池袋」徒歩8分,2001年1月,108000000.0,1LDK,60.0,9.68,東京,豊島,299,10800.0,594,東京メトロ有楽町線,東池袋,35.7299592,139.7198607
西戸山タワーホウムズセントラルタワー,東京都新宿区百人町３-１－４,ＪＲ山手線「新大久保」徒歩6分,1988年1月,108000000.0,2LDK+S（納戸）,79.77,13.22,東京,新宿,455,10800.0,447,ＪＲ山手線,新大久保,35.7059705,139.7007328
西戸山タワーホウムズセントラルタワー,東京都新宿区百人町３-1-4,ＪＲ山手線「新大久保」徒歩6分,1988年1月,108000000.0,2LDK+S（納戸）,79.77,13.22,東京,新宿,455,10800.0,447,ＪＲ山手線,新大久保,35.7059705,139.7007328
西戸山タワーホウムズセントラルタワー,東京都新宿区百人町３,ＪＲ山手線「新大久保」徒歩6分,1988年1月,108000000.0,2LDK,79.77,13.22,東京,新宿,455,10800.0,447,ＪＲ山手線,新大久保,35.7063302,139.6981574
西戸山タワーホウムズセントラルタワー,東京都新宿区百人町３,ＪＲ山手線「新大久保」徒歩6分,1988年1月,108000000.0,2LDK+S（納戸）,79.77,13.22,東京,新宿,455,10800.0,447,ＪＲ山手線,新大久保,35.7063302,139.6981574
西戸山タワーホームズセントラルタワー,東京都新宿区百人町３-1-4,ＪＲ山手線「新大久保」徒歩6分,1998年1月,108000000.0,2LDK+S（納戸）,79.77,13.22,東京,新宿,335,10800.0,447,ＪＲ山手線,新大久保,35.7059705,139.7007328
ザ・パークハウス晴海タワーズ　クロノレジデンス,東京都中央区晴海２,都営大江戸線「勝どき」徒歩12分,2013年10月,108000000.0,1LDK,46.29,8.16,東京,中央,146,10800.0,770,都営大江戸線,勝どき,35.6564518,139.7869359
西戸山タワーホウムズセントラルタワー,東京都新宿区百人町３,ＪＲ山手線「新大久保」徒歩7分,1988年1月,108000000.0,2LDK,79.77,13.22,東京,新宿,455,10800.0,447,ＪＲ山手線,新大久保,35.7063302,139.6981574
王子飛鳥山ザ・ファーストタワー,東京都北区堀船１,ＪＲ京浜東北線「王子」徒歩2分,2016年1月,108000000.0,2LDK,73.62,18.08,東京,北,119,10800.0,484,ＪＲ京浜東北線,王子,35.7529523,139.7428494
西戸山タワーホウムズセントラルタワー,東京都新宿区百人町３,ＪＲ山手線「新大久保」徒歩6分,1988年1月,108000000.0,2LDK+S（納戸）,79.77,13.22,東京,新宿,455,10800.0,447,ＪＲ山手線,新大久保,35.7063302,139.6981574
ファミール新宿グランスイートタワー,東京都渋谷区代々木２,ＪＲ山手線「新宿」徒歩8分,2002年2月,108000000.0,1LDK,41.2,2.8,東京,渋谷,286,10800.0,865,ＪＲ山手線,新宿,35.6856856,139.6981574
シティタワー大泉学園,東京都練馬区東大泉１-37-20,西武池袋線「大泉学園」徒歩2分,2010年1月,108800000.0,2LDK,72.12,8.34,東京,練馬,191,10880.0,498,西武池袋線,大泉学園,35.7507357,139.5863363
シティタワー大泉学園,東京都練馬区東大泉１-37-20,西武池袋線「大泉学園」徒歩2分,2010年1月,108800000.0,2LDK,72.12,8.34,東京,練馬,191,10880.0,498,西武池袋線,大泉学園,35.7507357,139.5863363
シティタワー大泉学園,東京都練馬区東大泉１-37-20,西武池袋線「大泉学園」徒歩2分,2010年1月,108800000.0,2LDK,72.12,0.0,東京,練馬,191,10880.0,498,西武池袋線,大泉学園,35.7507357,139.5863363
シティタワー大泉学園,東京都練馬区東大泉１,西武池袋線「大泉学園」徒歩2分,2010年1月,108800000.0,2LDK+S（納戸）,72.12,8.34,東京,練馬,191,10880.0,498,西武池袋線,大泉学園,35.7491256,139.5910344
シティタワー大泉学園,東京都練馬区東大泉１,西武池袋線「大泉学園」徒歩3分,2010年1月,108800000.0,2LDK,72.12,8.34,東京,練馬,191,10880.0,498,西武池袋線,大泉学園,35.7491256,139.5910344
東京メガシティ,東京都北区赤羽北３,ＪＲ埼京線「北赤羽」徒歩13分,2004年7月,108800000.0,4LDK,102.25,33.03,東京,北,257,10880.0,351,ＪＲ埼京線,北赤羽,35.7816285,139.7058165
シティタワー大泉学園,東京都練馬区東大泉１,西武池袋線「大泉学園」徒歩2分,2010年1月,108800000.0,2LDK,72.12,8.34,東京,練馬,191,10880.0,498,西武池袋線,大泉学園,35.7491256,139.5910344
シティタワー大泉学園,東京都練馬区東大泉１,西武池袋線「大泉学園」徒歩2分,2010年1月,108800000.0,2LDK,72.12,8.34,東京,練馬,191,10880.0,498,西武池袋線,大泉学園,35.7491256,139.5910344
シティタワー大泉学園,東京都練馬区東大泉１,西武池袋線「大泉学園」徒歩2分,2010年1月,108800000.0,2LDK,72.12,8.34,東京,練馬,191,10880.0,498,西武池袋線,大泉学園,35.7491256,139.5910344
シティフロントタワー,東京都中央区佃１,東京メトロ有楽町線「月島」徒歩7分,1991年8月,108800000.0,2LDK,78.07,8.63,東京,中央,412,10880.0,460,東京メトロ有楽町線,月島,35.6690135,139.7824618
シティタワー大泉学園,東京都練馬区東大泉１-37-20,西武池袋線「大泉学園」徒歩2分,2010年1月,108800000.0,2LDK,72.12,8.34,東京,練馬,191,10880.0,498,西武池袋線,大泉学園,35.7507357,139.5863363
パークタワー池袋イーストプレイス,東京都豊島区東池袋３,東京メトロ有楽町線「東池袋」徒歩8分,2008年2月,109000000.0,2LDK,57.77,3.97,東京,豊島,214,10900.0,623,東京メトロ有楽町線,東池袋,35.7299592,139.7198607
シティタワー銀座東,東京都中央区湊２-11-1,東京メトロ日比谷線「八丁堀」徒歩5分,2019年1月,109800000.0,1LDK,44.8,10.1,東京,中央,83,10980.0,809,東京メトロ日比谷線,八丁堀,35.6713449,139.7799962
西戸山タワーホウムズサウスタワー 12階,東京都新宿区百人町３,ＪＲ山手線「新大久保」徒歩6分,1988年1月,109800000.0,2LDK,81.42,14.32,東京,新宿,455,10980.0,445,ＪＲ山手線,新大久保,35.7063302,139.6981574
大崎ウエストシティタワーズ　Ｗ棟,東京都品川区大崎２,ＪＲ山手線「大崎」徒歩4分,2009年9月,109800000.0,1LDK,43.03,4.98,東京,品川,195,10980.0,842,ＪＲ山手線,大崎,35.6177742,139.7262455
クレストプライムタワー芝,東京都港区芝１,ＪＲ山手線「浜松町」徒歩6分,2007年8月,109800000.0,1LDK,40.62,12.2,東京,港,220,10980.0,892,ＪＲ山手線,浜松町,35.65127349999999,139.7546664
エクサージュ海岸,東京都港区海岸３,ＪＲ山手線「田町」徒歩15分,2002年4月,109800000.0,2LDK,67.79,11.17,東京,港,284,10980.0,535,ＪＲ山手線,田町,35.6399584,139.7600967
ブリリア有明シティタワー,東京都江東区有明１,新交通ゆりかもめ「有明テニスの森」徒歩9分,2014年12月,109800000.0,2LDK,55.94,14.8,東京,江東,132,10980.0,648,新交通ゆりかもめ,有明テニスの森,35.6403728,139.7869359
クレストプライムタワー芝,東京都港区芝１-2-1,ＪＲ山手線「浜松町」徒歩6分,2007年8月,109800000.0,1K+S（納戸）,40.62,12.2,東京,港,220,10980.0,892,ＪＲ山手線,浜松町,35.6526383,139.7557165
ＢＥＡＣＯＮ　Ｔｏｗｅｒ　Ｒｅｓｉｄｅｎｃｅ,東京都江東区東雲１,東京メトロ有楽町線「辰巳」徒歩9分,2009年1月,109800000.0,2LDK,82.71,12.52,東京,江東,203,10980.0,438,東京メトロ有楽町線,辰巳,35.6465138,139.802278
浅草タワー,東京都台東区西浅草３,つくばエクスプレス「浅草」徒歩4分,2012年2月,109800000.0,1LDK,50.58,9.5,東京,台東,166,10980.0,716,つくばエクスプレス,浅草,35.7162192,139.7914102
シティタワーズ豊洲ザ・ツイン,東京都江東区豊洲３,東京メトロ有楽町線「豊洲」徒歩5分,2009年2月,109800000.0,1LDK,55.05,5.68,東京,江東,202,10980.0,658,東京メトロ有楽町線,豊洲,35.6585681,139.7965242
プライムパークス品川シーサイドザ・タワー,東京都品川区東品川４,りんかい線「品川シーサイド」徒歩4分,2019年1月,109800000.0,2LDK,56.91,11.43,東京,品川,83,10980.0,637,りんかい線,品川シーサイド,35.6089355,139.7485979
キャナルワーフタワーズ　ＷＥＳＴ,東京都江東区豊洲１,東京メトロ有楽町線「豊洲」徒歩13分,2000年11月,109800000.0,2LDK,72.37,14.28,東京,江東,301,10980.0,501,東京メトロ有楽町線,豊洲,35.6607961,139.7920494
ＢＥＡＣＯＮ　Ｔｏｗｅｒ　Ｒｅｓｉｄｅｎｃｅ,東京都江東区東雲１,東京メトロ有楽町線「辰巳」徒歩11分,2009年1月,109800000.0,2LDK,82.71,12.52,東京,江東,203,10980.0,438,東京メトロ有楽町線,辰巳,35.6465138,139.802278
ビーコンタワーレジデンス,東京都江東区東雲１,東京メトロ有楽町線「辰巳」徒歩9分,2009年1月,109800000.0,2LDK,82.71,12.52,東京,江東,203,10980.0,438,東京メトロ有楽町線,辰巳,35.6465138,139.802278
プライムパークス品川シーサイドザ・タワー,東京都品川区東品川４-11-36,りんかい線「品川シーサイド」徒歩5分,2019年1月,109800000.0,2LDK,56.91,11.43,東京,品川,83,10980.0,637,りんかい線,品川シーサイド,35.6078114,139.7479096
プライムパークス品川シーサイドザ・タワー,東京都品川区東品川４-11-36,りんかい線「品川シーサイド」徒歩4分,2019年1月,109800000.0,2LDK,56.91,11.43,東京,品川,83,10980.0,637,りんかい線,品川シーサイド,35.6078114,139.7479096
ＴＨＥ　ＴＯＫＹＯ　ＴＯＷＥＲＳ　ＳＥＡ　ＴＯＷＥＲ,東京都中央区勝どき６,都営大江戸線「勝どき」徒歩8分,2008年1月,109800000.0,1LDK,56.18,6.89,東京,中央,215,10980.0,645,都営大江戸線,勝どき,35.6550953,139.7735148
グランドミレーニア,東京都豊島区南池袋１,ＪＲ山手線「池袋」徒歩6分,2015年2月,109800000.0,1LDK,43.43,6.42,東京,豊島,130,10980.0,834,ＪＲ山手線,池袋,35.7275147,139.7109231
プライムパークス品川シーサイドザ・タワー,東京都品川区東品川４-11-36,りんかい線「品川シーサイド」徒歩4分,2019年1月,109800000.0,2LDK,56.91,11.43,東京,品川,83,10980.0,637,りんかい線,品川シーサイド,35.6078114,139.7479096
コスモポリス品川,東京都港区港南３,ＪＲ山手線「品川」徒歩11分,2005年2月,109800000.0,1LDK+S（納戸）,59.14,8.92,東京,港,250,10980.0,613,ＪＲ山手線,品川,35.633247,139.7505142
ビーコンタワーレジデンス,東京都江東区東雲１,東京メトロ有楽町線「辰巳」徒歩11分,2009年1月,109800000.0,2LDK,82.71,12.52,東京,江東,203,10980.0,438,東京メトロ有楽町線,辰巳,35.6465138,139.802278
キャナルワーフタワーズWEST,東京都江東区豊洲１,東京メトロ有楽町線「豊洲」徒歩12分,2000年11月,109800000.0,2LDK,72.37,14.28,東京,江東,301,10980.0,501,東京メトロ有楽町線,豊洲,35.6607961,139.7920494
BEACON Tower Residence,東京都江東区東雲１,東京メトロ有楽町線「辰巳」徒歩9分,2009年1月,109800000.0,2LDK,82.71,12.52,東京,江東,203,10980.0,438,東京メトロ有楽町線,辰巳,35.6465138,139.802278
クレストプライムタワー芝,東京都港区芝１,ＪＲ山手線「浜松町」徒歩7分,2007年8月,109800000.0,1LDK,40.62,12.2,東京,港,220,10980.0,892,ＪＲ山手線,浜松町,35.65127349999999,139.7546664
キャナルワーフタワーズWEST,東京都江東区豊洲１,東京メトロ有楽町線「豊洲」徒歩12分,2000年11月,109800000.0,2LDK,72.37,14.28,東京,江東,301,10980.0,501,東京メトロ有楽町線,豊洲,35.6607961,139.7920494
Ｂｒｉｌｌｉａタワー東京,東京都墨田区太平４,東京メトロ半蔵門線「錦糸町」徒歩4分,2006年6月,109980000.0,1LDK+S（納戸）,57.16,11.5,東京,墨田,234,10998.0,635,東京メトロ半蔵門線,錦糸町,35.7012067,139.8169845
Ｂｒｉｌｌｉａタワー東京,東京都墨田区太平４,東京メトロ半蔵門線「錦糸町」徒歩4分,2006年2月,109980000.0,1LDK,57.16,11.5,東京,墨田,238,10998.0,635,東京メトロ半蔵門線,錦糸町,35.7012067,139.8169845
晴海アイランドトリトンスクエアビュータワー,東京都中央区晴海１-6-1,東京メトロ有楽町線「月島」徒歩7分,1998年2月,109990000.0,1LDK,55.27,7.97,東京,中央,334,10999.0,657,東京メトロ有楽町線,月島,35.6590853,139.7840305
晴海アイランドトリトンスクエアビュータワー,東京都中央区晴海１,東京メトロ有楽町線「月島」徒歩7分,1998年2月,109990000.0,1LDK+S（納戸）,55.27,7.97,東京,中央,334,10999.0,657,東京メトロ有楽町線,月島,35.6597032,139.7850184
晴海アイランドトリトンスクエアビュータワー,東京都中央区晴海１,東京メトロ有楽町線「月島」徒歩7分,1998年2月,109990000.0,1LDK+S（納戸）,55.27,7.97,東京,中央,334,10999.0,657,東京メトロ有楽町線,月島,35.6597032,139.7850184
晴海アイランドトリトンスクエアビュータワー,東京都中央区晴海１,東京メトロ有楽町線「月島」徒歩7分,1998年2月,109990000.0,1LDK+S（納戸）,55.27,7.97,東京,中央,334,10999.0,657,東京メトロ有楽町線,月島,35.6597032,139.7850184
浅草タワー,東京都台東区西浅草３,つくばエクスプレス「浅草」徒歩3分,2012年2月,109990000.0,1LDK+S（納戸）,50.58,9.5,東京,台東,166,10999.0,718,つくばエクスプレス,浅草,35.7162192,139.7914102
プラウドタワー練馬,東京都練馬区中村北１,西武池袋線「練馬」徒歩9分,2009年1月,110000000.0,3LDK+S（納戸）,70.7,13.14,東京,練馬,203,11000.0,513,西武池袋線,練馬,35.736233,139.6471222
ライオンズ四谷タワーゲート,東京都新宿区四谷４,東京メトロ丸ノ内線「四谷三丁目」徒歩5分,2007年5月,110000000.0,1LDK,55.7,8.78,東京,新宿,223,11000.0,652,東京メトロ丸ノ内線,四谷三丁目,35.6894241,139.7160301
ザ・タワー十条,東京都北区上十条２-27-1,ＪＲ埼京線「十条」徒歩1分,2024年9月,110000000.0,3LDK,70.64,11.89,東京,北,15,11000.0,514,ＪＲ埼京線,十条,35.7600419,139.7215941
銀座タワー,東京都中央区銀座１,東京メトロ有楽町線「新富町」徒歩3分,2003年7月,110000000.0,2LDK,73.81,12.88,東京,中央,269,11000.0,492,東京メトロ有楽町線,新富町,35.6738102,139.7693612
ザ・タワー十条,東京都北区上十条２,ＪＲ埼京線「十条」徒歩1分,2024年10月,110000000.0,3LDK,65.65,13.6,東京,北,14,11000.0,553,ＪＲ埼京線,十条,35.7591353,139.7211376
ザ・タワー十条,東京都北区上十条２,ＪＲ埼京線「十条」徒歩1分,2024年10月,110000000.0,3LDK,70.64,11.89,東京,北,14,11000.0,514,ＪＲ埼京線,十条,35.7591353,139.7211376
ブリリア有明スカイタワー,東京都江東区有明１,新交通ゆりかもめ「有明テニスの森」徒歩6分,2010年12月,110000000.0,1LDK,53.22,12.25,東京,江東,180,11000.0,682,新交通ゆりかもめ,有明テニスの森,35.6403728,139.7869359
ガレリアグランデ,東京都江東区有明１,新交通ゆりかもめ「有明テニスの森」徒歩8分,2006年2月,110000000.0,1LDK+S（納戸）,68.12,13.71,東京,江東,238,11000.0,533,新交通ゆりかもめ,有明テニスの森,35.6403728,139.7869359
HARUMI FLAG PARK VILLAGE T…,東京都中央区晴海５,都営大江戸線「勝どき」徒歩18分,2025年10月,110000000.0,1LDK,47.74,11.9,東京,中央,2,11000.0,760,都営大江戸線,勝どき,35.6490356,139.7741538
HARUMI FLAG PARK VILLAGE　T…,東京都中央区晴海５-6-7,都営大江戸線「勝どき」徒歩17分,2025年10月,110000000.0,1LDK,47.74,11.9,東京,中央,2,11000.0,760,都営大江戸線,勝どき,35.6497754,139.7745565
代官山駅から歩いて１分　代官山アドレス　ザ・タワー,東京都渋谷区代官山町,東急東横線「代官山」徒歩1分,2000年8月,110000000.0,1RM,35.55,7.0,東京,渋谷,304,11000.0,1021,東急東横線,代官山,35.6505465,139.7042207
シティタワー金町　タワー棟　36階部分,東京都葛飾区新宿６,ＪＲ常磐線「金町」徒歩12分,2016年2月,110000000.0,4LDK,84.41,20.11,東京,葛飾,118,11000.0,430,ＪＲ常磐線,金町,35.7710963,139.861126
ステーションフロントタワー,東京都豊島区北大塚２,ＪＲ山手線「大塚」徒歩4分,2000年8月,110800000.0,2LDK,63.08,27.3,東京,豊島,304,11080.0,580,ＪＲ山手線,大塚,35.7335499,139.7287997
プライムパークス品川シーサイドザ・タワー,東京都品川区東品川４,りんかい線「品川シーサイド」徒歩4分,2019年1月,111000000.0,2LDK,60.08,11.0,東京,品川,83,11100.0,610,りんかい線,品川シーサイド,35.6089355,139.7485979
セントラルレジデンス新宿シティタワー,東京都新宿区西新宿７,ＪＲ総武線「大久保」徒歩5分,2001年12月,111800000.0,2LDK,51.36,8.6,東京,新宿,288,11180.0,718,ＪＲ総武線,大久保,35.6963255,139.6975192
ブリリアタワー有明ミッドクロス/2LDK+WIC+S…,東京都江東区有明１,新交通ゆりかもめ「お台場海浜公園」徒歩9分,2021年6月,112000000.0,2LDK,63.05,12.9,東京,江東,54,11200.0,586,新交通ゆりかもめ,お台場海浜公園,35.6403728,139.7869359
西戸山タワーホウムズセントラルタワー,東京都新宿区百人町３-1-4,ＪＲ山手線「新大久保」徒歩6分,1988年1月,112000000.0,2LDK+S（納戸）,79.77,13.22,東京,新宿,455,11200.0,463,ＪＲ山手線,新大久保,35.7059705,139.7007328
品川イーストシティタワー,東京都品川区東品川５,東京モノレール「天王洲アイル」徒歩5分,2018年7月,112000000.0,1LDK,41.62,12.4,東京,品川,89,11200.0,888,東京モノレール,天王洲アイル,35.6211959,139.7562635
ガレリアグランデ,東京都江東区有明１,新交通ゆりかもめ「有明テニスの森」徒歩9分,2006年2月,112500000.0,1LDK+S（納戸）,67.23,7.35,東京,江東,238,11250.0,552,新交通ゆりかもめ,有明テニスの森,35.6403728,139.7869359
品川イーストシティタワー,東京都品川区東品川５-9-6,東京モノレール「天王洲アイル」徒歩5分,2018年7月,112800000.0,2LDK,56.82,11.34,東京,品川,89,11280.0,655,東京モノレール,天王洲アイル,35.6237212,139.7537881
晴海アイランドトリトンスクエアビュータワー,東京都中央区晴海１,東京メトロ有楽町線「月島」徒歩6分,1998年2月,112800000.0,1LDK+S（納戸）,57.78,7.26,東京,中央,334,11280.0,644,東京メトロ有楽町線,月島,35.6597032,139.7850184
晴海アイランドトリトンスクエアビュータワー,東京都中央区晴海１,都営大江戸線「月島」徒歩6分,1998年2月,112800000.0,1LDK+S（納戸）,57.78,7.26,東京,中央,334,11280.0,644,都営大江戸線,月島,35.6597032,139.7850184
品川イーストシティタワー,東京都品川区東品川５,東京モノレール「天王洲アイル」徒歩5分,2018年7月,112800000.0,2LDK,56.82,11.34,東京,品川,89,11280.0,655,東京モノレール,天王洲アイル,35.6211959,139.7562635
ガレリアグランデ,東京都江東区有明１,新交通ゆりかもめ「有明テニスの森」徒歩9分,2006年2月,113000000.0,1LDK,75.95,13.52,東京,江東,238,11300.0,491,新交通ゆりかもめ,有明テニスの森,35.6403728,139.7869359
パークコート浜離宮ザタワー,東京都港区浜松町１,ＪＲ山手線「浜松町」徒歩5分,2019年2月,113000000.0,1LDK,35.02,0.0,東京,港,82,11300.0,1065,ＪＲ山手線,浜松町,35.658259,139.7556247
晴海アイランドトリトンスクエアビュータワー,東京都中央区晴海１-6-1,都営大江戸線「勝どき」徒歩7分,1998年2月,113800000.0,2LDK,69.86,11.38,東京,中央,334,11380.0,538,都営大江戸線,勝どき,35.6590853,139.7840305
晴海アイランドトリトンスクエアビュータワー,東京都中央区晴海１,都営大江戸線「月島」徒歩7分,1998年2月,113800000.0,2LDK+S（納戸）,69.86,11.38,東京,中央,334,11380.0,538,都営大江戸線,月島,35.6597032,139.7850184
晴海アイランドトリトンスクエアビュータワー1号棟,東京都中央区晴海１,都営大江戸線「勝どき」徒歩9分,1998年2月,113800000.0,2LDK+S（納戸）,69.86,11.38,東京,中央,334,11380.0,538,都営大江戸線,勝どき,35.6597032,139.7850184
晴海アイランドトリトンスクエアビュータワー,東京都中央区晴海１,都営大江戸線「月島」徒歩7分,1998年2月,113800000.0,2LDK+S（納戸）,69.86,11.38,東京,中央,334,11380.0,538,都営大江戸線,月島,35.6597032,139.7850184
晴海アイランドトリトンスクエアービュータワー,東京都中央区晴海１-6-1,東京メトロ有楽町線「月島」徒歩7分,1998年2月,113800000.0,2LDK+S（納戸）,69.86,11.38,東京,中央,334,11380.0,538,東京メトロ有楽町線,月島,35.6590853,139.7840305
晴海アイランドトリトンスクエアビュータワー,東京都中央区晴海１,都営大江戸線「月島」徒歩12分,1998年2月,113800000.0,2LDK+S（納戸）,69.86,11.38,東京,中央,334,11380.0,538,都営大江戸線,月島,35.6597032,139.7850184
ベイクレストタワー,東京都港区港南３-9-33,東京モノレール「天王洲アイル」徒歩13分,2005年8月,114800000.0,2LDK,62.42,8.64,東京,港,244,11480.0,607,東京モノレール,天王洲アイル,35.6316532,139.7517314
ローレルタワールネ浜松町,東京都港区海岸２,ＪＲ山手線「浜松町」徒歩12分,2020年1月,114800000.0,1LDK,56.12,15.34,東京,港,71,11480.0,675,ＪＲ山手線,浜松町,35.6501388,139.7589234
ベイクレストタワー,東京都港区港南３,ＪＲ山手線「品川」徒歩15分,2005年8月,114800000.0,2LDK,62.42,8.64,東京,港,244,11480.0,607,ＪＲ山手線,品川,35.633247,139.7505142
ローレルコート新宿タワー,東京都新宿区富久町,東京メトロ丸ノ内線「新宿御苑前」徒歩8分,2002年9月,114800000.0,2LDK,55.22,9.19,東京,新宿,279,11480.0,686,東京メトロ丸ノ内線,新宿御苑前,35.6934999,139.7147533
神楽坂アインスタワー,東京都新宿区神楽坂５,都営大江戸線「牛込神楽坂」徒歩3分,2003年1月,114800000.0,3LDK,79.08,9.69,東京,新宿,275,11480.0,479,都営大江戸線,牛込神楽坂,35.7022532,139.738698
銀座タワー,東京都中央区銀座１,東京メトロ有楽町線「銀座一丁目」徒歩5分,2003年7月,114800000.0,1LDK,73.81,12.88,東京,中央,269,11480.0,513,東京メトロ有楽町線,銀座一丁目,35.6738102,139.7693612
THE TOYOSU TOWER,東京都江東区豊洲３,東京メトロ有楽町線「豊洲」徒歩6分,2008年10月,114800000.0,1LDK,47.25,13.86,東京,江東,206,11480.0,802,東京メトロ有楽町線,豊洲,35.6585681,139.7965242
シエルズガーデン　 エールタワー,東京都大田区下丸子２,東急多摩川線「下丸子」徒歩14分,2003年5月,114800000.0,3LDK,98.98,29.65,東京,大田,271,11480.0,383,東急多摩川線,下丸子,35.5626542,139.6847564
ベイズタワー＆ガーデン,東京都江東区豊洲６,新交通ゆりかもめ「新豊洲」徒歩6分,2016年6月,114800000.0,1LDK,54.98,15.26,東京,江東,114,11480.0,689,新交通ゆりかもめ,新豊洲,35.6456038,139.7856575
ローレルコート新宿タワー,東京都新宿区富久町12-1,都営新宿線「曙橋」徒歩9分,2002年10月,114800000.0,2LDK,55.22,9.19,東京,新宿,278,11480.0,686,都営新宿線,曙橋,35.6934999,139.7147533
銀座タワー,東京都中央区銀座１,東京メトロ有楽町線「銀座一丁目」徒歩4分,2003年7月,115000000.0,2LDK,75.77,7.21,東京,中央,269,11500.0,501,東京メトロ有楽町線,銀座一丁目,35.6738102,139.7693612
ファミール新宿グランスイートタワー,東京都渋谷区代々木２-21-8,ＪＲ山手線「新宿」徒歩6分,2002年2月,115000000.0,1LDK,46.86,10.13,東京,渋谷,286,11500.0,810,ＪＲ山手線,新宿,35.6865815,139.6974972
芝浦アイランドケープタワー,東京都港区芝浦４,ＪＲ山手線「田町」徒歩12分,2006年10月,115000000.0,1LDK,57.71,11.85,東京,港,230,11500.0,658,ＪＲ山手線,田町,35.6400662,139.7460429
プラウドタワー東池袋ステーションアリーナ,東京都豊島区東池袋４,東京メトロ有楽町線「東池袋」徒歩1分,2022年1月,115000000.0,1LDK,44.3,9.08,東京,豊島,47,11500.0,857,東京メトロ有楽町線,東池袋,35.727032,139.7211376
プラウドタワー東池袋ステーションアリーナ,東京都豊島区東池袋４,東京メトロ有楽町線「東池袋」徒歩1分,2022年1月,115000000.0,1LDK,44.3,9.08,東京,豊島,47,11500.0,857,東京メトロ有楽町線,東池袋,35.727032,139.7211376
プラウドタワー東池袋ステーションアリーナ,東京都豊島区東池袋４,東京メトロ有楽町線「東池袋」徒歩1分,2022年1月,115000000.0,1LDK,44.3,9.08,東京,豊島,47,11500.0,857,東京メトロ有楽町線,東池袋,35.727032,139.7211376
プラウドタワー東池袋ステーションアリーナ,東京都豊島区東池袋４,東京メトロ有楽町線「東池袋」徒歩1分,2022年1月,115000000.0,1LDK,44.3,9.08,東京,豊島,47,11500.0,857,東京メトロ有楽町線,東池袋,35.727032,139.7211376
スカイフォレストレジデンス,東京都新宿区大久保３,ＪＲ山手線「高田馬場」徒歩7分,2014年12月,115000000.0,1LDK,42.2,12.83,東京,新宿,132,11500.0,899,ＪＲ山手線,高田馬場,35.7066016,139.7045399
銀座タワー,東京都中央区銀座１,東京メトロ有楽町線「銀座一丁目」徒歩4分,2003年7月,115000000.0,2LDK,75.77,7.21,東京,中央,269,11500.0,501,東京メトロ有楽町線,銀座一丁目,35.6738102,139.7693612
スカイフォレストレジデンス,東京都新宿区大久保３,ＪＲ山手線「高田馬場」徒歩6分,2014年12月,115000000.0,1LDK,42.2,12.83,東京,新宿,132,11500.0,899,ＪＲ山手線,高田馬場,35.7066016,139.7045399
プラウドタワー東池袋ステーションアリーナ,東京都豊島区東池袋４,東京メトロ有楽町線「東池袋」徒歩1分,2022年1月,115000000.0,1LDK,44.3,9.08,東京,豊島,47,11500.0,857,東京メトロ有楽町線,東池袋,35.727032,139.7211376
プラウドタワー東池袋ステーションアリーナ,東京都豊島区東池袋４,東京メトロ有楽町線「東池袋」徒歩1分,2022年1月,115000000.0,1LDK,44.3,9.08,東京,豊島,47,11500.0,857,東京メトロ有楽町線,東池袋,35.727032,139.7211376
ＴＨＥ　ＴＯＷＥＲＳ　ＤＡＩＢＡ　ＷＥＳＴ,東京都港区台場２-2‐2,新交通ゆりかもめ「お台場海浜公園」徒歩2分,2006年5月,115000000.0,1LDK,58.07,0.0,東京,港,235,11500.0,654,新交通ゆりかもめ,お台場海浜公園,35.6298408,139.7802649
プラウドタワー東池袋ステーションアリーナ,東京都豊島区東池袋４,東京メトロ有楽町線「東池袋」徒歩1分,2022年1月,115000000.0,1LDK,44.3,9.08,東京,豊島,47,11500.0,857,東京メトロ有楽町線,東池袋,35.727032,139.7211376
ＨＡＲＵＭＩ　ＦＬＡＧ　ＳＵＮＶＩＬＬＥＧＥ　Ｔ棟,東京都中央区晴海５,都営大江戸線「勝どき」徒歩14分,2025年9月,115000000.0,1LDK,49.38,11.27,東京,中央,3,11500.0,769,都営大江戸線,勝どき,35.6490356,139.7741538
ガレリアグランデ,東京都江東区有明１,新交通ゆりかもめ「有明テニスの森」徒歩8分,2006年2月,115000000.0,1LDK+S（納戸）,70.65,5.01,東京,江東,238,11500.0,537,新交通ゆりかもめ,有明テニスの森,35.6403728,139.7869359
ファミール新宿グランスィートタワー,東京都渋谷区代々木２,ＪＲ山手線「新宿」徒歩7分,2002年2月,115000000.0,1LDK,46.86,0.0,東京,渋谷,286,11500.0,810,ＪＲ山手線,新宿,35.6856856,139.6981574
ワールドシティタワーズ アクアタワー,東京都港区港南４,ＪＲ山手線「品川」徒歩15分,2005年10月,115000000.0,2LDK,56.79,9.51,東京,港,242,11500.0,668,ＪＲ山手線,品川,35.6273113,139.7485979
プラウドタワー東池袋ステーションアリーナ,東京都豊島区東池袋４-2-1,東京メトロ有楽町線「東池袋」徒歩1分,2022年1月,115000000.0,1LDK,44.3,9.08,東京,豊島,47,11500.0,857,東京メトロ有楽町線,東池袋,35.7256758,139.720316
コンシェリア西新宿ＴＯＷＥＲ’Ｓ　ＷＥＳＴ,東京都新宿区西新宿６,都営大江戸線「西新宿五丁目」徒歩6分,2008年1月,115000000.0,1LDK,55.11,18.95,東京,新宿,215,11500.0,689,都営大江戸線,西新宿五丁目,35.6929304,139.6904993
プラウドタワー金町,東京都葛飾区金町６,ＪＲ常磐線「金町」徒歩2分,2021年6月,115800000.0,3LDK,73.68,13.95,東京,葛飾,54,11580.0,519,ＪＲ常磐線,金町,35.7690373,139.8710463
ザ・パークハウス晴海タワーズ　ティアロレジデンス,東京都中央区晴海２-3-2,都営大江戸線「勝どき」徒歩13分,2016年3月,115880000.0,2LDK,56.21,0.0,東京,中央,117,11588.0,680,都営大江戸線,勝どき,35.6561262,139.7858853
ザ・パークハウス晴海タワーズ　ティアロレジデンス,東京都中央区晴海２-3-2,都営大江戸線「勝どき」徒歩13分,2016年3月,115880000.0,2LDK,56.21,9.87,東京,中央,117,11588.0,680,都営大江戸線,勝どき,35.6561262,139.7858853
ザ・パークハウス晴海タワーズティアロレジデンス,東京都中央区晴海２,都営大江戸線「勝どき」徒歩13分,2016年3月,115880000.0,2LDK,56.21,9.87,東京,中央,117,11588.0,680,都営大江戸線,勝どき,35.6564518,139.7869359
ザ・パークハウス晴海タワーズ　ティアロレジデンス,東京都中央区晴海２,都営大江戸線「勝どき」徒歩13分,2016年3月,115880000.0,2LDK,56.21,9.87,東京,中央,117,11588.0,680,都営大江戸線,勝どき,35.6564518,139.7869359
ザ・パークハウス晴海タワーズ　ティアロレジデンス,東京都中央区晴海２-3-2,都営大江戸線「勝どき」徒歩13分,2016年3月,115880000.0,2LDK,56.21,9.87,東京,中央,117,11588.0,680,都営大江戸線,勝どき,35.6561262,139.7858853
ザ・パークハウス晴海タワーズ　ティアロレジデンス,東京都中央区晴海２,都営大江戸線「勝どき」徒歩13分,2016年3月,115880000.0,2LDK,56.21,9.87,東京,中央,117,11588.0,680,都営大江戸線,勝どき,35.6564518,139.7869359
ザ・パークハウス晴海タワーズティアロレジデンス,東京都中央区晴海２-3-2,東京メトロ有楽町線「月島」徒歩13分,2016年3月,115880000.0,2LDK,56.21,9.87,東京,中央,117,11588.0,680,東京メトロ有楽町線,月島,35.6561262,139.7858853
ガレリアグランデ,東京都江東区有明１-2-11,新交通ゆりかもめ「有明テニスの森」徒歩9分,2006年2月,116800000.0,1LDK+S（納戸）,75.95,13.52,東京,江東,238,11680.0,507,新交通ゆりかもめ,有明テニスの森,35.6416835,139.7951497
ＢＥＡＣＯＮ　Ｔｏｗｅｒ　Ｒｅｓｉｄｅｎｃｅ,東京都江東区東雲１,東京メトロ有楽町線「辰巳」徒歩10分,2009年1月,116800000.0,2LDK,82.71,12.52,東京,江東,203,11680.0,466,東京メトロ有楽町線,辰巳,35.6465138,139.802278
ガレリアグランデ,東京都江東区有明１,新交通ゆりかもめ「有明テニスの森」徒歩8分,2006年2月,116800000.0,1LDK+S（納戸）,75.95,13.52,東京,江東,238,11680.0,507,新交通ゆりかもめ,有明テニスの森,35.6403728,139.7869359
シティフロントタワー,東京都中央区佃１,東京メトロ有楽町線「月島」徒歩7分,1991年8月,116800000.0,2LDK,60.39,7.26,東京,中央,412,11680.0,638,東京メトロ有楽町線,月島,35.6690135,139.7824618
シティタワー千住大橋,東京都足立区千住橋戸町,京成本線「千住大橋」徒歩5分,2025年5月,117000000.0,2LDK,67.44,16.4,東京,足立,7,11700.0,573,京成本線,千住大橋,35.7412187,139.7965242
シティタワー千住大橋,東京都足立区千住橋戸町,京成本線「千住大橋」徒歩5分,2025年5月,117000000.0,2LDK,67.44,16.4,東京,足立,7,11700.0,573,京成本線,千住大橋,35.7412187,139.7965242
パークコート赤坂ザタワー,東京都港区赤坂４,東京メトロ千代田線「赤坂」徒歩8分,2009年6月,117000000.0,1K,38.98,5.7,東京,港,198,11700.0,991,東京メトロ千代田線,赤坂,35.6748007,139.7339083
パークタワー錦糸町　12階,東京都墨田区江東橋２,ＪＲ総武線「錦糸町」徒歩6分,2009年1月,117000000.0,2LDK,61.5,0.0,東京,墨田,203,11700.0,628,ＪＲ総武線,錦糸町,35.6949816,139.8121885
ライオンズタワー池袋,東京都豊島区東池袋３-19-10,ＪＲ山手線「池袋」徒歩11分,2001年1月,118000000.0,2LDK,57.07,9.99,東京,豊島,299,11800.0,682,ＪＲ山手線,池袋,35.7301308,139.7211928
プライムパークス品川シーサイドザ・タワー,東京都品川区東品川４-11-36,りんかい線「品川シーサイド」徒歩5分,2019年1月,118000000.0,2LDK,58.44,9.82,東京,品川,83,11800.0,666,りんかい線,品川シーサイド,35.6078114,139.7479096
シエルズガーデン　エールタワー,東京都大田区下丸子２-12-3,東急多摩川線「下丸子」徒歩13分,2003年5月,118000000.0,4LDK,98.98,29.65,東京,大田,271,11800.0,393,東急多摩川線,下丸子,35.5639651,139.6825627
新規リノベーションの南向き住戸～レグノ・セレーノ　4…,東京都新宿区北新宿３,ＪＲ中央線「大久保」徒歩4分,2008年4月,118000000.0,2LDK,64.64,10.15,東京,新宿,212,11800.0,602,ＪＲ中央線,大久保,35.7032517,139.6904993
プライムパークス品川シーサイドザ・タワー,東京都品川区東品川４,りんかい線「品川シーサイド」徒歩5分,2019年1月,118000000.0,2LDK,58.44,9.82,東京,品川,83,11800.0,666,りんかい線,品川シーサイド,35.6089355,139.7485979
レグノ・セレーノ,東京都新宿区北新宿３-2-1,ＪＲ中央線「大久保」徒歩3分,2008年4月,118000000.0,2LDK,64.64,10.15,東京,新宿,212,11800.0,602,ＪＲ中央線,大久保,35.7030039,139.6946074
プライムパークス品川シーサイドザ・タワー,東京都品川区東品川４,りんかい線「品川シーサイド」徒歩5分,2019年1月,118000000.0,2LDK,58.44,9.82,東京,品川,83,11800.0,666,りんかい線,品川シーサイド,35.6089355,139.7485979
シエルズガーデン,東京都大田区下丸子２,東急多摩川線「下丸子」徒歩13分,2003年5月,118000000.0,4LDK,98.98,29.65,東京,大田,271,11800.0,393,東急多摩川線,下丸子,35.5626542,139.6847564
シエルズガーデンエールタワー,東京都大田区下丸子２,東急多摩川線「下丸子」徒歩13分,2003年5月,118000000.0,4LDK,98.98,29.65,東京,大田,271,11800.0,393,東急多摩川線,下丸子,35.5626542,139.6847564
HARUMI FLAG SKY DUO PARK V…,東京都中央区晴海５,都営大江戸線「勝どき」徒歩18分,2025年9月,118000000.0,1LDK,47.74,11.9,東京,中央,3,11800.0,816,都営大江戸線,勝どき,35.6490356,139.7741538
シエルズガーデン　エールタワー,東京都大田区下丸子２,東急多摩川線「下丸子」徒歩12分,2003年5月,118000000.0,4LDK,98.98,29.65,東京,大田,271,11800.0,393,東急多摩川線,下丸子,35.5626542,139.6847564
シエルズガーデンエールタワー,東京都大田区下丸子２-12-3,東急多摩川線「下丸子」徒歩13分,2003年5月,118000000.0,4LDK,98.98,29.65,東京,大田,271,11800.0,393,東急多摩川線,下丸子,35.5639651,139.6825627
レグノ・セレーノ,東京都新宿区北新宿３,ＪＲ総武線「大久保」徒歩3分,2008年4月,118000000.0,2LDK,64.64,10.15,東京,新宿,212,11800.0,602,ＪＲ総武線,大久保,35.7032517,139.6904993
レグノ・セレーノ,東京都新宿区北新宿３,ＪＲ中央線「大久保」徒歩4分,2008年4月,118000000.0,2LDK,64.64,10.15,東京,新宿,212,11800.0,602,ＪＲ中央線,大久保,35.7032517,139.6904993
レグノ・セレーノ,東京都新宿区北新宿３,ＪＲ中央線「大久保」徒歩3分,2008年4月,118000000.0,2LDK,64.64,10.15,東京,新宿,212,11800.0,602,ＪＲ中央線,大久保,35.7032517,139.6904993
レグノ・セレーノ,東京都新宿区北新宿３,ＪＲ中央線「大久保」徒歩3分,2008年4月,118000000.0,2LDK,64.64,10.15,東京,新宿,212,11800.0,602,ＪＲ中央線,大久保,35.7032517,139.6904993
レグノ・セレーノ,東京都新宿区北新宿３,ＪＲ中央線「大久保」徒歩3分,2008年4月,118000000.0,2LDK,64.64,10.15,東京,新宿,212,11800.0,602,ＪＲ中央線,大久保,35.7032517,139.6904993
レグノ・セレーノ,東京都新宿区北新宿３,ＪＲ中央線「大久保」徒歩3分,2008年4月,118000000.0,2LDK,64.64,10.15,東京,新宿,212,11800.0,602,ＪＲ中央線,大久保,35.7032517,139.6904993
レグノ・セレーノ,東京都新宿区北新宿３,ＪＲ中央線「大久保」徒歩4分,2008年4月,118000000.0,2LDK,64.64,10.15,東京,新宿,212,11800.0,602,ＪＲ中央線,大久保,35.7032517,139.6904993
ライオンズタワー池袋,東京都豊島区東池袋３,ＪＲ山手線「池袋」徒歩11分,2001年1月,118000000.0,1LDK+S（納戸）,57.07,9.99,東京,豊島,299,11800.0,682,ＪＲ山手線,池袋,35.7299592,139.7198607
ライオンズ四谷タワーゲート,東京都新宿区四谷４,東京メトロ丸ノ内線「四谷三丁目」徒歩5分,2007年5月,118000000.0,2LDK,57.99,9.24,東京,新宿,223,11800.0,671,東京メトロ丸ノ内線,四谷三丁目,35.6894241,139.7160301
コスモポリス品川,東京都港区港南３-6-21,ＪＲ山手線「品川」徒歩11分,2005年2月,118000000.0,1LDK,55.31,0.0,東京,港,250,11800.0,704,ＪＲ山手線,品川,35.632002,139.7478536
レグノ・セレーノ,東京都新宿区北新宿３,ＪＲ総武線「大久保」徒歩3分,2008年4月,118000000.0,2LDK,64.64,10.15,東京,新宿,212,11800.0,602,ＪＲ総武線,大久保,35.7032517,139.6904993
レグノ・セレーノ,東京都新宿区北新宿３,ＪＲ中央線「大久保」徒歩3分,2008年4月,118000000.0,2LDK,64.64,10.15,東京,新宿,212,11800.0,602,ＪＲ中央線,大久保,35.7032517,139.6904993
ブランズタワー豊洲,東京都江東区豊洲５,東京メトロ有楽町線「豊洲」徒歩5分,2021年10月,118800000.0,1LDK,43.41,9.27,東京,江東,50,11880.0,903,東京メトロ有楽町線,豊洲,35.6505285,139.7965242
Wコンフォートタワーズ W Comfort Towe…,東京都江東区東雲１,東京メトロ有楽町線「辰巳」徒歩7分,2004年10月,118800000.0,2LDK,83.13,11.77,東京,江東,254,11880.0,472,東京メトロ有楽町線,辰巳,35.6465138,139.802278
ＨＡＲＵＭＩ　ＦＬＡＧ　ＳＵＮ　ＶＩＬＬＡＧＥ　Ｔ棟,東京都中央区晴海５,都営大江戸線「勝どき」徒歩14分,2025年9月,118900000.0,1LDK,49.38,11.27,東京,中央,3,11890.0,795,都営大江戸線,勝どき,35.6490356,139.7741538
ＨＡＲＵＭＩ　ＦＬＡＧ　ＳＵＮ　ＶＩＬＬＡＧＥ　Ｔ棟,東京都中央区晴海５,都営大江戸線「勝どき」徒歩14分,2025年8月,118900000.0,1LDK,49.38,11.27,東京,中央,4,11890.0,795,都営大江戸線,勝どき,35.6490356,139.7741538
シティタワー品川,東京都港区港南４,ＪＲ山手線「品川」徒歩10分,2008年4月,119000000.0,3LDK,82.77,11.05,東京,港,212,11900.0,474,ＪＲ山手線,品川,35.6273113,139.7485979
大崎ウエストシティタワーズ　Ｅ棟,東京都品川区大崎２,ＪＲ山手線「大崎」徒歩4分,2009年9月,119000000.0,1LDK,46.74,4.79,東京,品川,195,11900.0,840,ＪＲ山手線,大崎,35.6177742,139.7262455
シティタワーズ東京ベイ　セントラルタワー,東京都江東区有明２,新交通ゆりかもめ「有明」徒歩4分,2019年7月,119000000.0,2LDK,55.71,14.98,東京,江東,77,11900.0,705,新交通ゆりかもめ,有明,35.6388488,139.7946064
パークタワー晴海,東京都中央区晴海２,東京メトロ有楽町線「月島」徒歩12分,2019年2月,119000000.0,2LDK,57.38,9.06,東京,中央,82,11900.0,684,東京メトロ有楽町線,月島,35.6564518,139.7869359
キャピタルゲートプレイス,東京都中央区月島１,東京メトロ有楽町線「月島」徒歩1分,2015年7月,119000000.0,1LDK,40.23,11.05,東京,中央,125,11900.0,976,東京メトロ有楽町線,月島,35.6644207,139.7824618
シティタワー新宿新都心,東京都新宿区西新宿４-2-15,都営大江戸線「西新宿五丁目」徒歩2分,2005年2月,119800000.0,1LDK,55.0,6.2,東京,新宿,250,11980.0,719,都営大江戸線,西新宿五丁目,35.690235,139.6861123
ＴＨＥ　ＴＯＷＥＲＳ　ＤＡＩＢＡ　ＥＡＳＴ,東京都港区台場２,新交通ゆりかもめ「お台場海浜公園」徒歩3分,2006年5月,119800000.0,1LDK,64.57,6.3,東京,港,235,11980.0,612,新交通ゆりかもめ,お台場海浜公園,35.6268958,139.7747928
ザ・パークハウス三軒茶屋タワー,東京都世田谷区上馬１,東急田園都市線「三軒茶屋」徒歩9分,2012年2月,119800000.0,2LDK,55.72,6.32,東京,世田谷,166,11980.0,710,東急田園都市線,三軒茶屋,35.6383248,139.6688067
ワールドシティタワーズ キャピタルタワー,東京都港区港南４,東京モノレール「天王洲アイル」徒歩7分,2006年10月,119800000.0,1LDK,62.44,9.69,東京,港,230,11980.0,633,東京モノレール,天王洲アイル,35.6273113,139.7485979
シティタワー新宿新都心,東京都新宿区西新宿４,都営大江戸線「西新宿五丁目」徒歩2分,2005年2月,119800000.0,1LDK,55.0,6.2,東京,新宿,250,11980.0,719,都営大江戸線,西新宿五丁目,35.6879506,139.6866706
シティタワー新宿新都心,東京都新宿区西新宿４,都営大江戸線「西新宿五丁目」徒歩2分,2005年2月,119800000.0,1LDK,55.0,6.2,東京,新宿,250,11980.0,719,都営大江戸線,西新宿五丁目,35.6879506,139.6866706
ローレルタワールネ浜松町,東京都港区海岸２,ＪＲ山手線「浜松町」徒歩10分,2020年1月,119800000.0,2LDK,52.13,6.5,東京,港,71,11980.0,758,ＪＲ山手線,浜松町,35.6501388,139.7589234
ワールドシティタワーズキャピタルタワー,東京都港区港南４,ＪＲ山手線「品川」徒歩13分,2006年10月,119800000.0,1LDK,62.44,9.69,東京,港,230,11980.0,633,ＪＲ山手線,品川,35.6273113,139.7485979
晴海アイランドトリトンスクエアビュータワー,東京都中央区晴海１,東京メトロ有楽町線「月島」徒歩6分,1998年1月,119800000.0,2LDK+S（納戸）,69.86,11.38,東京,中央,335,11980.0,566,東京メトロ有楽町線,月島,35.6597032,139.7850184
シティタワー品川,東京都港区港南４,ＪＲ山手線「品川」徒歩10分,2008年4月,119800000.0,3LDK,89.86,18.36,東京,港,212,11980.0,440,ＪＲ山手線,品川,35.6273113,139.7485979
芝浦アイランドグローヴタワー,東京都港区芝浦４-21－1,ＪＲ山手線「田町」徒歩8分,2006年11月,119800000.0,1LDK,51.08,10.3,東京,港,229,11980.0,774,ＪＲ山手線,田町,35.6405594,139.7512802
Brillia Mare有明TOWERGARDEN,東京都江東区有明１,新交通ゆりかもめ「有明テニスの森」徒歩5分,2008年12月,119800000.0,2LDK,64.08,2.9,東京,江東,204,11980.0,617,新交通ゆりかもめ,有明テニスの森,35.6403728,139.7869359
Wコンフォートタワーズ　WEST,東京都江東区東雲１,東京メトロ有楽町線「辰巳」徒歩8分,2005年2月,119800000.0,2LDK+S（納戸）,82.45,15.15,東京,江東,250,11980.0,479,東京メトロ有楽町線,辰巳,35.6465138,139.802278
TOWER RESIDENCE TOKYO（眺望良好…,東京都台東区台東１-2-1,東京メトロ日比谷線「秋葉原」徒歩7分,2008年1月,119800000.0,1LDK,44.32,3.4,東京,台東,215,11980.0,892,東京メトロ日比谷線,秋葉原,35.7004644,139.7797222
プラウドタワー小岩ファースト,東京都江戸川区南小岩６,ＪＲ総武線「小岩」徒歩1分,2022年3月,119800000.0,3LDK,75.32,19.42,東京,江戸川,45,11980.0,525,ＪＲ総武線,小岩,35.7292121,139.8784076
ベイサイドタワー晴海,東京都中央区晴海３,都営大江戸線「勝どき」徒歩7分,2015年9月,119800000.0,2LDK,54.73,11.09,東京,中央,123,11980.0,722,都営大江戸線,勝どき,35.6548467,139.7786272
ＢＥＡＣＯＮ　Ｔｏｗｅｒ　Ｒｅｓｉｄｅｎｃｅ,東京都江東区東雲１,東京メトロ有楽町線「辰巳」徒歩10分,2009年1月,119800000.0,3LDK,77.33,14.56,東京,江東,203,11980.0,511,東京メトロ有楽町線,辰巳,35.6465138,139.802278
プラウドタワー目黒MARC,東京都品川区西五反田３,ＪＲ山手線「目黒」徒歩9分,2023年8月,119800000.0,1LDK+S（納戸）,41.04,10.92,東京,品川,28,11980.0,963,ＪＲ山手線,目黒,35.6279656,139.717307
シティタワー新宿新都心,東京都新宿区西新宿４,都営大江戸線「西新宿五丁目」徒歩2分,2005年2月,119800000.0,1LDK,55.0,6.2,東京,新宿,250,11980.0,719,都営大江戸線,西新宿五丁目,35.6879506,139.6866706
ＨＡＲＵＭＩ　ＦＬＡＧ　ＰＡＲＫ　ＶＩＬＬＡＧＥ　Ｔ…,東京都中央区晴海５,都営大江戸線「勝どき」徒歩15分,2025年10月,119800000.0,2LDK,55.48,12.8,東京,中央,2,11980.0,713,都営大江戸線,勝どき,35.6490356,139.7741538
シティタワー品川,東京都港区港南４,ＪＲ山手線「品川」徒歩10分,2008年4月,119800000.0,3LDK,89.86,18.36,東京,港,212,11980.0,440,ＪＲ山手線,品川,35.6273113,139.7485979
シティタワーズ東京ベイ　セントラルタワー,東京都江東区有明２,新交通ゆりかもめ「有明」徒歩4分,2019年7月,119800000.0,2LDK,54.24,14.61,東京,江東,77,11980.0,729,新交通ゆりかもめ,有明,35.6388488,139.7946064
シティタワー品川,東京都港区港南４,ＪＲ山手線「品川」徒歩12分,2008年4月,119800000.0,3LDK,89.86,18.36,東京,港,212,11980.0,440,ＪＲ山手線,品川,35.6273113,139.7485979
シティタワー新宿新都心,東京都新宿区西新宿４,都営大江戸線「西新宿五丁目」徒歩2分,2005年2月,119800000.0,1LDK,55.0,6.2,東京,新宿,250,11980.0,719,都営大江戸線,西新宿五丁目,35.6879506,139.6866706
マークスタワー,東京都荒川区荒川７,東京メトロ千代田線「町屋」徒歩1分,2006年3月,119800000.0,4LDK,90.66,27.14,東京,荒川,237,11980.0,436,東京メトロ千代田線,町屋,35.7418313,139.7837401
パークタワー高輪,東京都港区高輪３,都営浅草線「高輪台」徒歩1分,2013年1月,119800000.0,1LDK,41.05,5.19,東京,港,155,11980.0,963,都営浅草線,高輪台,35.6326476,139.7332697
ザ・タワー十条,東京都北区上十条２,ＪＲ埼京線「十条」徒歩1分,2024年10月,119800000.0,2LDK,68.7,16.85,東京,北,14,11980.0,575,ＪＲ埼京線,十条,35.7591353,139.7211376
シティタワー銀座東,東京都中央区湊２,ＪＲ京葉線「八丁堀」徒歩5分,2019年1月,119900000.0,1LDK,45.65,10.36,東京,中央,83,11990.0,867,ＪＲ京葉線,八丁堀,35.6709568,139.780864
TOKYO SEA SOUTH ブランファーレ,東京都港区港南４,東京モノレール「天王洲アイル」徒歩9分,2004年6月,119900000.0,2LDK,68.86,6.57,東京,港,258,11990.0,575,東京モノレール,天王洲アイル,35.6273113,139.7485979
シティタワーズ豊洲ザ・ツイン　サウスタワー,東京都江東区豊洲３,東京メトロ有楽町線「豊洲」徒歩5分,2009年2月,119900000.0,1LDK,52.5,5.68,東京,江東,202,11990.0,754,東京メトロ有楽町線,豊洲,35.6585681,139.7965242
フェイバリッチタワー品川,東京都港区港南３-7-16,ＪＲ山手線「品川」徒歩11分,2006年10月,119990000.0,1LDK+S（納戸）,63.44,9.72,東京,港,230,11999.0,624,ＪＲ山手線,品川,35.6317538,139.7496558
ファミール月島グランスイートタワー,東京都中央区佃２-19-1,東京メトロ有楽町線「月島」徒歩1分,2002年6月,119990000.0,2LDK,50.24,14.4,東京,中央,282,11999.0,788,東京メトロ有楽町線,月島,35.6654533,139.7855776
ファミール月島グランスイートタワー,東京都中央区佃２,都営大江戸線「月島」徒歩1分,2002年6月,119990000.0,2LDK,50.24,14.4,東京,中央,282,11999.0,788,都営大江戸線,月島,35.6682531,139.7862967
フェイバリッチタワー品川,東京都港区港南３,ＪＲ山手線「品川」徒歩11分,2006年10月,119990000.0,1LDK+S（納戸）,63.44,9.72,東京,港,230,11999.0,624,ＪＲ山手線,品川,35.633247,139.7505142
フェイバリッチタワー品川 ,東京都港区港南３,ＪＲ山手線「品川」徒歩11分,2006年10月,119990000.0,1LDK+S（納戸）,63.44,9.72,東京,港,230,11999.0,624,ＪＲ山手線,品川,35.633247,139.7505142
ファミール月島グランスイートタワー,東京都中央区佃２,東京メトロ有楽町線「月島」徒歩1分,2002年6月,119990000.0,2LDK,50.24,14.4,東京,中央,282,11999.0,788,東京メトロ有楽町線,月島,35.6682531,139.7862967
ファミール月島グランスイートタワー,東京都中央区佃２,東京メトロ有楽町線「月島」徒歩1分,2002年6月,119990000.0,2LDK,50.24,14.4,東京,中央,282,11999.0,788,東京メトロ有楽町線,月島,35.6682531,139.7862967
ファミール月島グランスイートタワー,東京都中央区佃２,東京メトロ有楽町線「月島」徒歩1分,2002年6月,119990000.0,2LDK,50.24,14.4,東京,中央,282,11999.0,788,東京メトロ有楽町線,月島,35.6682531,139.7862967
ファミール月島グランスイートタワー,東京都中央区佃２-１９-１,東京メトロ有楽町線「月島」徒歩1分,2002年6月,119990000.0,2LDK,50.24,14.4,東京,中央,282,11999.0,788,東京メトロ有楽町線,月島,35.6654533,139.7855776
キャナルファーストタワー,東京都江東区東雲１-9-42,東京メトロ有楽町線「辰巳」徒歩9分,2008年1月,120000000.0,3LDK,74.41,8.4,東京,江東,215,12000.0,532,東京メトロ有楽町線,辰巳,35.6474656,139.8048629
キャナルファーストタワー,東京都江東区東雲１,東京メトロ有楽町線「辰巳」徒歩9分,2008年1月,120000000.0,3LDK,75.41,9.78,東京,江東,215,12000.0,525,東京メトロ有楽町線,辰巳,35.6465138,139.802278
大崎ウエストシティタワーズＥ棟,東京都品川区大崎２,ＪＲ山手線「大崎」徒歩5分,2009年9月,120000000.0,1LDK,46.88,4.56,東京,品川,195,12000.0,845,ＪＲ山手線,大崎,35.6177742,139.7262455
イニシア千住曙町,東京都足立区千住曙町,京成本線「京成関屋」徒歩5分,2009年1月,120000000.0,3LDK,94.78,12.1,東京,足立,203,12000.0,418,京成本線,京成関屋,35.7426527,139.8144266
アップルタワー東京キャナルコート,東京都江東区東雲１,東京メトロ有楽町線「辰巳」徒歩8分,2007年2月,120000000.0,3LDK,75.72,14.61,東京,江東,226,12000.0,523,東京メトロ有楽町線,辰巳,35.6465138,139.802278
キャナルファーストタワー,東京都江東区東雲１,東京メトロ有楽町線「辰巳」徒歩9分,2008年1月,120000000.0,3LDK,74.41,15.66,東京,江東,215,12000.0,532,東京メトロ有楽町線,辰巳,35.6465138,139.802278
オリゾンマーレ,東京都江東区有明１-3-14,新交通ゆりかもめ「有明テニスの森」徒歩4分,2004年10月,120000000.0,1LDK+S（納戸）,63.78,10.46,東京,江東,254,12000.0,621,新交通ゆりかもめ,有明テニスの森,35.63910449999999,139.791418
ザ・パークハウス　晴海タワーズ　ティアロレジデンス,東京都中央区晴海２,都営大江戸線「勝どき」徒歩13分,2016年3月,120000000.0,2LDK,57.06,9.87,東京,中央,117,12000.0,694,都営大江戸線,勝どき,35.6564518,139.7869359
ドゥ・トゥール（ＤＥＵＸ　ＴＯＵＲＳ）ＥＡＳＴ,東京都中央区晴海３,都営大江戸線「勝どき」徒歩5分,2015年9月,120000000.0,1LDK,42.88,5.2,東京,中央,123,12000.0,924,都営大江戸線,勝どき,35.6548467,139.7786272
パークタワー滝野川,東京都北区滝野川６,都営三田線「西巣鴨」徒歩3分,2013年12月,120000000.0,3LDK,73.2,17.67,東京,北,144,12000.0,541,都営三田線,西巣鴨,35.7452578,139.7236915
ブルージュ東大島,東京都江東区大島９,都営新宿線「東大島」徒歩4分,2004年12月,120000000.0,4LDK,88.8,25.19,東京,江東,252,12000.0,446,都営新宿線,東大島,35.6911576,139.8464085
ブリリアマーレ有明タワー＆ガーデン,東京都江東区有明１,新交通ゆりかもめ「有明テニスの森」徒歩5分,2008年12月,120000000.0,1LDK,55.65,9.97,東京,江東,204,12000.0,712,新交通ゆりかもめ,有明テニスの森,35.6403728,139.7869359
大崎ウエストシティタワーズE棟,東京都品川区大崎２,ＪＲ山手線「大崎」徒歩3分,2009年8月,120000000.0,1LDK,46.88,4.56,東京,品川,196,12000.0,845,ＪＲ山手線,大崎,35.6177742,139.7262455
代官山アドレス ザ　タワー,東京都渋谷区代官山町,東急東横線「代官山」徒歩5分,2000年8月,120000000.0,1K,34.69,5.2,東京,渋谷,304,12000.0,1142,東急東横線,代官山,35.6505465,139.7042207
シティタワー目黒,東京都品川区西五反田３-10-18,東急目黒線「不動前」徒歩4分,2017年1月,121500000.0,1LDK,41.26,12.72,東京,品川,107,12150.0,972,東急目黒線,不動前,35.6274134,139.7161099
シティタワー目黒　21階,東京都品川区西五反田３,東急目黒線「不動前」徒歩4分,2017年3月,121500000.0,1LDK,41.26,12.72,東京,品川,105,12150.0,972,東急目黒線,不動前,35.6279656,139.717307
シティタワー目黒,東京都品川区西五反田３,東急目黒線「不動前」徒歩4分,2017年1月,121500000.0,1LDK,41.26,12.72,東京,品川,107,12150.0,972,東急目黒線,不動前,35.6279656,139.717307
シティタワー目黒,東京都品川区西五反田３-10-18,東急目黒線「不動前」徒歩4分,2017年1月,121500000.0,1LDK,41.26,12.72,東京,品川,107,12150.0,972,東急目黒線,不動前,35.6274134,139.7161099
シティタワー目黒,東京都品川区西五反田３,東急目黒線「不動前」徒歩4分,2017年1月,121500000.0,1LDK,41.26,12.72,東京,品川,107,12150.0,972,東急目黒線,不動前,35.6279656,139.717307
シティタワー目黒,東京都品川区西五反田３,ＪＲ山手線「目黒」徒歩10分,2017年1月,121500000.0,1LDK,41.26,12.72,東京,品川,107,12150.0,972,ＪＲ山手線,目黒,35.6279656,139.717307
シティタワー目黒,東京都品川区西五反田３,ＪＲ山手線「目黒」徒歩10分,2017年1月,121500000.0,1LDK,41.26,12.72,東京,品川,107,12150.0,972,ＪＲ山手線,目黒,35.6279656,139.717307
シティタワー目黒,東京都品川区西五反田３,ＪＲ山手線「目黒」徒歩10分,2017年1月,121500000.0,1LDK,41.26,12.72,東京,品川,107,12150.0,972,ＪＲ山手線,目黒,35.6279656,139.717307
シティタワー目黒,東京都品川区西五反田３,東急目黒線「不動前」徒歩4分,2017年1月,121500000.0,1LDK,41.26,12.72,東京,品川,107,12150.0,972,東急目黒線,不動前,35.6279656,139.717307
キャナルファーストタワー,東京都江東区東雲１,東京メトロ有楽町線「辰巳」徒歩9分,2008年1月,122000000.0,3LDK,80.57,22.72,東京,江東,215,12200.0,500,東京メトロ有楽町線,辰巳,35.6465138,139.802278
西戸山タワーホウムズ　ノースタワー,東京都新宿区百人町３,ＪＲ山手線「新大久保」徒歩6分,1988年1月,122800000.0,3LDK,83.17,9.1,東京,新宿,455,12280.0,487,ＪＲ山手線,新大久保,35.7063302,139.6981574
シティタワーズ東京ベイ　ウエストタワー,東京都江東区有明２,新交通ゆりかもめ「有明」徒歩3分,2019年7月,123000000.0,2LDK,54.21,14.76,東京,江東,77,12300.0,749,新交通ゆりかもめ,有明,35.6388488,139.7946064
シティタワーズ東京ベイ　セントラルタワー,東京都江東区有明２,りんかい線「国際展示場」徒歩6分,2019年7月,123000000.0,2LDK,54.24,14.61,東京,江東,77,12300.0,748,りんかい線,国際展示場,35.6388488,139.7946064
ベイズタワー＆ガーデン,東京都江東区豊洲６,新交通ゆりかもめ「新豊洲」徒歩6分,2016年6月,123000000.0,1LDK,54.98,15.26,東京,江東,114,12300.0,738,新交通ゆりかもめ,新豊洲,35.6456038,139.7856575
シティタワー品川,東京都港区港南４,ＪＲ山手線「品川」徒歩10分,2008年4月,123000000.0,3LDK,89.87,19.38,東京,港,212,12300.0,452,ＪＲ山手線,品川,35.6273113,139.7485979
ザ・パークハウス晴海タワーズクロノレジデンス,東京都中央区晴海２,都営大江戸線「勝どき」徒歩12分,2013年10月,123000000.0,2LDK,67.18,0.0,東京,中央,146,12300.0,604,都営大江戸線,勝どき,35.6564518,139.7869359
ベイズタワー＆ガーデン,東京都江東区豊洲６,新交通ゆりかもめ「新豊洲」徒歩6分,2016年6月,123000000.0,1LDK,54.98,15.26,東京,江東,114,12300.0,738,新交通ゆりかもめ,新豊洲,35.6456038,139.7856575
シティタワーズ東京ベイ　ウエストタワー,東京都江東区有明２,新交通ゆりかもめ「有明」徒歩3分,2019年7月,123800000.0,2LDK,55.32,14.91,東京,江東,77,12380.0,739,新交通ゆりかもめ,有明,35.6388488,139.7946064
ローレルタワールネ浜松町,東京都港区海岸２,新交通ゆりかもめ「日の出」徒歩2分,2020年1月,123800000.0,1LDK,51.09,6.0,東京,港,71,12380.0,800,新交通ゆりかもめ,日の出,35.6501388,139.7589234
ローレルタワールネ浜松町,東京都港区海岸２,新交通ゆりかもめ「日の出」徒歩2分,2020年1月,123800000.0,1LDK,51.09,6.0,東京,港,71,12380.0,800,新交通ゆりかもめ,日の出,35.6501388,139.7589234
スカイズタワー＆ガーデン,東京都江東区豊洲６,新交通ゆりかもめ「新豊洲」徒歩5分,2014年8月,123800000.0,1LDK,54.86,6.67,東京,江東,136,12380.0,745,新交通ゆりかもめ,新豊洲,35.6456038,139.7856575
スカイライトタワー,東京都中央区佃１,東京メトロ有楽町線「月島」徒歩8分,1993年2月,124000000.0,2LDK,72.7,12.44,東京,中央,394,12400.0,563,東京メトロ有楽町線,月島,35.6690135,139.7824618
スカイライトタワー,東京都中央区佃１,東京メトロ有楽町線「月島」徒歩6分,1993年2月,124000000.0,2LDK,72.7,12.44,東京,中央,394,12400.0,563,東京メトロ有楽町線,月島,35.6690135,139.7824618
シティタワー銀座東,東京都中央区湊２-11-1,ＪＲ京葉線「八丁堀」徒歩7分,2019年1月,124500000.0,1LDK,45.75,10.0,東京,中央,83,12450.0,898,ＪＲ京葉線,八丁堀,35.6713449,139.7799962
シティタワー銀座東,東京都中央区湊２,ＪＲ京葉線「八丁堀」徒歩7分,2019年1月,124500000.0,1LDK,45.75,10.0,東京,中央,83,12450.0,898,ＪＲ京葉線,八丁堀,35.6709568,139.780864
シティタワー銀座東,東京都中央区湊２,東京メトロ日比谷線「八丁堀」徒歩5分,2019年1月,124500000.0,1LDK,45.75,0.0,東京,中央,83,12450.0,898,東京メトロ日比谷線,八丁堀,35.6709568,139.780864
ライオンズ四谷タワーゲート,東京都新宿区四谷４-8,東京メトロ丸ノ内線「四谷三丁目」徒歩5分,2007年5月,124800000.0,2LDK,57.99,9.24,東京,新宿,223,12480.0,710,東京メトロ丸ノ内線,四谷三丁目,35.6880701,139.7166065
ライオンズ四谷タワーゲート,東京都新宿区四谷４,東京メトロ丸ノ内線「四谷三丁目」徒歩5分,2007年5月,124800000.0,2LDK,57.99,9.24,東京,新宿,223,12480.0,710,東京メトロ丸ノ内線,四谷三丁目,35.6894241,139.7160301
ライオンズ 四谷 タワーゲート,東京都新宿区四谷４,東京メトロ丸ノ内線「四谷三丁目」徒歩5分,2007年5月,124800000.0,2LDK,57.99,9.24,東京,新宿,223,12480.0,710,東京メトロ丸ノ内線,四谷三丁目,35.6894241,139.7160301
【内装リノベーション実施済！】THE TOWERS …,東京都港区台場２,新交通ゆりかもめ「お台場海浜公園」徒歩2分,2006年5月,124800000.0,1LDK,54.83,4.41,東京,港,235,12480.0,751,新交通ゆりかもめ,お台場海浜公園,35.6268958,139.7747928
シティタワーズ豊洲ザ・シンボル,東京都江東区豊洲３,東京メトロ有楽町線「豊洲」徒歩7分,2009年12月,124800000.0,2LDK,67.49,5.68,東京,江東,192,12480.0,610,東京メトロ有楽町線,豊洲,35.6585681,139.7965242
ワールドシティタワーズ　キャピタルタワー,東京都港区港南４,ＪＲ山手線「品川」徒歩14分,2006年10月,124800000.0,1LDK,62.19,4.95,東京,港,230,12480.0,662,ＪＲ山手線,品川,35.6273113,139.7485979
グランドメゾン三軒茶屋の杜,東京都世田谷区三軒茶屋２,東急田園都市線「三軒茶屋」徒歩11分,2004年10月,124800000.0,2LDK,70.08,9.57,東京,世田谷,254,12480.0,588,東急田園都市線,三軒茶屋,35.6413753,139.6649795
アトラスタワー北千住,東京都足立区千住３,東京メトロ日比谷線「北千住」徒歩3分,2004年2月,124800000.0,3LDK,70.57,9.26,東京,足立,262,12480.0,584,東京メトロ日比谷線,北千住,35.75139679999999,139.8025976
約20帖のリビング　角部屋特権のダイナミックな眺望と…,東京都品川区東品川３-8-8,りんかい線「品川シーサイド」徒歩10分,2005年2月,124800000.0,2LDK,82.18,6.1,東京,品川,250,12480.0,501,りんかい線,品川シーサイド,35.6160015,139.7481855
グランドメゾン三軒茶屋の杜,東京都世田谷区三軒茶屋２,東急田園都市線「三軒茶屋」徒歩11分,2004年10月,124800000.0,2LDK,70.08,9.57,東京,世田谷,254,12480.0,588,東急田園都市線,三軒茶屋,35.6413753,139.6649795
ライオンズ四谷タワーゲート,東京都新宿区四谷４,東京メトロ丸ノ内線「四谷三丁目」徒歩5分,2007年5月,124800000.0,2LDK,57.99,9.24,東京,新宿,223,12480.0,710,東京メトロ丸ノ内線,四谷三丁目,35.6894241,139.7160301
ソフィアタワー勝どき,東京都中央区勝どき３,都営大江戸線「勝どき」徒歩6分,2000年2月,124800000.0,2LDK+S（納戸）,72.14,7.07,東京,中央,310,12480.0,571,都営大江戸線,勝どき,35.6596883,139.7735148
シティタワーズ東京ベイ　セントラルタワー,東京都江東区有明２,新交通ゆりかもめ「有明」徒歩4分,2019年7月,124800000.0,2LDK,54.24,15.54,東京,江東,77,12480.0,759,新交通ゆりかもめ,有明,35.6388488,139.7946064
ワールドシティタワーズ　ブリーズタワー１,東京都港区港南４,ＪＲ山手線「品川」徒歩14分,2006年10月,124800000.0,2LDK,58.98,15.07,東京,港,230,12480.0,698,ＪＲ山手線,品川,35.6273113,139.7485979
ライオンズ四谷タワーゲート,東京都新宿区四谷４,東京メトロ丸ノ内線「四谷三丁目」徒歩5分,2007年5月,124800000.0,2LDK,57.99,9.24,東京,新宿,223,12480.0,710,東京メトロ丸ノ内線,四谷三丁目,35.6894241,139.7160301
シティタワーズ東京ベイウエストタワー,東京都江東区有明２,新交通ゆりかもめ「有明」徒歩3分,2019年7月,124800000.0,2LDK,55.34,16.11,東京,江東,77,12480.0,744,新交通ゆりかもめ,有明,35.6388488,139.7946064
ライオンズ四谷タワーゲート,東京都新宿区四谷４,東京メトロ丸ノ内線「四谷三丁目」徒歩5分,2007年5月,124800000.0,2LDK,57.99,9.24,東京,新宿,223,12480.0,710,東京メトロ丸ノ内線,四谷三丁目,35.6894241,139.7160301
ライオンズ四谷タワーゲート,東京都新宿区四谷４,東京メトロ丸ノ内線「四谷三丁目」徒歩5分,2007年5月,124800000.0,2LDK,57.99,9.24,東京,新宿,223,12480.0,710,東京メトロ丸ノ内線,四谷三丁目,35.6894241,139.7160301
パークタワー渋谷本町,東京都渋谷区本町３,都営大江戸線「西新宿五丁目」徒歩5分,2013年9月,124800000.0,2LDK,59.7,13.81,東京,渋谷,147,12480.0,690,都営大江戸線,西新宿五丁目,35.6953137,139.676462
ブリリア有明シティタワー,東京都江東区有明１,新交通ゆりかもめ「有明テニスの森」徒歩9分,2014年12月,124800000.0,2LDK,55.36,13.3,東京,江東,132,12480.0,744,新交通ゆりかもめ,有明テニスの森,35.6403728,139.7869359
ワールドシティタワーズ　キャピタルタワー,東京都港区港南４,ＪＲ山手線「品川」徒歩13分,2006年10月,124800000.0,1LDK,62.19,4.95,東京,港,230,12480.0,662,ＪＲ山手線,品川,35.6273113,139.7485979
ライオンズ四谷タワーゲート,東京都新宿区四谷４,東京メトロ丸ノ内線「四谷三丁目」徒歩5分,2007年5月,124800000.0,2LDK,57.99,9.24,東京,新宿,223,12480.0,710,東京メトロ丸ノ内線,四谷三丁目,35.6894241,139.7160301
THE TOYOSU TOWER　ザ・トヨスタワー,東京都江東区豊洲３,東京メトロ有楽町線「豊洲」徒歩6分,2008年10月,124800000.0,2LDK,60.63,12.73,東京,江東,206,12480.0,679,東京メトロ有楽町線,豊洲,35.6585681,139.7965242
Wコンフォートタワーズ　WEST,東京都江東区東雲１,東京メトロ有楽町線「辰巳」徒歩7分,2005年2月,124900000.0,2LDK+S（納戸）,85.72,13.0,東京,江東,250,12490.0,481,東京メトロ有楽町線,辰巳,35.6465138,139.802278
パークタワー東雲,東京都江東区東雲１,りんかい線「東雲」徒歩7分,2014年1月,124900000.0,3LDK,70.06,13.79,東京,江東,143,12490.0,588,りんかい線,東雲,35.6465138,139.802278
キャナルワーフタワーズウエスト,東京都江東区豊洲１,東京メトロ有楽町線「豊洲」徒歩12分,2000年11月,124900000.0,2LDK,77.25,25.75,東京,江東,301,12490.0,534,東京メトロ有楽町線,豊洲,35.6607961,139.7920494
ベイサイドタワー晴海,東京都中央区晴海３,都営大江戸線「勝どき」徒歩7分,2015年9月,124900000.0,2LDK,57.2,10.69,東京,中央,123,12490.0,721,都営大江戸線,勝どき,35.6548467,139.7786272
シティタワーズ東京ベイ　セントラルタワー,東京都江東区有明２,新交通ゆりかもめ「有明」徒歩4分,2019年7月,124900000.0,2LDK,55.71,14.98,東京,江東,77,12490.0,740,新交通ゆりかもめ,有明,35.6388488,139.7946064
ザ・パークハウス新宿タワー,東京都新宿区北新宿２,東京メトロ丸ノ内線「西新宿」徒歩6分,2012年1月,124990000.0,2LDK,48.07,6.66,東京,新宿,167,12499.0,858,東京メトロ丸ノ内線,西新宿,35.6981516,139.689223
ザ・パークハウス新宿タワー,東京都新宿区北新宿２,東京メトロ丸ノ内線「西新宿」徒歩6分,2012年1月,124990000.0,2LDK,48.07,6.66,東京,新宿,167,12499.0,858,東京メトロ丸ノ内線,西新宿,35.6981516,139.689223
ザ・パークハウス新宿タワー,東京都新宿区北新宿２,東京メトロ丸ノ内線「西新宿」徒歩6分,2012年1月,124990000.0,2LDK,48.07,6.66,東京,新宿,167,12499.0,858,東京メトロ丸ノ内線,西新宿,35.6981516,139.689223
ザ・パークハウス新宿タワー,東京都新宿区北新宿２,東京メトロ丸ノ内線「西新宿」徒歩6分,2012年1月,124990000.0,2LDK,48.07,6.66,東京,新宿,167,12499.0,858,東京メトロ丸ノ内線,西新宿,35.6981516,139.689223
ザ・パークハウス晴海タワーズ ティアロレジデンス,東京都中央区晴海２,都営大江戸線「勝どき」徒歩12分,2009年2月,125000000.0,2LDK,65.54,9.87,東京,中央,202,12500.0,629,都営大江戸線,勝どき,35.6564518,139.7869359
ベイクレストタワー,東京都港区港南３,ＪＲ山手線「品川」徒歩16分,2005年8月,125000000.0,2LDK,65.1,12.1,東京,港,244,12500.0,634,ＪＲ山手線,品川,35.633247,139.7505142
ザ・パークハウス晴海タワーズ ティアロレジデンス,東京都中央区晴海２-3-2,都営大江戸線「勝どき」徒歩13分,2016年3月,125000000.0,2LDK,65.54,9.87,東京,中央,117,12500.0,629,都営大江戸線,勝どき,35.6561262,139.7858853
ザ・パークハウス晴海タワーズ　ティアロレジデンス,東京都中央区晴海２-3-2,都営大江戸線「勝どき」徒歩13分,2016年3月,125000000.0,2LDK,65.54,9.87,東京,中央,117,12500.0,629,都営大江戸線,勝どき,35.6561262,139.7858853
ベイサイドタワー晴海,東京都中央区晴海３,都営大江戸線「勝どき」徒歩7分,2015年10月,125000000.0,2LDK,55.28,4.89,東京,中央,122,12500.0,746,都営大江戸線,勝どき,35.6548467,139.7786272
ベイクレストタワー,東京都港区港南３,ＪＲ山手線「品川」徒歩13分,2005年8月,125000000.0,2LDK,65.1,12.1,東京,港,244,12500.0,634,ＪＲ山手線,品川,35.633247,139.7505142
Brillia THE TOWER TOKYO YA…,東京都中央区新川２-10-1,ＪＲ京葉線「八丁堀」徒歩1分,2017年9月,125000000.0,1LDK,41.46,9.54,東京,中央,99,12500.0,995,ＪＲ京葉線,八丁堀,35.6751419,139.7808069
シティタワーズ東京ベイ　セントラルタワー,東京都江東区有明２,新交通ゆりかもめ「有明」徒歩4分,2019年7月,125000000.0,2LDK,54.24,15.54,東京,江東,77,12500.0,761,新交通ゆりかもめ,有明,35.6388488,139.7946064
ザ・パークハウス晴海タワーズ　ティアロレジデンス,東京都中央区晴海２,東京メトロ有楽町線「月島」徒歩13分,2016年3月,125000000.0,2LDK,65.54,9.87,東京,中央,117,12500.0,629,東京メトロ有楽町線,月島,35.6564518,139.7869359
ザ・パークハウス晴海タワーズティアロレジデンス,東京都中央区晴海２,東京メトロ有楽町線「月島」徒歩13分,2016年3月,125000000.0,2LDK+2S（納戸）,65.54,9.87,東京,中央,117,12500.0,629,東京メトロ有楽町線,月島,35.6564518,139.7869359
ザ・パークハウス晴海タワーズ ティアロレジデンス,東京都中央区晴海２-3-2,東京メトロ有楽町線「月島」徒歩13分,2016年3月,125000000.0,2LDK,65.54,9.87,東京,中央,117,12500.0,629,東京メトロ有楽町線,月島,35.6561262,139.7858853
セントラルレジデンス新宿シティタワー,東京都新宿区西新宿７-7-19,ＪＲ中央線「大久保」徒歩6分,2001年12月,125000000.0,2LDK,55.4,8.66,東京,新宿,288,12500.0,745,ＪＲ中央線,大久保,35.697327,139.6968084
シティフロントタワー,東京都中央区佃１,東京メトロ有楽町線「月島」徒歩7分,1991年8月,125000000.0,2LDK,75.8,8.64,東京,中央,412,12500.0,544,東京メトロ有楽町線,月島,35.6690135,139.7824618
ザ・パークハウス晴海タワーズティアロレジデンス,東京都中央区晴海２,都営大江戸線「勝どき」徒歩13分,2016年3月,125000000.0,2LDK,65.54,9.87,東京,中央,117,12500.0,629,都営大江戸線,勝どき,35.6564518,139.7869359
ザ・パークハウス晴海タワーズ ティアロレジデンス,東京都中央区晴海２,東京メトロ有楽町線「月島」徒歩13分,2016年3月,125000000.0,2LDK,65.54,9.87,東京,中央,117,12500.0,629,東京メトロ有楽町線,月島,35.6564518,139.7869359
セントラルレジデンス新宿シティタワー,東京都新宿区西新宿７,ＪＲ中央線「大久保」徒歩6分,2002年1月,125000000.0,2LDK,55.4,8.66,東京,新宿,287,12500.0,745,ＪＲ中央線,大久保,35.6963255,139.6975192
セントラルレジデンス新宿シティタワー,東京都新宿区西新宿７,ＪＲ中央線「大久保」徒歩6分,2001年12月,125000000.0,2LDK,55.4,8.66,東京,新宿,288,12500.0,745,ＪＲ中央線,大久保,35.6963255,139.6975192
セントラルレジデンス新宿シティタワー,東京都新宿区西新宿７,都営大江戸線「新宿西口」徒歩7分,2001年12月,125000000.0,2LDK,55.4,8.66,東京,新宿,288,12500.0,745,都営大江戸線,新宿西口,35.6963255,139.6975192
セントラルレジデンス新宿シティタワー,東京都新宿区西新宿７,都営大江戸線「新宿西口」徒歩6分,2001年12月,125000000.0,2LDK,55.4,8.66,東京,新宿,288,12500.0,745,都営大江戸線,新宿西口,35.6963255,139.6975192
セントラルレジデンス新宿シティタワー,東京都新宿区西新宿７,都営大江戸線「新宿西口」徒歩6分,2001年12月,125000000.0,2LDK,55.4,8.66,東京,新宿,288,12500.0,745,都営大江戸線,新宿西口,35.6963255,139.6975192
セントラルレジデンス新宿シティタワー,東京都新宿区西新宿７,都営大江戸線「新宿西口」徒歩6分,2001年12月,125000000.0,2LDK,55.4,8.66,東京,新宿,288,12500.0,745,都営大江戸線,新宿西口,35.6963255,139.6975192
ＨＡＲＵＭＩ　ＦＬＡＧ　ＳＵＮ　ＶＩＬＬＡＧＥ　Ｔ棟,東京都中央区晴海５,都営大江戸線「勝どき」徒歩14分,2025年8月,125000000.0,2LDK,61.32,15.72,東京,中央,4,12500.0,673,都営大江戸線,勝どき,35.6490356,139.7741538
セントラルレジデンス新宿シティタワー,東京都新宿区西新宿７,西武新宿線「西武新宿」徒歩9分,2001年12月,125000000.0,2LDK,55.4,8.66,東京,新宿,288,12500.0,745,西武新宿線,西武新宿,35.6963255,139.6975192
ベイクレストタワー,東京都港区港南３,ＪＲ山手線「品川」徒歩17分,2005年8月,125000000.0,2LDK,65.1,12.1,東京,港,244,12500.0,634,ＪＲ山手線,品川,35.633247,139.7505142
ビーコンタワーレジデンス,東京都江東区東雲１,東京メトロ有楽町線「辰巳」徒歩10分,2009年1月,125500000.0,3LDK,83.83,15.3,東京,江東,203,12550.0,494,東京メトロ有楽町線,辰巳,35.6465138,139.802278
ＢＥＡＣＯＮ　Ｔｏｗｅｒ　Ｒｅｓｉｄｅｎｃｅ,東京都江東区東雲１,東京メトロ有楽町線「辰巳」徒歩10分,2009年1月,125500000.0,3LDK,83.83,15.3,東京,江東,203,12550.0,494,東京メトロ有楽町線,辰巳,35.6465138,139.802278
ビーコンタワーレジデンス,東京都江東区東雲１-9-43,東京メトロ有楽町線「辰巳」徒歩10分,2009年1月,125500000.0,3LDK,83.83,15.3,東京,江東,203,12550.0,494,東京メトロ有楽町線,辰巳,35.6482874,139.8048459
ビーコンタワーレジデンス,東京都江東区東雲１,東京メトロ有楽町線「辰巳」徒歩11分,2009年1月,125500000.0,3LDK,83.83,15.3,東京,江東,203,12550.0,494,東京メトロ有楽町線,辰巳,35.6465138,139.802278
ビーコンタワーレジデンス,東京都江東区東雲１,東京メトロ有楽町線「辰巳」徒歩10分,2009年1月,125500000.0,3LDK,83.83,15.3,東京,江東,203,12550.0,494,東京メトロ有楽町線,辰巳,35.6465138,139.802278
ビーコンタワーレジデンス,東京都江東区東雲１,東京メトロ有楽町線「辰巳」徒歩10分,2009年1月,125500000.0,3LDK,83.83,15.3,東京,江東,203,12550.0,494,東京メトロ有楽町線,辰巳,35.6465138,139.802278
ＢＥＡＣＯＮ　Ｔｏｗｅｒ　Ｒｅｓｉｄｅｎｃｅ,東京都江東区東雲１,東京メトロ有楽町線「辰巳」徒歩10分,2009年1月,125500000.0,3LDK,83.83,15.3,東京,江東,203,12550.0,494,東京メトロ有楽町線,辰巳,35.6465138,139.802278
ビーコンタワーレジデンス,東京都江東区東雲１-9-43,東京メトロ有楽町線「辰巳」徒歩10分,2009年1月,125500000.0,3LDK,83.83,15.3,東京,江東,203,12550.0,494,東京メトロ有楽町線,辰巳,35.6482874,139.8048459
BEACON Tower Residence,東京都江東区東雲１,東京メトロ有楽町線「辰巳」徒歩10分,2009年1月,125500000.0,3LDK+S（納戸）,83.83,15.3,東京,江東,203,12550.0,494,東京メトロ有楽町線,辰巳,35.6465138,139.802278
ベイサイドタワー晴海,東京都中央区晴海３,都営大江戸線「勝どき」徒歩7分,2015年10月,125800000.0,2LDK,57.2,10.69,東京,中央,122,12580.0,726,都営大江戸線,勝どき,35.6548467,139.7786272
プラウドタワー東雲キャナルコート,東京都江東区東雲１,東京メトロ有楽町線「豊洲」徒歩12分,2012年12月,126000000.0,2LDK+S（納戸）,76.76,17.14,東京,江東,156,12600.0,542,東京メトロ有楽町線,豊洲,35.6465138,139.802278
西早稲田パークタワー,東京都新宿区西早稲田１,東京メトロ東西線「早稲田」徒歩10分,1993年12月,126200000.0,3LDK,86.72,0.0,東京,新宿,384,12620.0,480,東京メトロ東西線,早稲田,35.710463,139.7198607
西早稲田シティタワー,東京都新宿区西早稲田１,都電荒川線「早稲田」徒歩2分,1999年3月,126800000.0,3LDK,75.04,5.58,東京,新宿,321,12680.0,558,都電荒川線,早稲田,35.710463,139.7198607
プラウドタワー東雲キャナルコート,東京都江東区東雲１,東京メトロ有楽町線「豊洲」徒歩12分,2012年12月,127800000.0,3LDK,75.01,11.15,東京,江東,156,12780.0,562,東京メトロ有楽町線,豊洲,35.6465138,139.802278
ザ・リバープレイスイーストタワー,東京都大田区下丸子４-21-14,東急多摩川線「下丸子」徒歩9分,2004年9月,128000000.0,3LDK,97.29,30.44,東京,大田,255,12800.0,434,東急多摩川線,下丸子,35.5681493,139.6798612
シティタワーズ東京ベイセントラルタワー,東京都江東区有明２,新交通ゆりかもめ「有明」徒歩5分,2019年7月,128000000.0,2LDK,54.24,14.61,東京,江東,77,12800.0,779,新交通ゆりかもめ,有明,35.6388488,139.7946064
ブリリア有明シティタワー,東京都江東区有明１,新交通ゆりかもめ「有明テニスの森」徒歩10分,2014年12月,128000000.0,3LDK,65.88,16.2,東京,江東,132,12800.0,641,新交通ゆりかもめ,有明テニスの森,35.6403728,139.7869359
シティタワーズ東京ベイセントラルタワー,東京都江東区有明２-1-2,新交通ゆりかもめ「有明」徒歩5分,2019年7月,128000000.0,2LDK,54.24,14.61,東京,江東,77,12800.0,779,新交通ゆりかもめ,有明,35.6374135,139.793715
ガレリアグランデ,東京都江東区有明１,新交通ゆりかもめ「有明テニスの森」徒歩11分,2006年2月,128000000.0,2LDK,80.14,9.63,東京,江東,238,12800.0,527,新交通ゆりかもめ,有明テニスの森,35.6403728,139.7869359
シティタワーズ東京ベイセントラルタワー,東京都江東区有明２,新交通ゆりかもめ「有明」徒歩5分,2019年7月,128000000.0,2LDK,54.24,14.61,東京,江東,77,12800.0,779,新交通ゆりかもめ,有明,35.6388488,139.7946064
ザ・ガーデンタワーズ　サンセットタワー,東京都江東区大島１-2-2,東京メトロ半蔵門線「住吉」徒歩6分,1997年2月,128000000.0,3LDK,106.74,14.25,東京,江東,346,12800.0,396,東京メトロ半蔵門線,住吉,35.6868121,139.8208585
ザ・リバープレイスイーストタワー,東京都大田区下丸子４,東急多摩川線「下丸子」徒歩10分,2004年9月,128000000.0,3LDK,97.29,30.44,東京,大田,255,12800.0,434,東急多摩川線,下丸子,35.5708172,139.6822041
ザ・リバープレイス　イーストタワー,東京都大田区下丸子４,東急多摩川線「下丸子」徒歩9分,2004年9月,128000000.0,3LDK,97.29,30.44,東京,大田,255,12800.0,434,東急多摩川線,下丸子,35.5708172,139.6822041
シティタワーズ東京ベイ　セントラルタワー,東京都江東区有明２,新交通ゆりかもめ「有明」徒歩4分,2019年7月,128000000.0,2LDK,54.24,14.61,東京,江東,77,12800.0,779,新交通ゆりかもめ,有明,35.6388488,139.7946064
シティタワーズ東京ベイセントラルタワー,東京都江東区有明２,りんかい線「国際展示場」徒歩6分,2019年7月,128000000.0,2LDK,54.24,14.61,東京,江東,77,12800.0,779,りんかい線,国際展示場,35.6388488,139.7946064
コンシェリア西新宿タワーズウェスト,東京都新宿区西新宿６,都営大江戸線「西新宿五丁目」徒歩6分,2008年1月,128000000.0,1LDK,55.16,9.27,東京,新宿,215,12800.0,766,都営大江戸線,西新宿五丁目,35.6929304,139.6904993
ベイサイドタワー晴海,東京都中央区晴海３,都営大江戸線「勝どき」徒歩7分,2015年10月,128000000.0,3LDK,66.24,5.02,東京,中央,122,12800.0,638,都営大江戸線,勝どき,35.6548467,139.7786272
シティタワーズ東京ベイセントラルタワー,東京都江東区有明２,新交通ゆりかもめ「有明」徒歩5分,2019年7月,128000000.0,2LDK,54.24,14.61,東京,江東,77,12800.0,779,新交通ゆりかもめ,有明,35.6388488,139.7946064
プラウドタワー亀戸クロス ゲートタワー,東京都江東区亀戸６,ＪＲ総武線「亀戸」徒歩2分,2021年12月,128000000.0,2LDK,63.53,10.64,東京,江東,48,12800.0,665,ＪＲ総武線,亀戸,35.6957973,139.8278569
ステーションガーデンタワー,東京都荒川区西日暮里２-25-1,ＪＲ山手線「日暮里」徒歩2分,2008年2月,128000000.0,2LDK,53.98,9.65,東京,荒川,214,12800.0,783,ＪＲ山手線,日暮里,35.7294814,139.7713581
ワールドシティタワーズ　ブリーズタワー,東京都港区港南４,ＪＲ山手線「品川」徒歩15分,2006年10月,128000000.0,1LDK,64.79,13.0,東京,港,230,12800.0,652,ＪＲ山手線,品川,35.6273113,139.7485979
ディアマークスキャピタルタワー,東京都練馬区豊玉北６-2-1,西武池袋線「練馬」徒歩2分,2001年2月,128000000.0,2LDK,78.21,26.76,東京,練馬,298,12800.0,540,西武池袋線,練馬,35.7367651,139.6523485
ステーションガーデンタワー,東京都荒川区西日暮里２,ＪＲ山手線「日暮里」徒歩2分,2008年2月,128000000.0,2LDK,53.98,9.65,東京,荒川,214,12800.0,783,ＪＲ山手線,日暮里,35.730653,139.7715977
コンシェリア西新宿ＴＯＷＥＲ’Ｓ　ＷＥＳＴ,東京都新宿区西新宿６,都営大江戸線「西新宿五丁目」徒歩7分,2008年1月,128000000.0,1LDK,55.16,9.27,東京,新宿,215,12800.0,766,都営大江戸線,西新宿五丁目,35.6929304,139.6904993
品川シーサイドレジデンス,東京都品川区東品川３,りんかい線「天王洲アイル」徒歩5分,2007年7月,128000000.0,3LDK,79.22,12.8,東京,品川,221,12800.0,533,りんかい線,天王洲アイル,35.6158269,139.7485979
ザ・パークハウス　晴海タワーズ　クロノレジデンス,東京都中央区晴海２,都営大江戸線「勝どき」徒歩12分,2013年10月,128000000.0,2LDK,63.69,11.73,東京,中央,146,12800.0,663,都営大江戸線,勝どき,35.6564518,139.7869359
ステーションガーデンタワー,東京都荒川区西日暮里２,ＪＲ山手線「日暮里」徒歩2分,2008年2月,128000000.0,2LDK,53.98,9.65,東京,荒川,214,12800.0,783,ＪＲ山手線,日暮里,35.730653,139.7715977
ワールドシティタワーズ キャピタルタワー,東京都港区港南４-6-8,ＪＲ山手線「品川」徒歩15分,2006年10月,128000000.0,2LDK,65.68,15.98,東京,港,230,12800.0,643,ＪＲ山手線,品川,35.6278646,139.7506623
ザ・ガーデンタワーズ　サンセットタワー,東京都江東区大島１,都営新宿線「西大島」徒歩6分,1997年8月,128000000.0,3LDK,106.74,14.25,東京,江東,340,12800.0,396,都営新宿線,西大島,35.6868603,139.8227402
パークタワー東雲,東京都江東区東雲１,りんかい線「東雲」徒歩11分,2014年1月,128000000.0,2LDK,72.03,15.14,東京,江東,143,12800.0,586,りんかい線,東雲,35.6465138,139.802278
ステーションガーデンタワー,東京都荒川区西日暮里２,成田スカイアクセス「日暮里」徒歩2分,2008年2月,128000000.0,2LDK,53.98,9.65,東京,荒川,214,12800.0,783,成田スカイアクセス,日暮里,35.730653,139.7715977
コンシェリア西新宿タワーズウエスト,東京都新宿区西新宿６,都営大江戸線「西新宿五丁目」徒歩6分,2008年1月,128000000.0,1LDK,55.16,9.27,東京,新宿,215,12800.0,766,都営大江戸線,西新宿五丁目,35.6929304,139.6904993
東京ツインパークス,東京都港区東新橋１,都営大江戸線「汐留」徒歩3分,2002年9月,128000000.0,1LDK,41.98,7.62,東京,港,279,12800.0,1006,都営大江戸線,汐留,35.664582,139.7613745
ウェリスシティ大森タワー,東京都大田区大森北１,ＪＲ京浜東北線「大森」徒歩4分,2008年5月,128000000.0,3LDK,75.05,13.3,東京,大田,211,12800.0,563,ＪＲ京浜東北線,大森,35.5866413,139.7287997
ザ・リバープレイスイーストタワー,東京都大田区下丸子４,東急多摩川線「下丸子」徒歩9分,2004年9月,128000000.0,3LDK,97.29,30.44,東京,大田,255,12800.0,434,東急多摩川線,下丸子,35.5708172,139.6822041
ザ・ガーデンタワーズサンセットタワー,東京都江東区大島１,東京メトロ半蔵門線「住吉」徒歩7分,1997年1月,128000000.0,3LDK,106.74,14.25,東京,江東,347,12800.0,396,東京メトロ半蔵門線,住吉,35.6868603,139.8227402
ザ・リバープレイスイーストタワー,東京都大田区下丸子４,東急多摩川線「下丸子」徒歩10分,2004年9月,128000000.0,3LDK,97.29,30.44,東京,大田,255,12800.0,434,東急多摩川線,下丸子,35.5708172,139.6822041
ザ・ガーデンタワーズ　サンセットタワー,東京都江東区大島１,都営新宿線「住吉」徒歩8分,1997年1月,128000000.0,3LDK,106.74,14.25,東京,江東,347,12800.0,396,都営新宿線,住吉,35.6868603,139.8227402
ステーションガーデンタワー,東京都荒川区西日暮里２,ＪＲ山手線「日暮里」徒歩2分,2008年2月,128000000.0,2LDK,53.98,9.65,東京,荒川,214,12800.0,783,ＪＲ山手線,日暮里,35.730653,139.7715977
ステーションガーデンタワー,東京都荒川区西日暮里２,ＪＲ山手線「日暮里」徒歩2分,2008年2月,128000000.0,2LDK,53.98,9.65,東京,荒川,214,12800.0,783,ＪＲ山手線,日暮里,35.730653,139.7715977
シティタワーズ東京ベイ  セントラルタワー,東京都江東区有明２,新交通ゆりかもめ「有明」徒歩5分,2019年7月,128000000.0,2LDK,54.24,14.61,東京,江東,77,12800.0,779,新交通ゆりかもめ,有明,35.6388488,139.7946064
パークシティ武蔵小山ザタワー,東京都品川区小山３,東急目黒線「武蔵小山」徒歩1分,2019年12月,128000000.0,1LDK,44.46,12.4,東京,品川,72,12800.0,950,東急目黒線,武蔵小山,35.6205453,139.7045399
ザ・リバープレイスイーストタワー,東京都大田区下丸子４,東急多摩川線「下丸子」徒歩9分,2004年9月,128000000.0,3LDK,97.29,30.44,東京,大田,255,12800.0,434,東急多摩川線,下丸子,35.5708172,139.6822041
シティタワーズ東京ベイセントラルタワー,東京都江東区有明２,りんかい線「国際展示場」徒歩6分,2019年7月,128000000.0,3LDK+S（納戸）,54.24,14.61,東京,江東,77,12800.0,779,りんかい線,国際展示場,35.6388488,139.7946064
ザ・リバープレイスイーストタワー,東京都大田区下丸子４,東急多摩川線「下丸子」徒歩10分,2004年9月,128000000.0,3LDK,97.29,30.44,東京,大田,255,12800.0,434,東急多摩川線,下丸子,35.5708172,139.6822041
ステーションガーデンタワー,東京都荒川区西日暮里２,ＪＲ山手線「日暮里」徒歩1分,2008年2月,128000000.0,2LDK,53.98,9.65,東京,荒川,214,12800.0,783,ＪＲ山手線,日暮里,35.730653,139.7715977
ステーションガーデンタワー,東京都荒川区西日暮里２,ＪＲ山手線「日暮里」徒歩3分,2008年2月,128000000.0,2LDK,53.98,9.65,東京,荒川,214,12800.0,783,ＪＲ山手線,日暮里,35.730653,139.7715977
ステーションガーデンタワー,東京都荒川区西日暮里２,ＪＲ山手線「日暮里」徒歩2分,2008年2月,128000000.0,2LDK,53.98,9.65,東京,荒川,214,12800.0,783,ＪＲ山手線,日暮里,35.730653,139.7715977
ワールドシティタワーズ　ブリーズタワー,東京都港区港南４,ＪＲ山手線「品川」徒歩15分,2006年10月,128000000.0,1LDK,64.79,13.0,東京,港,230,12800.0,652,ＪＲ山手線,品川,35.6273113,139.7485979
ブランズタワー豊洲,東京都江東区豊洲５,東京メトロ有楽町線「豊洲」徒歩5分,2021年10月,128800000.0,1LDK,43.41,9.12,東京,江東,50,12880.0,979,東京メトロ有楽町線,豊洲,35.6505285,139.7965242
パークタワー東雲,東京都江東区東雲１,りんかい線「東雲」徒歩7分,2014年1月,128800000.0,3LDK,72.03,15.14,東京,江東,143,12880.0,590,りんかい線,東雲,35.6465138,139.802278
パークタワー池袋イーストプレイス,東京都豊島区東池袋３,東京メトロ有楽町線「東池袋」徒歩8分,2008年2月,129000000.0,2LDK,57.43,9.49,東京,豊島,214,12900.0,741,東京メトロ有楽町線,東池袋,35.7299592,139.7198607
シティタワーズ東京ベイ　セントラルタワー,東京都江東区有明２,新交通ゆりかもめ「有明」徒歩4分,2019年7月,129500000.0,1LDK,54.24,15.54,東京,江東,77,12950.0,788,新交通ゆりかもめ,有明,35.6388488,139.7946064
Ｗコンフォートタワーズウエスト,東京都江東区東雲１,りんかい線「東雲」徒歩9分,2005年2月,129500000.0,1LDK+S（納戸）,82.08,12.37,東京,江東,250,12950.0,521,りんかい線,東雲,35.6465138,139.802278
ローレルタワールネ浜松町,東京都港区海岸２,ＪＲ山手線「浜松町」徒歩12分,2020年1月,129500000.0,2LDK,52.13,6.5,東京,港,71,12950.0,820,ＪＲ山手線,浜松町,35.6501388,139.7589234
ＨＡＲＵＭＩ　ＦＬＡＧ　ＳＵＮ　ＶＩＬＬＡＧＥ　Ｔ棟,東京都中央区晴海５,都営大江戸線「勝どき」徒歩14分,2025年8月,129700000.0,2LDK,61.32,15.72,東京,中央,4,12970.0,698,都営大江戸線,勝どき,35.6490356,139.7741538
ＨＡＲＵＭＩ　ＦＬＡＧ　ＳＵＮ　ＶＩＬＬＡＧＥ,東京都中央区晴海５,都営大江戸線「勝どき」徒歩19分,2025年9月,129700000.0,2LDK,61.32,15.72,東京,中央,3,12970.0,698,都営大江戸線,勝どき,35.6490356,139.7741538
ＴＨＥ　ＴＯＹＯＳＵ　ＴＯＷＥＲ,東京都江東区豊洲３-6-5,東京メトロ有楽町線「豊洲」徒歩6分,2008年10月,129800000.0,2LDK,62.67,13.56,東京,江東,206,12980.0,683,東京メトロ有楽町線,豊洲,35.6589081,139.7970506
リーデンスタワー,東京都荒川区東日暮里５-16-1,ＪＲ山手線「日暮里」徒歩8分,2001年6月,129800000.0,3LDK,76.18,23.63,東京,荒川,294,12980.0,562,ＪＲ山手線,日暮里,35.7259727,139.7761342
プラウドタワー亀戸クロス ブライトタワー,東京都江東区亀戸６,ＪＲ総武線「亀戸」徒歩2分,2021年12月,129800000.0,2LDK,57.1,10.64,東京,江東,48,12980.0,750,ＪＲ総武線,亀戸,35.6957973,139.8278569
リーデンスタワー,東京都荒川区東日暮里５-16-1,ＪＲ山手線「日暮里」徒歩6分,2001年6月,129800000.0,3LDK,76.18,23.63,東京,荒川,294,12980.0,562,ＪＲ山手線,日暮里,35.7259727,139.7761342
リーデンスタワー,東京都荒川区東日暮里５,ＪＲ山手線「日暮里」徒歩8分,2001年6月,129800000.0,3LDK,76.18,23.63,東京,荒川,294,12980.0,562,ＪＲ山手線,日暮里,35.7272838,139.7760709
リーデンスタワー,東京都荒川区東日暮里５,ＪＲ山手線「日暮里」徒歩8分,2001年6月,129800000.0,3LDK,76.18,23.63,東京,荒川,294,12980.0,562,ＪＲ山手線,日暮里,35.7272838,139.7760709
ザ・グランアルト錦糸町,東京都墨田区江東橋２,ＪＲ総武線快速「錦糸町」徒歩4分,2012年12月,129800000.0,3LDK,66.46,12.0,東京,墨田,156,12980.0,645,ＪＲ総武線快速,錦糸町,35.6949816,139.8121885
ザ・豊洲タワー,東京都江東区豊洲３,東京メトロ有楽町線「豊洲」徒歩6分,2008年10月,129800000.0,2LDK,62.67,13.56,東京,江東,206,12980.0,683,東京メトロ有楽町線,豊洲,35.6585681,139.7965242
リーデンスタワー,東京都荒川区東日暮里５,ＪＲ山手線「日暮里」徒歩8分,2001年6月,129800000.0,3LDK,76.18,23.63,東京,荒川,294,12980.0,562,ＪＲ山手線,日暮里,35.7272838,139.7760709
晴海アイランドトリトンスクエアビュータワー1号棟,東京都中央区晴海１,都営大江戸線「勝どき」徒歩6分,1998年2月,129800000.0,3LDK,69.86,11.38,東京,中央,334,12980.0,613,都営大江戸線,勝どき,35.6597032,139.7850184
ＴＨＥ　ＴＯＹＯＳＵ　ＴＯＷＥＲ,東京都江東区豊洲３,東京メトロ有楽町線「豊洲」徒歩6分,2008年10月,129800000.0,2LDK,62.67,13.56,東京,江東,206,12980.0,683,東京メトロ有楽町線,豊洲,35.6585681,139.7965242
スカイグランデ汐留,東京都港区海岸１,ＪＲ山手線「浜松町」徒歩4分,2005年7月,129800000.0,1LDK,47.97,5.81,東京,港,245,12980.0,893,ＪＲ山手線,浜松町,35.6553975,139.7613745
リーデンスタワー,東京都荒川区東日暮里５,ＪＲ山手線「日暮里」徒歩6分,2001年6月,129800000.0,3LDK,76.18,23.63,東京,荒川,294,12980.0,562,ＪＲ山手線,日暮里,35.7272838,139.7760709
ＴＯＷＥＲ　ＲＥＳＩＤＥＮＣＥ　ＴＯＫＹＯ,東京都台東区台東１,ＪＲ山手線「秋葉原」徒歩10分,2008年1月,129800000.0,2LDK,65.82,10.94,東京,台東,215,12980.0,651,ＪＲ山手線,秋葉原,35.7014031,139.777349
ルミナリータワー池袋,東京都豊島区池袋２,ＪＲ山手線「池袋」徒歩5分,2013年2月,129800000.0,2LDK,55.4,13.86,東京,豊島,154,12980.0,773,ＪＲ山手線,池袋,35.7333681,139.7083697
キャナルワーフタワーズ,東京都江東区豊洲１,東京メトロ有楽町線「豊洲」徒歩12分,2000年11月,129800000.0,3LDK,86.17,25.27,東京,江東,301,12980.0,497,東京メトロ有楽町線,豊洲,35.6607961,139.7920494
リーデンスタワー,東京都荒川区東日暮里５,ＪＲ山手線「日暮里」徒歩8分,2001年6月,129800000.0,3LDK,76.18,23.63,東京,荒川,294,12980.0,562,ＪＲ山手線,日暮里,35.7272838,139.7760709
リーデンスタワー高層棟,東京都荒川区東日暮里５,ＪＲ山手線「日暮里」徒歩8分,2001年6月,129800000.0,3LDK,76.18,23.63,東京,荒川,294,12980.0,562,ＪＲ山手線,日暮里,35.7272838,139.7760709
リーデンスタワー,東京都荒川区東日暮里５,ＪＲ山手線「日暮里」徒歩8分,2001年6月,129800000.0,3LDK,76.18,23.63,東京,荒川,294,12980.0,562,ＪＲ山手線,日暮里,35.7272838,139.7760709
リーデンスタワー,東京都荒川区東日暮里５-１６－１,ＪＲ山手線「日暮里」徒歩8分,2001年6月,129800000.0,3LDK,76.18,23.63,東京,荒川,294,12980.0,562,ＪＲ山手線,日暮里,35.7259727,139.7761342
リーデンスタワー,東京都荒川区西日暮里５,ＪＲ山手線「日暮里」徒歩8分,2001年6月,129800000.0,3LDK,76.18,23.63,東京,荒川,294,12980.0,562,ＪＲ山手線,日暮里,35.733387,139.7684028
リーデンスタワー,東京都荒川区東日暮里５,ＪＲ山手線「鶯谷」徒歩7分,2001年6月,129800000.0,3LDK,76.18,23.63,東京,荒川,294,12980.0,562,ＪＲ山手線,鶯谷,35.7272838,139.7760709
リーデンスタワー,東京都荒川区東日暮里５-16-1,ＪＲ山手線「日暮里」徒歩8分,2001年6月,129800000.0,3LDK,76.18,23.63,東京,荒川,294,12980.0,562,ＪＲ山手線,日暮里,35.7259727,139.7761342
■□■ リーデンスタワー ■□■ ～2001年築・複…,東京都荒川区東日暮里５-16-1,ＪＲ山手線「鶯谷」徒歩7分,2001年6月,129800000.0,3LDK,76.18,23.63,東京,荒川,294,12980.0,562,ＪＲ山手線,鶯谷,35.7259727,139.7761342
ブリリア有明スカイタワー,東京都江東区有明１,新交通ゆりかもめ「有明テニスの森」徒歩6分,2010年12月,129800000.0,2LDK,60.01,12.44,東京,江東,180,12980.0,714,新交通ゆりかもめ,有明テニスの森,35.6403728,139.7869359
アルファグランデ千桜タワー,東京都千代田区神田東松下町,都営新宿線「岩本町」徒歩2分,2018年4月,129800000.0,2LDK,67.09,12.21,東京,千代田,92,12980.0,638,都営新宿線,岩本町,35.6945427,139.7738343
ザ・パークハウス　晴海タワーズ　ティアロレジデンス,東京都中央区晴海２,都営大江戸線「勝どき」徒歩13分,2016年5月,129800000.0,2LDK,64.67,11.84,東京,中央,115,12980.0,662,都営大江戸線,勝どき,35.6564518,139.7869359
THE TOYOSU TOWER,東京都江東区豊洲３,東京メトロ有楽町線「豊洲」徒歩6分,2008年10月,129800000.0,2LDK,62.67,13.56,東京,江東,206,12980.0,683,東京メトロ有楽町線,豊洲,35.6585681,139.7965242
アップルタワー東京キャナルコート,東京都江東区東雲１,東京メトロ有楽町線「辰巳」徒歩7分,2007年2月,129800000.0,3LDK,93.13,8.34,東京,江東,226,12980.0,460,東京メトロ有楽町線,辰巳,35.6465138,139.802278
ブリリアマーレ有明タワー＆ガーデン,東京都江東区有明１,新交通ゆりかもめ「有明テニスの森」徒歩5分,2008年12月,129800000.0,2LDK,61.43,4.43,東京,江東,204,12980.0,697,新交通ゆりかもめ,有明テニスの森,35.6403728,139.7869359
プラウドシティ赤羽,東京都北区赤羽２-3-8,ＪＲ京浜東北線「赤羽」徒歩6分,2011年11月,129800000.0,3LDK,75.04,0.0,東京,北,169,12980.0,571,ＪＲ京浜東北線,赤羽,35.7787948,139.7242497
リーデンスタワー,東京都荒川区東日暮里５,ＪＲ山手線「日暮里」徒歩8分,2001年6月,129800000.0,3LDK,76.18,23.63,東京,荒川,294,12980.0,562,ＪＲ山手線,日暮里,35.7272838,139.7760709
スカイフォレストレジデンス,東京都新宿区大久保３,ＪＲ山手線「高田馬場」徒歩7分,2014年12月,129900000.0,2LDK,55.33,6.6,東京,新宿,132,12990.0,775,ＪＲ山手線,高田馬場,35.7066016,139.7045399
ザ・パークハウス晴海タワーズ　クロノレジデンス,東京都中央区晴海２,都営大江戸線「勝どき」徒歩12分,2013年10月,129900000.0,1LDK,62.91,13.69,東京,中央,146,12990.0,681,都営大江戸線,勝どき,35.6564518,139.7869359
ザ・パークハウス晴海タワーズ　クロノレジデンス,東京都中央区晴海２,都営大江戸線「勝どき」徒歩12分,2013年10月,129900000.0,2LDK,63.64,16.58,東京,中央,146,12990.0,674,都営大江戸線,勝どき,35.6564518,139.7869359
シティータワーズ豊洲ザシンボル,東京都江東区豊洲３,東京メトロ有楽町線「豊洲」徒歩6分,2009年12月,129900000.0,2LDK,62.31,5.68,東京,江東,192,12990.0,688,東京メトロ有楽町線,豊洲,35.6585681,139.7965242
晴海アイランドトリトンスクエアビュータワー,東京都中央区晴海１,東京メトロ有楽町線「月島」徒歩6分,1998年2月,129900000.0,2LDK+S（納戸）,69.86,11.38,東京,中央,334,12990.0,614,東京メトロ有楽町線,月島,35.6597032,139.7850184
パークタワー東雲,東京都江東区東雲１,りんかい線「東雲」徒歩7分,2014年1月,129990000.0,3LDK,75.65,27.65,東京,江東,143,12999.0,567,りんかい線,東雲,35.6465138,139.802278
浅草タワー,東京都台東区西浅草３,つくばエクスプレス「浅草」徒歩5分,2012年2月,129990000.0,2LDK,60.76,16.94,東京,台東,166,12999.0,706,つくばエクスプレス,浅草,35.7162192,139.7914102
浅草タワー・19階,東京都台東区西浅草３,つくばエクスプレス「浅草」徒歩3分,2012年2月,129990000.0,1LDK,60.76,16.94,東京,台東,166,12999.0,706,つくばエクスプレス,浅草,35.7162192,139.7914102
シティタワーズ豊洲ザ・ツインサウスタワー,東京都江東区豊洲３,東京メトロ有楽町線「豊洲」徒歩5分,2009年2月,130000000.0,1LDK,56.86,5.68,東京,江東,202,13000.0,754,東京メトロ有楽町線,豊洲,35.6585681,139.7965242
シティタワーズ豊洲ザ・ツインサウスタワー,東京都江東区豊洲３-4-2,東京メトロ有楽町線「豊洲」徒歩5分,2009年2月,130000000.0,1LDK,56.86,5.68,東京,江東,202,13000.0,754,東京メトロ有楽町線,豊洲,35.6576888,139.7989581
プラウドタワー平井,東京都江戸川区平井５,ＪＲ総武線「平井」徒歩2分,2024年11月,130000000.0,3LDK,72.53,19.53,東京,江戸川,13,13000.0,591,ＪＲ総武線,平井,35.7079978,139.8425698
西戸山タワーホウムズノースタワー,東京都新宿区百人町３-1-5,ＪＲ山手線「新大久保」徒歩6分,1988年1月,130000000.0,2LDK,81.56,9.1,東京,新宿,455,13000.0,526,ＪＲ山手線,新大久保,35.7066397,139.701179
西戸山タワーホウムズノースタワー,東京都新宿区百人町３-1-5,ＪＲ山手線「新大久保」徒歩6分,1988年1月,130000000.0,2LDK,81.56,9.1,東京,新宿,455,13000.0,526,ＪＲ山手線,新大久保,35.7066397,139.701179
ザ・パークハウス晴海タワーズ ティアロレジデンス,東京都中央区晴海２-3-2,都営大江戸線「勝どき」徒歩13分,2016年4月,130800000.0,2LDK,65.54,9.87,東京,中央,116,13080.0,659,都営大江戸線,勝どき,35.6561262,139.7858853
スカイズタワー＆ガーデン,東京都江東区豊洲６,新交通ゆりかもめ「新豊洲」徒歩5分,2014年8月,131500000.0,2LDK,54.02,11.35,東京,江東,136,13150.0,803,新交通ゆりかもめ,新豊洲,35.6456038,139.7856575
シティタワーズ東京ベイ　セントラルタワー,東京都江東区有明２,新交通ゆりかもめ「有明」徒歩4分,2019年7月,132000000.0,2LDK,54.24,14.61,東京,江東,77,13200.0,803,新交通ゆりかもめ,有明,35.6388488,139.7946064
パークタワー東雲,東京都江東区東雲１,りんかい線「東雲」徒歩8分,2014年1月,132000000.0,3LDK,74.25,13.6,東京,江東,143,13200.0,587,りんかい線,東雲,35.6465138,139.802278
シティタワーズ東京ベイ　セントラルタワー,東京都江東区有明２,新交通ゆりかもめ「有明」徒歩4分,2019年7月,132000000.0,2LDK,54.24,14.61,東京,江東,77,13200.0,803,新交通ゆりかもめ,有明,35.6388488,139.7946064
パークハウス清澄白河タワー,東京都江東区白河４,東京メトロ半蔵門線「清澄白河」徒歩6分,2010年9月,132000000.0,2LDK,65.6,9.78,東京,江東,183,13200.0,664,東京メトロ半蔵門線,清澄白河,35.682697,139.8080323
シティタワーズ東京ベイ　セントラルタワー,東京都江東区有明２,新交通ゆりかもめ「有明」徒歩4分,2019年7月,132000000.0,2LDK,54.24,14.61,東京,江東,77,13200.0,803,新交通ゆりかもめ,有明,35.6388488,139.7946064
勝どきビュータワー,東京都中央区勝どき１-8-1,都営大江戸線「勝どき」徒歩1分,2010年11月,132800000.0,2LDK,54.68,8.8,東京,中央,181,13280.0,801,都営大江戸線,勝どき,35.6599586,139.7775156
ＨＡＲＵＭＩ　ＦＬＡＧ　ＳＵＮ　ＶＩＬＬＡＧＥ　Ｔ棟,東京都中央区晴海５,都営大江戸線「勝どき」徒歩14分,2025年8月,132800000.0,2LDK,61.32,15.72,東京,中央,4,13280.0,715,都営大江戸線,勝どき,35.6490356,139.7741538
ワールドシティタワーズ　キャピタルタワー,東京都港区港南４,ＪＲ山手線「品川」徒歩14分,2006年10月,132800000.0,1LDK,64.8,5.56,東京,港,230,13280.0,676,ＪＲ山手線,品川,35.6273113,139.7485979
シティタワーズ豊洲ザ・ツイン　ノースタワー,東京都江東区豊洲３-4-2,東京メトロ有楽町線「豊洲」徒歩5分,2009年2月,133000000.0,1LDK,57.41,5.68,東京,江東,202,13300.0,765,東京メトロ有楽町線,豊洲,35.6576888,139.7989581
シティタワーズ豊洲ザ・ツイン ノースタワー,東京都江東区豊洲３,東京メトロ有楽町線「豊洲」徒歩5分,2009年2月,133000000.0,1LDK,57.41,5.68,東京,江東,202,13300.0,765,東京メトロ有楽町線,豊洲,35.6585681,139.7965242
シティタワーズ豊洲ザ・ツイン　サウスタワー,東京都江東区豊洲３-4-1,東京メトロ有楽町線「豊洲」徒歩5分,2009年2月,133000000.0,1LDK,56.86,5.68,東京,江東,202,13300.0,772,東京メトロ有楽町線,豊洲,35.6573713,139.7995199
シティタワーズ豊洲ザ・ツイン　ノースタワー,東京都江東区豊洲３,東京メトロ有楽町線「豊洲」徒歩5分,2009年2月,133000000.0,1LDK,57.41,5.68,東京,江東,202,13300.0,765,東京メトロ有楽町線,豊洲,35.6585681,139.7965242
ステーションフロントタワー,東京都豊島区北大塚２,ＪＲ山手線「大塚」徒歩5分,2000年8月,133000000.0,3LDK,76.3,11.11,東京,豊島,304,13300.0,575,ＪＲ山手線,大塚,35.7335499,139.7287997
シティタワーズ豊洲 ザ・ツインノースタワー,東京都江東区豊洲３-4-2,東京メトロ有楽町線「豊洲」徒歩5分,2009年2月,133000000.0,1LDK,57.41,5.68,東京,江東,202,13300.0,765,東京メトロ有楽町線,豊洲,35.6576888,139.7989581
シティタワーズ豊洲ザ・ツインノースタワー,東京都江東区豊洲３,東京メトロ有楽町線「豊洲」徒歩5分,2009年2月,133000000.0,1LDK,57.41,5.68,東京,江東,202,13300.0,765,東京メトロ有楽町線,豊洲,35.6585681,139.7965242
シティタワーズ豊洲ザ・ツインノースタワー,東京都江東区豊洲３,東京メトロ有楽町線「豊洲」徒歩5分,2009年2月,133000000.0,1LDK,57.41,5.68,東京,江東,202,13300.0,765,東京メトロ有楽町線,豊洲,35.6585681,139.7965242
シティタワーズ豊洲ザ・ツイン ノースタワー,東京都江東区豊洲３,東京メトロ有楽町線「豊洲」徒歩5分,2009年2月,133000000.0,1LDK,57.41,5.68,東京,江東,202,13300.0,765,東京メトロ有楽町線,豊洲,35.6585681,139.7965242
シティタワーズ豊洲ザ・ツイン　ノースタワー　,東京都江東区豊洲３,東京メトロ有楽町線「豊洲」徒歩5分,2009年2月,133000000.0,1LDK,57.41,5.68,東京,江東,202,13300.0,765,東京メトロ有楽町線,豊洲,35.6585681,139.7965242
シティタワーズ豊洲ザ・ツイン　ノースタワー,東京都江東区豊洲３,東京メトロ有楽町線「豊洲」徒歩5分,2009年2月,133000000.0,1LDK,57.41,5.68,東京,江東,202,13300.0,765,東京メトロ有楽町線,豊洲,35.6585681,139.7965242
シティタワーズ東京ベイ　セントラルタワー,東京都江東区有明２,新交通ゆりかもめ「有明」徒歩4分,2019年7月,133000000.0,2LDK,54.24,15.54,東京,江東,77,13300.0,809,新交通ゆりかもめ,有明,35.6388488,139.7946064
シティタワーズ豊洲ザ・ツイン ノースタワー,東京都江東区豊洲３,新交通ゆりかもめ「豊洲」徒歩6分,2009年2月,133000000.0,1LDK,55.05,5.68,東京,江東,202,13300.0,797,新交通ゆりかもめ,豊洲,35.6585681,139.7965242
ライオンズタワー池袋,東京都豊島区東池袋３,ＪＲ山手線「池袋」徒歩12分,2001年1月,133000000.0,3LDK,62.83,9.68,東京,豊島,299,13300.0,699,ＪＲ山手線,池袋,35.7299592,139.7198607
シティタワーズ豊洲ザ・ツイン　ノースタワー,東京都江東区豊洲３-4-2,東京メトロ有楽町線「豊洲」徒歩5分,2009年2月,133000000.0,1LDK,57.41,5.68,東京,江東,202,13300.0,765,東京メトロ有楽町線,豊洲,35.6576888,139.7989581
ソプラタワー,東京都目黒区青葉台３,東急田園都市線「池尻大橋」徒歩9分,1999年3月,133500000.0,2LDK,71.99,9.2,東京,目黒,321,13350.0,612,東急田園都市線,池尻大橋,35.65214570000001,139.6917756
ザ・パークハウス晴海タワーズ　ティアロレジデンス,東京都中央区晴海２-3-2,都営大江戸線「勝どき」徒歩13分,2016年3月,133800000.0,2LDK+S（納戸）,64.67,11.84,東京,中央,117,13380.0,683,都営大江戸線,勝どき,35.6561262,139.7858853
プラウドタワー亀戸クロス　ゲートタワー,東京都江東区亀戸６,ＪＲ総武線「亀戸」徒歩2分,2021年12月,133800000.0,2LDK,63.53,10.64,東京,江東,48,13380.0,695,ＪＲ総武線,亀戸,35.6957973,139.8278569
キャナルワーフタワーズEAST,東京都江東区豊洲１-3-1,東京メトロ有楽町線「豊洲」徒歩10分,2000年11月,133800000.0,1LDK+S（納戸）,77.25,25.75,東京,江東,301,13380.0,572,東京メトロ有楽町線,豊洲,35.6618531,139.7944093
パークタワー錦糸町,東京都墨田区江東橋２,ＪＲ総武線快速「錦糸町」徒歩5分,2008年12月,133800000.0,2LDK,64.42,7.3,東京,墨田,204,13380.0,685,ＪＲ総武線快速,錦糸町,35.6949816,139.8121885
ザ・パークハウス晴海タワーズ ティアロレジデンス,東京都中央区晴海２,都営大江戸線「勝どき」徒歩13分,2016年3月,133800000.0,2LDK+S（納戸）,64.67,11.84,東京,中央,117,13380.0,683,都営大江戸線,勝どき,35.6564518,139.7869359
ベイサイドタワー晴海,東京都中央区晴海３,都営大江戸線「勝どき」徒歩10分,2015年9月,134000000.0,2LDK,57.2,10.62,東京,中央,123,13400.0,773,都営大江戸線,勝どき,35.6548467,139.7786272
ベイサイドタワー晴海,東京都中央区晴海３-16-1,都営大江戸線「勝どき」徒歩10分,2015年9月,134000000.0,2LDK,57.2,10.69,東京,中央,123,13400.0,773,都営大江戸線,勝どき,35.6540045,139.7778683
パークタワー東雲,東京都江東区東雲１,りんかい線「東雲」徒歩7分,2014年1月,134000000.0,2LDK,70.33,14.55,東京,江東,143,13400.0,629,りんかい線,東雲,35.6465138,139.802278
ベイサイドタワー晴海,東京都中央区晴海３,都営大江戸線「勝どき」徒歩7分,2015年9月,134000000.0,2LDK,57.2,10.69,東京,中央,123,13400.0,773,都営大江戸線,勝どき,35.6548467,139.7786272
ベイサイドタワー晴海,東京都中央区晴海３,都営大江戸線「勝どき」徒歩7分,2015年9月,134000000.0,2LDK,57.2,10.69,東京,中央,123,13400.0,773,都営大江戸線,勝どき,35.6548467,139.7786272
ベイサイドタワー晴海,東京都中央区晴海３,都営大江戸線「勝どき」徒歩7分,2015年9月,134000000.0,2LDK,57.2,10.69,東京,中央,123,13400.0,773,都営大江戸線,勝どき,35.6548467,139.7786272
ベイサイドタワー晴海,東京都中央区晴海３,都営大江戸線「勝どき」徒歩7分,2015年9月,134000000.0,2LDK,57.2,10.69,東京,中央,123,13400.0,773,都営大江戸線,勝どき,35.6548467,139.7786272
ベイサイドタワー晴海,東京都中央区晴海３,都営大江戸線「勝どき」徒歩7分,2015年9月,134000000.0,2LDK,57.2,10.69,東京,中央,123,13400.0,773,都営大江戸線,勝どき,35.6548467,139.7786272
ベイサイドタワー晴海,東京都中央区晴海３,都営大江戸線「勝どき」徒歩7分,2015年9月,134000000.0,2LDK,57.2,10.69,東京,中央,123,13400.0,773,都営大江戸線,勝どき,35.6548467,139.7786272
Ｗｃｏｍｆｏｒｔ　Ｔｏｗｅｒｓ　ＥＡＳＴ,東京都江東区東雲１-9-32,東京メトロ有楽町線「辰巳」徒歩7分,2004年10月,134800000.0,3LDK,89.04,12.75,東京,江東,254,13480.0,500,東京メトロ有楽町線,辰巳,35.6454988,139.8051553
Wcomfort Towers EAST,東京都江東区東雲１-９－３２,東京メトロ有楽町線「辰巳」徒歩7分,2004年10月,134800000.0,3LDK,89.04,12.75,東京,江東,254,13480.0,500,東京メトロ有楽町線,辰巳,35.6454988,139.8051553
Wコンフォートタワーズ　イースト,東京都江東区東雲１,東京メトロ有楽町線「辰巳」徒歩6分,2004年10月,134800000.0,3LDK,89.04,12.75,東京,江東,254,13480.0,500,東京メトロ有楽町線,辰巳,35.6465138,139.802278
WコンフォートタワーズEAST,東京都江東区東雲１,東京メトロ有楽町線「辰巳」徒歩7分,2004年10月,134800000.0,3LDK,89.04,12.75,東京,江東,254,13480.0,500,東京メトロ有楽町線,辰巳,35.6465138,139.802278
Ｗ　Ｃｏｍｆｏｒｔ　Ｔｏｗｅｒｓ　ＥＡＳＴ,東京都江東区東雲１,東京メトロ有楽町線「辰巳」徒歩8分,2004年10月,134800000.0,3LDK,89.04,12.75,東京,江東,254,13480.0,500,東京メトロ有楽町線,辰巳,35.6465138,139.802278
WコンフォートタワーズEAST,東京都江東区東雲１,東京メトロ有楽町線「辰巳」徒歩7分,2004年10月,134800000.0,3LDK,89.04,12.75,東京,江東,254,13480.0,500,東京メトロ有楽町線,辰巳,35.6465138,139.802278
アウルタワー,東京都豊島区東池袋４,東京メトロ有楽町線「東池袋」徒歩2分,2011年1月,134800000.0,1LDK+S（納戸）,51.03,9.9,東京,豊島,179,13480.0,872,東京メトロ有楽町線,東池袋,35.727032,139.7211376
W Comfort Towers EAST,東京都江東区東雲１,東京メトロ有楽町線「辰巳」徒歩7分,2004年10月,134800000.0,3LDK,89.04,12.75,東京,江東,254,13480.0,500,東京メトロ有楽町線,辰巳,35.6465138,139.802278
オリゾンマーレ,東京都江東区有明１,新交通ゆりかもめ「有明テニスの森」徒歩4分,2004年10月,134800000.0,2LDK,71.18,13.45,東京,江東,254,13480.0,625,新交通ゆりかもめ,有明テニスの森,35.6403728,139.7869359
インプレストタワー芝浦エアレジデンス,東京都港区芝浦２,ＪＲ山手線「田町」徒歩8分,2014年2月,134800000.0,2LDK,55.52,7.89,東京,港,142,13480.0,801,ＪＲ山手線,田町,35.6446055,139.7530694
パークハウス清澄白河リバーサイド,東京都江東区白河２,東京メトロ半蔵門線「清澄白河」徒歩2分,2005年1月,134800000.0,2LDK,73.47,30.06,東京,江東,251,13480.0,605,東京メトロ半蔵門線,清澄白河,35.682946,139.8029173
ブリリアマーレ有明タワー＆ガーデン,東京都江東区有明１,新交通ゆりかもめ「有明テニスの森」徒歩5分,2008年12月,134800000.0,1LDK,60.76,10.98,東京,江東,204,13480.0,732,新交通ゆりかもめ,有明テニスの森,35.6403728,139.7869359
ベイクレストタワー,東京都港区港南３,ＪＲ山手線「品川」徒歩15分,2005年8月,134800000.0,2LDK,62.28,9.3,東京,港,244,13480.0,714,ＪＲ山手線,品川,35.633247,139.7505142
アリビオーレ神楽坂,東京都新宿区東五軒町,東京メトロ東西線「神楽坂」徒歩7分,2002年1月,134800000.0,2LDK,55.14,0.1,東京,新宿,287,13480.0,807,東京メトロ東西線,神楽坂,35.7066835,139.7390173
ベイシティ晴海スカイリンクタワー,東京都中央区晴海３,都営大江戸線「勝どき」徒歩6分,2009年11月,134900000.0,2LDK,63.96,18.21,東京,中央,193,13490.0,696,都営大江戸線,勝どき,35.6548467,139.7786272
ベイシティ晴海スカイリンクタワー,東京都中央区晴海３-６-８,都営大江戸線「勝どき」徒歩8分,2009年12月,134900000.0,2LDK,63.96,18.21,東京,中央,192,13490.0,696,都営大江戸線,勝どき,35.6557094,139.779045
ベイシティ晴海スカイリンクタワー,東京都中央区晴海３,都営大江戸線「勝どき」徒歩9分,2009年12月,134900000.0,2LDK,63.96,18.21,東京,中央,192,13490.0,696,都営大江戸線,勝どき,35.6548467,139.7786272
東京ビューマークス,東京都台東区竜泉２-7-7,東京メトロ日比谷線「三ノ輪」徒歩6分,2003年2月,135000000.0,2LDK,91.4,23.97,東京,台東,274,13500.0,487,東京メトロ日比谷線,三ノ輪,35.7254694,139.7887142
シティタワーズ豊洲ザ・ツイン ノースタワー,東京都江東区豊洲３,東京メトロ有楽町線「豊洲」徒歩5分,2009年2月,135000000.0,1LDK,57.41,5.68,東京,江東,202,13500.0,776,東京メトロ有楽町線,豊洲,35.6585681,139.7965242
キャナルワーフタワーズイースト,東京都江東区豊洲１,東京メトロ有楽町線「豊洲」徒歩10分,2000年11月,135000000.0,2LDK,78.4,13.69,東京,江東,301,13500.0,568,東京メトロ有楽町線,豊洲,35.6607961,139.7920494
パークシティ大崎　ザタワー,東京都品川区北品川５,ＪＲ山手線「大崎」徒歩6分,2015年4月,135000000.0,1LDK,44.77,10.3,東京,品川,128,13500.0,995,ＪＲ山手線,大崎,35.6214836,139.7326311
グランドミレーニア,東京都豊島区南池袋１,ＪＲ山手線「池袋」徒歩6分,2015年2月,135000000.0,2LDK,54.26,5.13,東京,豊島,130,13500.0,821,ＪＲ山手線,池袋,35.7275147,139.7109231
ベイサイドタワー晴海,東京都中央区晴海３,都営大江戸線「勝どき」徒歩7分,2015年10月,135000000.0,1LDK,54.73,11.09,東京,中央,122,13500.0,814,都営大江戸線,勝どき,35.6548467,139.7786272
東京ビューマークス,東京都台東区竜泉２,東京メトロ日比谷線「三ノ輪」徒歩7分,2003年2月,135000000.0,2LDK,91.4,23.97,東京,台東,274,13500.0,487,東京メトロ日比谷線,三ノ輪,35.72603520000001,139.7901318
東京ビューマークス,東京都台東区竜泉２,東京メトロ日比谷線「三ノ輪」徒歩6分,2003年2月,135000000.0,2LDK,91.4,23.97,東京,台東,274,13500.0,487,東京メトロ日比谷線,三ノ輪,35.72603520000001,139.7901318
東京ビューマークス,東京都台東区竜泉２,東京メトロ日比谷線「三ノ輪」徒歩6分,2003年2月,135000000.0,2LDK,91.4,23.97,東京,台東,274,13500.0,487,東京メトロ日比谷線,三ノ輪,35.72603520000001,139.7901318
ザ・タワー十条,東京都北区上十条２-２７１,ＪＲ埼京線「十条」徒歩1分,2024年10月,135000000.0,2LDK,73.01,18.62,東京,北,14,13500.0,610,ＪＲ埼京線,十条,35.7575148,139.722168
東京ビューマークス,東京都台東区竜泉２,東京メトロ日比谷線「三ノ輪」徒歩5分,2003年2月,135000000.0,2LDK,91.4,23.97,東京,台東,274,13500.0,487,東京メトロ日比谷線,三ノ輪,35.72603520000001,139.7901318
品川イーストシティタワー,東京都品川区東品川５,東京モノレール「天王洲アイル」徒歩5分,2018年7月,135800000.0,2LDK,56.82,11.34,東京,品川,89,13580.0,789,東京モノレール,天王洲アイル,35.6211959,139.7562635
ＴＨＥ　ＴＯＹＯＳＵ　ＴＯＷＥＲ,東京都江東区豊洲３,東京メトロ有楽町線「豊洲」徒歩6分,2008年10月,135800000.0,2LDK,70.59,13.59,東京,江東,206,13580.0,635,東京メトロ有楽町線,豊洲,35.6585681,139.7965242
ザ・パークハウス新宿タワー,東京都新宿区北新宿２,東京メトロ丸ノ内線「西新宿」徒歩6分,2012年1月,136000000.0,2LDK,59.29,7.55,東京,新宿,167,13600.0,757,東京メトロ丸ノ内線,西新宿,35.6981516,139.689223
パークタワー東雲,東京都江東区東雲１,りんかい線「東雲」徒歩7分,2014年10月,136800000.0,3LDK,74.25,13.6,東京,江東,134,13680.0,608,りんかい線,東雲,35.6465138,139.802278
シティタワー新宿新都心,東京都新宿区西新宿４,都営大江戸線「西新宿五丁目」徒歩2分,2005年2月,136800000.0,2LDK,59.0,4.95,東京,新宿,250,13680.0,765,都営大江戸線,西新宿五丁目,35.6879506,139.6866706
アトラスタワー曳舟,東京都墨田区京島１,京成押上線「京成曳舟」徒歩2分,2015年11月,137000000.0,3LDK,74.07,32.52,東京,墨田,121,13700.0,610,京成押上線,京成曳舟,35.71715500000001,139.8195425
ベイサイドタワー晴海,東京都中央区晴海３,都営大江戸線「勝どき」徒歩7分,2015年9月,137000000.0,2LDK,57.2,10.69,東京,中央,123,13700.0,790,都営大江戸線,勝どき,35.6548467,139.7786272
ドゥ・トゥール EAST　南向,東京都中央区晴海３,都営大江戸線「勝どき」徒歩8分,2015年10月,137500000.0,2LDK,55.77,6.91,東京,中央,122,13750.0,814,都営大江戸線,勝どき,35.6548467,139.7786272
パークタワー勝どきミッド,東京都中央区勝どき４,都営大江戸線「勝どき」徒歩1分,2023年8月,137800000.0,1LDK,50.01,6.11,東京,中央,28,13780.0,909,都営大江戸線,勝どき,35.6572676,139.7760709
ザ・パークハウス西新宿タワー６０,東京都新宿区西新宿５-5-1,都営大江戸線「西新宿五丁目」徒歩9分,2017年7月,138000000.0,2LDK,57.94,9.95,東京,新宿,101,13800.0,786,都営大江戸線,西新宿五丁目,35.6918758,139.7100852
ザ・パークハウス晴海タワーズ　ティアロレジデンス,東京都中央区晴海２-3-2,都営大江戸線「勝どき」徒歩13分,2016年3月,138000000.0,2LDK,63.7,13.81,東京,中央,117,13800.0,715,都営大江戸線,勝どき,35.6561262,139.7858853
ザ・グランアルト錦糸町,東京都墨田区江東橋２,ＪＲ総武線快速「錦糸町」徒歩4分,2012年12月,138000000.0,3LDK,66.17,12.0,東京,墨田,156,13800.0,688,ＪＲ総武線快速,錦糸町,35.6949816,139.8121885
ルミナリータワー池袋,東京都豊島区池袋２,ＪＲ山手線「池袋」徒歩4分,2013年2月,138000000.0,2LDK,60.11,11.04,東京,豊島,154,13800.0,758,ＪＲ山手線,池袋,35.7333681,139.7083697
プラウドタワー芝浦,東京都港区芝浦４,ＪＲ京浜東北線「田町」徒歩11分,2023年1月,138000000.0,1LDK,40.27,5.06,東京,港,35,13800.0,1131,ＪＲ京浜東北線,田町,35.6400662,139.7460429
HARUMI FLAG PARK VILLAGE T…,東京都中央区晴海５,都営大江戸線「勝どき」徒歩14分,2025年9月,138000000.0,2LDK,56.41,13.1,東京,中央,3,13800.0,807,都営大江戸線,勝どき,35.6490356,139.7741538
コンシェリア西新宿TOWER’S WEST,東京都新宿区西新宿６,都営大江戸線「西新宿五丁目」徒歩6分,2008年2月,138000000.0,2LDK,55.16,9.27,東京,新宿,214,13800.0,826,都営大江戸線,西新宿五丁目,35.6929304,139.6904993
ソプラタワー,東京都目黒区青葉台３,東急田園都市線「池尻大橋」徒歩8分,1999年3月,138000000.0,1LDK+S（納戸）,66.54,8.84,東京,目黒,321,13800.0,684,東急田園都市線,池尻大橋,35.65214570000001,139.6917756
ザ・パークハウス西新宿タワー６０,東京都新宿区西新宿５-5-1,都営大江戸線「西新宿五丁目」徒歩7分,2017年8月,138000000.0,2LDK,57.94,9.95,東京,新宿,100,13800.0,786,都営大江戸線,西新宿五丁目,35.6918758,139.7100852
ザ・パークハウス晴海タワーズティアロレジデンス,東京都中央区晴海２,都営大江戸線「勝どき」徒歩13分,2016年3月,138000000.0,2LDK,63.7,11.84,東京,中央,117,13800.0,715,都営大江戸線,勝どき,35.6564518,139.7869359
プラウドタワー芝浦,東京都港区芝浦４,ＪＲ山手線「田町」徒歩11分,2023年1月,138000000.0,1LDK,40.27,5.06,東京,港,35,13800.0,1131,ＪＲ山手線,田町,35.6400662,139.7460429
ブリリア有明スカイタワー　19階/67.95㎡/3L…,東京都江東区有明１,新交通ゆりかもめ「有明テニスの森」徒歩6分,2010年12月,138000000.0,3LDK,67.95,12.44,東京,江東,180,13800.0,670,新交通ゆりかもめ,有明テニスの森,35.6403728,139.7869359
ファーストリアルタワー新宿,東京都新宿区西新宿７,都営大江戸線「新宿西口」徒歩4分,2006年3月,138000000.0,1LDK,47.74,4.35,東京,新宿,237,13800.0,954,都営大江戸線,新宿西口,35.6963255,139.6975192
ビーコンタワーレジデンス,東京都江東区東雲１,東京メトロ有楽町線「辰巳」徒歩10分,2009年1月,138000000.0,3LDK,85.95,8.73,東京,江東,203,13800.0,530,東京メトロ有楽町線,辰巳,35.6465138,139.802278
ＢｒｉｌｌｉａＴｏｗｅｒｓ目黒サウスレジデンス,東京都品川区上大崎３,ＪＲ山手線「目黒」徒歩3分,2017年7月,138000000.0,1LDK,41.08,1.0,東京,品川,101,13800.0,1109,ＪＲ山手線,目黒,35.631922,139.7185838
ステーションフロントタワー,東京都豊島区北大塚２-24-5,ＪＲ山手線「大塚」徒歩4分,2000年8月,138000000.0,3LDK,74.08,12.09,東京,豊島,304,13800.0,615,ＪＲ山手線,大塚,35.7342528,139.7282384
ブランズタワー豊洲,東京都江東区豊洲５-1-13,東京メトロ有楽町線「豊洲」徒歩4分,2021年10月,138000000.0,1LDK,44.04,9.18,東京,江東,50,13800.0,1034,東京メトロ有楽町線,豊洲,35.6520776,139.7941746
ファーストリアルタワー新宿,東京都新宿区西新宿７,ＪＲ山手線「新宿」徒歩8分,2006年3月,138000000.0,1LDK,47.74,4.35,東京,新宿,237,13800.0,954,ＪＲ山手線,新宿,35.6963255,139.6975192
ファーストリアルタワー新宿,東京都新宿区西新宿７,都営大江戸線「新宿西口」徒歩4分,2006年3月,138000000.0,1LDK,47.74,4.35,東京,新宿,237,13800.0,954,都営大江戸線,新宿西口,35.6963255,139.6975192
ディアマークスキャピタルタワー,東京都練馬区豊玉北６,都営大江戸線「練馬」徒歩3分,2001年2月,138000000.0,3LDK,71.01,12.49,東京,練馬,298,13800.0,641,都営大江戸線,練馬,35.7354823,139.6509483
プラザ元加賀 G棟,東京都江東区白河４,東京メトロ半蔵門線「清澄白河」徒歩7分,1985年3月,138000000.0,3LDK,110.41,36.12,東京,江東,489,13800.0,412,東京メトロ半蔵門線,清澄白河,35.682697,139.8080323
浅草タワー,東京都台東区西浅草３,つくばエクスプレス「浅草」徒歩3分,2012年2月,138000000.0,2LDK,55.04,10.05,東京,台東,166,13800.0,827,つくばエクスプレス,浅草,35.7162192,139.7914102
スカイズ　タワー＆ガーデン,東京都江東区豊洲６,新交通ゆりかもめ「新豊洲」徒歩5分,2014年8月,138000000.0,2LDK,62.81,11.34,東京,江東,136,13800.0,725,新交通ゆりかもめ,新豊洲,35.6456038,139.7856575
ソフィアタワー勝どき,東京都中央区勝どき３-12-12,都営大江戸線「勝どき」徒歩5分,2000年2月,138000000.0,3LDK,69.61,7.62,東京,中央,310,13800.0,654,都営大江戸線,勝どき,35.6584623,139.7736389
ステーションフロントタワー,東京都豊島区北大塚２,ＪＲ山手線「大塚」徒歩4分,2000年8月,138000000.0,3LDK,78.56,12.09,東京,豊島,304,13800.0,580,ＪＲ山手線,大塚,35.7335499,139.7287997
パークタワー勝どきミッド,東京都中央区勝どき４,都営大江戸線「勝どき」徒歩1分,2023年8月,138000000.0,1LDK,50.01,6.11,東京,中央,28,13800.0,911,都営大江戸線,勝どき,35.6572676,139.7760709
プラウドタワー芝浦,東京都港区芝浦４-15－1,ＪＲ山手線「田町」徒歩11分,2023年1月,138000000.0,1LDK,40.27,5.06,東京,港,35,13800.0,1131,ＪＲ山手線,田町,35.6390427,139.7477289
ソプラタワー,東京都目黒区青葉台３,東急田園都市線「池尻大橋」徒歩8分,1993年3月,138000000.0,1LDK,66.54,8.84,東京,目黒,393,13800.0,684,東急田園都市線,池尻大橋,35.65214570000001,139.6917756
ザ・パークハウス晴海タワーズ　ティアロレジデンス,東京都中央区晴海２-3-2,都営大江戸線「勝どき」徒歩13分,2016年3月,138000000.0,2LDK,63.7,11.84,東京,中央,117,13800.0,715,都営大江戸線,勝どき,35.6561262,139.7858853
ステーションフロントタワー,東京都豊島区北大塚２,ＪＲ山手線「大塚」徒歩4分,2000年8月,138000000.0,3LDK,74.8,12.09,東京,豊島,304,13800.0,609,ＪＲ山手線,大塚,35.7335499,139.7287997
ビーコンタワーレジデンス,東京都江東区東雲１,東京メトロ有楽町線「辰巳」徒歩10分,2009年1月,138000000.0,3LDK,85.95,8.73,東京,江東,203,13800.0,530,東京メトロ有楽町線,辰巳,35.6465138,139.802278
芝浦アイランドグローブタワー,東京都港区芝浦４,ＪＲ山手線「田町」徒歩8分,2006年11月,138000000.0,2LDK,53.93,10.03,東京,港,229,13800.0,844,ＪＲ山手線,田町,35.6400662,139.7460429
ザ・パークハウス　晴海タワーズ　ティアロレジデンス,東京都中央区晴海２,都営大江戸線「勝どき」徒歩13分,2016年3月,138000000.0,1LDK,63.7,13.81,東京,中央,117,13800.0,715,都営大江戸線,勝どき,35.6564518,139.7869359
サンウッド品川天王洲タワー,東京都品川区東品川２,りんかい線「天王洲アイル」徒歩4分,2005年2月,138000000.0,3LDK,80.2,13.08,東京,品川,250,13800.0,568,りんかい線,天王洲アイル,35.6214449,139.751153
プラウドタワー芝浦,東京都港区芝浦４,ＪＲ山手線「田町」徒歩11分,2023年1月,138000000.0,1LDK,40.27,5.06,東京,港,35,13800.0,1131,ＪＲ山手線,田町,35.6400662,139.7460429
晴海アイランドトリトンスクエアビュータワー,東京都中央区晴海１,都営大江戸線「月島」徒歩6分,1998年2月,138800000.0,2LDK+S（納戸）,69.86,11.38,東京,中央,334,13880.0,656,都営大江戸線,月島,35.6597032,139.7850184
ザ・晴海レジデンス,東京都中央区晴海５,都営大江戸線「勝どき」徒歩12分,2009年2月,138800000.0,2LDK,72.4,12.92,東京,中央,202,13880.0,633,都営大江戸線,勝どき,35.6490356,139.7741538
プラウドタワー大泉学園,東京都練馬区東大泉１,西武池袋線「大泉学園」徒歩1分,2015年2月,138800000.0,3LDK,68.95,12.96,東京,練馬,130,13880.0,664,西武池袋線,大泉学園,35.7491256,139.5910344
シティタワーズ豊洲ザ・シンボル,東京都江東区豊洲３,東京メトロ有楽町線「豊洲」徒歩6分,2009年12月,138800000.0,2LDK,67.03,5.68,東京,江東,192,13880.0,683,東京メトロ有楽町線,豊洲,35.6585681,139.7965242
シティタワーズ豊洲ザ・シンボル,東京都江東区豊洲３,東京メトロ有楽町線「豊洲」徒歩7分,2009年12月,138800000.0,2LDK,69.18,5.68,東京,江東,192,13880.0,662,東京メトロ有楽町線,豊洲,35.6585681,139.7965242
キャナルファーストタワー,東京都江東区東雲１-9-42,東京メトロ有楽町線「辰巳」徒歩9分,2008年1月,139000000.0,3LDK,80.57,22.72,東京,江東,215,13900.0,569,東京メトロ有楽町線,辰巳,35.6474656,139.8048629
ベイサイドタワー晴海,東京都中央区晴海３,都営大江戸線「勝どき」徒歩7分,2015年9月,139000000.0,3LDK,66.24,5.02,東京,中央,123,13900.0,692,都営大江戸線,勝どき,35.6548467,139.7786272
ベイクレストタワー,東京都港区港南３,ＪＲ山手線「品川」徒歩17分,2005年8月,139000000.0,2LDK,84.59,11.0,東京,港,244,13900.0,542,ＪＲ山手線,品川,35.633247,139.7505142
ブリリアタワー池袋（Brillia Tower池袋）,東京都豊島区南池袋２,東京メトロ有楽町線「東池袋」徒歩1分,2015年3月,139000000.0,1LDK+S（納戸）,48.33,11.4,東京,豊島,129,13900.0,949,東京メトロ有楽町線,東池袋,35.7261268,139.7160301
キャナルファーストタワー,東京都江東区東雲１,東京メトロ有楽町線「辰巳」徒歩9分,2008年1月,139000000.0,3LDK,80.57,22.72,東京,江東,215,13900.0,569,東京メトロ有楽町線,辰巳,35.6465138,139.802278
ベイクレストタワー,東京都港区港南３,ＪＲ山手線「品川」徒歩16分,2005年8月,139000000.0,2LDK+S（納戸）,84.59,11.0,東京,港,244,13900.0,542,ＪＲ山手線,品川,35.633247,139.7505142
キャナルファーストタワー,東京都江東区東雲１,東京メトロ有楽町線「辰巳」徒歩9分,2008年1月,139000000.0,3LDK,80.57,22.72,東京,江東,215,13900.0,569,東京メトロ有楽町線,辰巳,35.6465138,139.802278
キャナルファーストタワー,東京都江東区東雲１,東京メトロ有楽町線「辰巳」徒歩9分,2008年1月,139000000.0,3LDK,80.57,22.72,東京,江東,215,13900.0,569,東京メトロ有楽町線,辰巳,35.6465138,139.802278
キャナルファーストタワー,東京都江東区東雲１-9-42,東京メトロ有楽町線「辰巳」徒歩9分,2008年1月,139000000.0,3LDK,80.57,22.72,東京,江東,215,13900.0,569,東京メトロ有楽町線,辰巳,35.6474656,139.8048629
ブリリア有明スカイタワー,東京都江東区有明１,新交通ゆりかもめ「有明テニスの森」徒歩6分,2010年12月,139000000.0,2LDK,69.06,12.06,東京,江東,180,13900.0,664,新交通ゆりかもめ,有明テニスの森,35.6403728,139.7869359
キャナルファーストタワー,東京都江東区東雲１,東京メトロ有楽町線「辰巳」徒歩9分,2008年1月,139000000.0,3LDK,80.57,22.72,東京,江東,215,13900.0,569,東京メトロ有楽町線,辰巳,35.6465138,139.802278
キャナルファーストタワー,東京都江東区東雲１,東京メトロ有楽町線「辰巳」徒歩10分,2008年1月,139000000.0,3LDK,80.57,22.72,東京,江東,215,13900.0,569,東京メトロ有楽町線,辰巳,35.6465138,139.802278
パークタワー東雲,東京都江東区東雲１,りんかい線「東雲」徒歩7分,2014年1月,139000000.0,2LDK,67.18,30.3,東京,江東,143,13900.0,683,りんかい線,東雲,35.6465138,139.802278
キャナルファーストタワー,東京都江東区東雲１,東京メトロ有楽町線「辰巳」徒歩9分,2008年1月,139000000.0,3LDK,80.57,22.72,東京,江東,215,13900.0,569,東京メトロ有楽町線,辰巳,35.6465138,139.802278
ブリリアタワー浜離宮（BrilliaTower浜離宮…,東京都港区海岸１,ＪＲ山手線「浜松町」徒歩6分,2023年9月,139000000.0,1LDK,43.84,18.68,東京,港,27,13900.0,1046,ＪＲ山手線,浜松町,35.6553975,139.7613745
ザ・タワー十条,東京都北区上十条２,ＪＲ埼京線「十条」徒歩1分,2024年10月,139000000.0,3LDK,66.52,12.98,東京,北,14,13900.0,690,ＪＲ埼京線,十条,35.7591353,139.7211376
シティタワー品川,東京都港区港南４,ＪＲ山手線「品川」徒歩10分,2008年4月,139000000.0,3LDK,82.77,11.05,東京,港,212,13900.0,554,ＪＲ山手線,品川,35.6273113,139.7485979
キャナルファーストタワー,東京都江東区東雲１,東京メトロ有楽町線「辰巳」徒歩9分,2008年1月,139000000.0,3LDK,80.57,22.72,東京,江東,215,13900.0,569,東京メトロ有楽町線,辰巳,35.6465138,139.802278
シティタワー品川,東京都港区港南４,ＪＲ山手線「品川」徒歩10分,2008年4月,139500000.0,3LDK,82.77,11.05,東京,港,212,13950.0,556,ＪＲ山手線,品川,35.6273113,139.7485979
ブリリアタワー東京,東京都墨田区太平４-1-1,東京メトロ半蔵門線「錦糸町」徒歩4分,2006年6月,139600000.0,1LDK,67.89,14.16,東京,墨田,234,13960.0,679,東京メトロ半蔵門線,錦糸町,35.7001105,139.8162113
晴海アイランドトリトンスクエアビュータワー,東京都中央区晴海１,東京メトロ有楽町線「月島」徒歩6分,1998年2月,139800000.0,3LDK,84.45,14.79,東京,中央,334,13980.0,546,東京メトロ有楽町線,月島,35.6597032,139.7850184
パークタワー東中野,東京都中野区東中野５,ＪＲ中央線「東中野」徒歩3分,2007年1月,139800000.0,3LDK,68.69,9.86,東京,中野,227,13980.0,672,ＪＲ中央線,東中野,35.7084721,139.689223
シティタワー新宿,東京都新宿区西新宿５,東京メトロ丸ノ内線「西新宿」徒歩8分,2023年2月,139800000.0,1LDK,43.61,10.25,東京,新宿,34,13980.0,1058,東京メトロ丸ノ内線,西新宿,35.6948318,139.6866706
ブリリアタワー有明ミッドクロス,東京都江東区有明１,新交通ゆりかもめ「お台場海浜公園」徒歩9分,2021年6月,139800000.0,3LDK,69.98,14.67,東京,江東,54,13980.0,659,新交通ゆりかもめ,お台場海浜公園,35.6403728,139.7869359
西早稲田パークタワー,東京都新宿区西早稲田１,東京メトロ東西線「早稲田」徒歩10分,1993年10月,139800000.0,3LDK,92.63,1.0,東京,新宿,386,13980.0,498,東京メトロ東西線,早稲田,35.710463,139.7198607
セントラルレジデンス新宿シティタワー,東京都新宿区西新宿７,ＪＲ中央線「大久保」徒歩5分,2001年12月,139800000.0,2LDK,67.05,16.84,東京,新宿,288,13980.0,688,ＪＲ中央線,大久保,35.6963255,139.6975192
コスモ東京ベイタワー,東京都中央区勝どき５-12-4,都営大江戸線「勝どき」徒歩10分,2000年10月,139800000.0,3LDK,77.99,6.6,東京,中央,302,13980.0,592,都営大江戸線,勝どき,35.6554852,139.7707124
パークホームズ豊洲ザレジデンス,東京都江東区豊洲５,東京メトロ有楽町線「豊洲」徒歩5分,2016年10月,139800000.0,2LDK,64.87,10.53,東京,江東,110,13980.0,711,東京メトロ有楽町線,豊洲,35.6505285,139.7965242
スカイフォレストレジデンス,東京都新宿区大久保３,ＪＲ山手線「高田馬場」徒歩7分,2014年12月,139800000.0,2LDK,55.33,6.6,東京,新宿,132,13980.0,834,ＪＲ山手線,高田馬場,35.7066016,139.7045399
ザ・パークハウス戸越公園タワー,東京都品川区戸越５,東急大井町線「戸越公園」徒歩1分,2024年5月,139800000.0,1LDK,48.3,10.54,東京,品川,19,13980.0,955,東急大井町線,戸越公園,35.6102313,139.7160301
ブリリア有明スカイタワー,東京都江東区有明１,新交通ゆりかもめ「有明テニスの森」徒歩6分,2010年12月,139800000.0,3LDK,70.03,12.44,東京,江東,180,13980.0,659,新交通ゆりかもめ,有明テニスの森,35.6403728,139.7869359
プラウドタワー東池袋,東京都豊島区東池袋５,東京メトロ有楽町線「東池袋」徒歩5分,2019年2月,139800000.0,2LDK,60.0,18.13,東京,豊島,82,13980.0,769,東京メトロ有楽町線,東池袋,35.727424,139.7249685
THE TOWERS DAIBA WEST,東京都港区台場２-2-2,新交通ゆりかもめ「お台場海浜公園」徒歩2分,2006年5月,139800000.0,2LDK+S（納戸）,70.26,5.74,東京,港,235,13980.0,657,新交通ゆりかもめ,お台場海浜公園,35.6298408,139.7802649
THE TOYOSU TOWER,東京都江東区豊洲３,東京メトロ有楽町線「豊洲」徒歩5分,2008年10月,139800000.0,2LDK,60.73,11.91,東京,江東,206,13980.0,760,東京メトロ有楽町線,豊洲,35.6585681,139.7965242
ザ・パークハウス　晴海タワーズ　ティアロレジデンス,東京都中央区晴海２,都営大江戸線「勝どき」徒歩13分,2016年5月,139800000.0,2LDK,64.67,11.84,東京,中央,115,13980.0,713,都営大江戸線,勝どき,35.6564518,139.7869359
東京ベイシティタワー 18階,東京都港区芝浦４-16-31,ＪＲ山手線「田町」徒歩13分,2014年9月,139800000.0,2LDK,57.09,6.57,東京,港,135,13980.0,808,ＪＲ山手線,田町,35.6374674,139.7472246
大森プロストシティレジデンス,東京都大田区大森北２,京急本線「大森海岸」徒歩3分,2005年1月,139800000.0,3LDK,83.31,13.5,東京,大田,251,13980.0,554,京急本線,大森海岸,35.5863919,139.7339083
ＴＨＥ　ＴＯＹＯＳＵ　ＴＯＷＥＲ,東京都江東区豊洲３,東京メトロ有楽町線「豊洲」徒歩6分,2008年10月,139800000.0,2LDK,68.16,12.6,東京,江東,206,13980.0,677,東京メトロ有楽町線,豊洲,35.6585681,139.7965242
インプレストタワー芝浦エアレジデンス,東京都港区芝浦２,ＪＲ山手線「田町」徒歩8分,2014年2月,139800000.0,2LDK,55.52,7.89,東京,港,142,13980.0,831,ＪＲ山手線,田町,35.6446055,139.7530694
ウェリスシティ大森タワー,東京都大田区大森北１,ＪＲ京浜東北線「大森」徒歩3分,2008年5月,139800000.0,2LDK,67.51,6.9,東京,大田,211,13980.0,683,ＪＲ京浜東北線,大森,35.5866413,139.7287997
ＴＨＥ　ＴＯＹＯＳＵ　ＴＯＷＥＲ,東京都江東区豊洲３,東京メトロ有楽町線「豊洲」徒歩5分,2008年10月,139800000.0,2LDK,62.55,12.0,東京,江東,206,13980.0,738,東京メトロ有楽町線,豊洲,35.6585681,139.7965242
ＨＡＲＵＭＩ　ＦＬＡＧ　ＳＵＮ　ＶＩＬＬＡＧＥ　Ｔ棟,東京都中央区晴海５,都営大江戸線「勝どき」徒歩14分,2025年9月,139800000.0,2LDK,66.0,17.37,東京,中央,3,13980.0,699,都営大江戸線,勝どき,35.6490356,139.7741538
パークタワー晴海,東京都中央区晴海２,東京メトロ有楽町線「月島」徒歩12分,2019年2月,139800000.0,3LDK,67.82,15.33,東京,中央,82,13980.0,680,東京メトロ有楽町線,月島,35.6564518,139.7869359
インプレストタワー芝浦エアレジデンス,東京都港区芝浦２,ＪＲ山手線「田町」徒歩9分,2014年2月,139800000.0,2LDK,55.52,7.89,東京,港,142,13980.0,831,ＪＲ山手線,田町,35.6446055,139.7530694
フェイバリッチタワー品川,東京都港区港南３,ＪＲ山手線「品川」徒歩14分,2006年10月,139900000.0,2LDK,78.85,15.9,東京,港,230,13990.0,586,ＪＲ山手線,品川,35.633247,139.7505142
ローレルコート新宿タワー,東京都新宿区富久町12-1,東京メトロ丸ノ内線「新宿御苑前」徒歩8分,2002年9月,139990000.0,2LDK,64.39,19.3,東京,新宿,279,13999.0,717,東京メトロ丸ノ内線,新宿御苑前,35.6934999,139.7147533
ＬａｕｒｅｌＣｏｕｒｔ新宿ＴＯＷＥＲ,東京都新宿区富久町,東京メトロ丸ノ内線「新宿御苑前」徒歩8分,2002年9月,139990000.0,3LDK,64.39,19.3,東京,新宿,279,13999.0,717,東京メトロ丸ノ内線,新宿御苑前,35.6934999,139.7147533
ローレルコート新宿タワー,東京都新宿区富久町,東京メトロ丸ノ内線「新宿御苑前」徒歩8分,2002年9月,139990000.0,3LDK,64.39,19.3,東京,新宿,279,13999.0,717,東京メトロ丸ノ内線,新宿御苑前,35.6934999,139.7147533
ローレルコート新宿タワー,東京都新宿区富久町,東京メトロ丸ノ内線「新宿御苑前」徒歩8分,2002年9月,139990000.0,3LDK,64.39,19.3,東京,新宿,279,13999.0,717,東京メトロ丸ノ内線,新宿御苑前,35.6934999,139.7147533
ローレルコート新宿タワー,東京都新宿区富久町,東京メトロ丸ノ内線「新宿御苑前」徒歩8分,2002年9月,139990000.0,2LDK,64.39,19.3,東京,新宿,279,13999.0,717,東京メトロ丸ノ内線,新宿御苑前,35.6934999,139.7147533
シティタワー駒沢大学ステーションコート,東京都世田谷区上馬３-15-13,東急田園都市線「駒沢大学」徒歩1分,2018年11月,140000000.0,2LDK,54.15,11.2,東京,世田谷,85,14000.0,853,東急田園都市線,駒沢大学,35.6335476,139.6623915
シティタワー新宿新都心,東京都新宿区西新宿４-2-15,都営大江戸線「西新宿五丁目」徒歩3分,2005年2月,140000000.0,2LDK,64.1,8.46,東京,新宿,250,14000.0,721,都営大江戸線,西新宿五丁目,35.690235,139.6861123
シティタワー新宿新都心,東京都新宿区西新宿４,都営大江戸線「西新宿五丁目」徒歩3分,2005年2月,140000000.0,2LDK,64.1,8.46,東京,新宿,250,14000.0,721,都営大江戸線,西新宿五丁目,35.6879506,139.6866706
東京ベイシティタワー,東京都港区芝浦４,都営浅草線「泉岳寺」徒歩12分,2014年9月,140000000.0,2LDK,57.09,6.57,東京,港,135,14000.0,809,都営浅草線,泉岳寺,35.6400662,139.7460429
東京ベイシティタワー,東京都港区芝浦４,ＪＲ山手線「田町」徒歩14分,2014年7月,140000000.0,2LDK,57.09,6.57,東京,港,137,14000.0,809,ＪＲ山手線,田町,35.6400662,139.7460429
シティタワーズ東京ベイ　ウエストタワー,東京都江東区有明２,新交通ゆりかもめ「有明」徒歩3分,2019年7月,140000000.0,2LDK,56.17,18.45,東京,江東,77,14000.0,823,新交通ゆりかもめ,有明,35.6388488,139.7946064
シティタワー駒沢大学ステーションコート タワー棟,東京都世田谷区上馬３,東急田園都市線「駒沢大学」徒歩1分,2018年11月,140000000.0,2LDK,54.15,11.2,東京,世田谷,85,14000.0,853,東急田園都市線,駒沢大学,35.6339784,139.6637038
東京ベイシティタワー,東京都港区芝浦４-16-31,ＪＲ山手線「田町」徒歩13分,2014年9月,140000000.0,2LDK,57.09,6.57,東京,港,135,14000.0,809,ＪＲ山手線,田町,35.6374674,139.7472246
東京ベイシティタワー,東京都港区芝浦４,ＪＲ山手線「田町」徒歩13分,2014年9月,140000000.0,2LDK,57.09,6.57,東京,港,135,14000.0,809,ＪＲ山手線,田町,35.6400662,139.7460429
ザ・クレストタワー,東京都中央区佃２,東京メトロ有楽町線「月島」徒歩3分,2004年9月,140000000.0,2LDK,63.45,14.8,東京,中央,255,14000.0,728,東京メトロ有楽町線,月島,35.6682531,139.7862967
ザ・タワー十条,東京都北区上十条２,ＪＲ埼京線「十条」徒歩1分,2024年10月,140000000.0,3LDK,76.73,14.96,東京,北,14,14000.0,602,ＪＲ埼京線,十条,35.7591353,139.7211376
東京ベイシティタワー,東京都港区芝浦４,ＪＲ山手線「田町」徒歩11分,2014年9月,140000000.0,2LDK,57.09,6.57,東京,港,135,14000.0,809,ＪＲ山手線,田町,35.6400662,139.7460429
東京ベイシティタワー,東京都港区芝浦４-16-31,ＪＲ山手線「田町」徒歩13分,2014年9月,140000000.0,2LDK,57.09,6.57,東京,港,135,14000.0,809,ＪＲ山手線,田町,35.6374674,139.7472246
シティタワー駒沢大学ステーションコートタワー棟,東京都世田谷区上馬３,東急田園都市線「駒沢大学」徒歩1分,2018年11月,140000000.0,2LDK,54.15,11.2,東京,世田谷,85,14000.0,853,東急田園都市線,駒沢大学,35.6339784,139.6637038
東京ベイシティタワー,東京都港区芝浦４,ＪＲ山手線「田町」徒歩13分,2014年9月,140000000.0,2LDK,57.09,6.57,東京,港,135,14000.0,809,ＪＲ山手線,田町,35.6400662,139.7460429
シティタワー銀座東,東京都中央区湊２,ＪＲ京葉線「八丁堀」徒歩5分,2019年1月,140000000.0,2LDK,55.1,6.4,東京,中央,83,14000.0,838,ＪＲ京葉線,八丁堀,35.6709568,139.780864
ザ・クレストタワー,東京都中央区佃２-11-6,東京メトロ有楽町線「月島」徒歩3分,2004年9月,140000000.0,1LDK,55.64,12.6,東京,中央,255,14000.0,830,東京メトロ有楽町線,月島,35.6672422,139.7856557
東京ベイシティタワー,東京都港区芝浦４,ＪＲ山手線「田町」徒歩13分,2014年9月,140000000.0,2LDK,57.09,6.57,東京,港,135,14000.0,809,ＪＲ山手線,田町,35.6400662,139.7460429
シティタワー駒澤大学ステーションコートタワー,東京都世田谷区上馬３,東急田園都市線「駒沢大学」徒歩1分,2018年11月,140000000.0,2LDK,54.15,10.8,東京,世田谷,85,14000.0,853,東急田園都市線,駒沢大学,35.6339784,139.6637038
東京ベイシティタワー,東京都港区芝浦４,ＪＲ山手線「田町」徒歩13分,2014年7月,140000000.0,2LDK,57.09,6.57,東京,港,137,14000.0,809,ＪＲ山手線,田町,35.6400662,139.7460429
ザ・クレストタワー,東京都中央区佃２,東京メトロ有楽町線「月島」徒歩3分,2004年9月,140000000.0,1LDK,67.7,12.0,東京,中央,255,14000.0,682,東京メトロ有楽町線,月島,35.6682531,139.7862967
シティタワー新宿新都心,東京都新宿区西新宿４-2-15,都営大江戸線「西新宿五丁目」徒歩3分,2005年2月,140000000.0,2LDK,64.1,8.46,東京,新宿,250,14000.0,721,都営大江戸線,西新宿五丁目,35.690235,139.6861123
ガレリアグランデ,東京都江東区有明１,新交通ゆりかもめ「有明テニスの森」徒歩9分,2006年2月,140000000.0,2LDK,68.12,13.71,東京,江東,238,14000.0,678,新交通ゆりかもめ,有明テニスの森,35.6403728,139.7869359
東京ベイシティタワー,東京都港区芝浦４,ＪＲ山手線「田町」徒歩13分,2014年8月,140000000.0,2LDK,57.09,6.57,東京,港,136,14000.0,809,ＪＲ山手線,田町,35.6400662,139.7460429
シティタワー新宿新都心,東京都新宿区西新宿４,都営大江戸線「西新宿五丁目」徒歩2分,2005年2月,140000000.0,2LDK,64.1,8.46,東京,新宿,250,14000.0,721,都営大江戸線,西新宿五丁目,35.6879506,139.6866706
シティハウス駒沢大学ステーションコートタワー棟,東京都世田谷区上馬３,東急田園都市線「駒沢大学」徒歩1分,2018年11月,140000000.0,2LDK,54.15,11.2,東京,世田谷,85,14000.0,853,東急田園都市線,駒沢大学,35.6339784,139.6637038
シティタワー駒沢大学ステーションコート,東京都世田谷区上馬３,東急田園都市線「駒沢大学」徒歩1分,2018年11月,140000000.0,2LDK,54.15,11.2,東京,世田谷,85,14000.0,853,東急田園都市線,駒沢大学,35.6339784,139.6637038
シティタワー駒沢大学ステーションコート,東京都世田谷区上馬３-15-13,東急田園都市線「駒沢大学」徒歩2分,2018年11月,140000000.0,2LDK,54.15,11.2,東京,世田谷,85,14000.0,853,東急田園都市線,駒沢大学,35.6335476,139.6623915
シティタワー駒沢大学ステーションコートタワー棟,東京都世田谷区上馬３-15-13,東急田園都市線「駒沢大学」徒歩1分,2018年11月,140000000.0,2LDK,54.15,10.8,東京,世田谷,85,14000.0,853,東急田園都市線,駒沢大学,35.6335476,139.6623915
シティタワー駒沢大学　ステーションコート　タワー棟,東京都世田谷区上馬３,東急田園都市線「駒沢大学」徒歩1分,2018年11月,140000000.0,2LDK,54.15,11.2,東京,世田谷,85,14000.0,853,東急田園都市線,駒沢大学,35.6339784,139.6637038
ＤＥＵＸ　ＴＯＵＲＳ　Ｃａｎａｌ＆Ｓｐａ　ＷＥＳＴ,東京都中央区晴海３,都営大江戸線「勝どき」徒歩9分,2015年9月,141000000.0,1LDK,44.67,0.0,東京,中央,123,14100.0,1042,都営大江戸線,勝どき,35.6548467,139.7786272
ザ・タワー十条,東京都北区上十条２,ＪＲ埼京線「十条」徒歩1分,2024年10月,141000000.0,3LDK,66.52,12.98,東京,北,14,14100.0,699,ＪＲ埼京線,十条,35.7591353,139.7211376
シテヌーブ北千住３０A棟,東京都足立区千住曙町,京成本線「京成関屋」徒歩5分,1990年11月,141000000.0,4LDK,141.9,36.37,東京,足立,421,14100.0,328,京成本線,京成関屋,35.7426527,139.8144266
ザ・タワー十条,東京都北区上十条２-２７－１,ＪＲ埼京線「十条」徒歩4分,2024年10月,141000000.0,3LDK,66.52,12.98,東京,北,14,14100.0,699,ＪＲ埼京線,十条,35.7600419,139.7215941
イーストコモンズ清澄白河セントラルタワー,東京都江東区白河４,東京メトロ半蔵門線「清澄白河」徒歩7分,2006年6月,141800000.0,3LDK+S（納戸）,74.54,10.1,東京,江東,234,14180.0,628,東京メトロ半蔵門線,清澄白河,35.682697,139.8080323
シティタワーズ豊洲ザ・ツインサウスタワー,東京都江東区豊洲３,東京メトロ有楽町線「豊洲」徒歩4分,2009年2月,141980000.0,2LDK,67.74,5.68,東京,江東,202,14198.0,692,東京メトロ有楽町線,豊洲,35.6585681,139.7965242
ベイクレストタワー,東京都港区港南３,ＪＲ山手線「品川」徒歩15分,2005年8月,142000000.0,2LDK,72.67,10.2,東京,港,244,14200.0,645,ＪＲ山手線,品川,35.633247,139.7505142
ザ・パークハウス晴海タワーズティアロレジデンス,東京都中央区晴海２,都営大江戸線「勝どき」徒歩13分,2016年3月,142000000.0,3LDK,70.89,13.32,東京,中央,117,14200.0,661,都営大江戸線,勝どき,35.6564518,139.7869359
ＨＡＲＵＭＩ　ＦＬＡＧ　ＰＡＲＫ　ＶＩＬＬＡＧＥ　Ｔ…,東京都中央区晴海５,都営大江戸線「勝どき」徒歩15分,2025年9月,142000000.0,2LDK,55.34,14.4,東京,中央,3,14200.0,847,都営大江戸線,勝どき,35.6490356,139.7741538
品川イーストシティタワー,東京都品川区東品川５,東京モノレール「天王洲アイル」徒歩5分,2018年7月,142000000.0,2LDK,67.44,17.67,東京,品川,89,14200.0,695,東京モノレール,天王洲アイル,35.6211959,139.7562635
品川イーストシティタワー,東京都品川区東品川５-9-6,東京モノレール「天王洲アイル」徒歩5分,2018年7月,142800000.0,2LDK,67.44,16.52,東京,品川,89,14280.0,699,東京モノレール,天王洲アイル,35.6237212,139.7537881
品川イーストシティタワー,東京都品川区東品川５,りんかい線「天王洲アイル」徒歩7分,2018年7月,142800000.0,2LDK,67.44,16.52,東京,品川,89,14280.0,699,りんかい線,天王洲アイル,35.6211959,139.7562635
ザ・パークハウス晴海タワーズ　クロノレジデンス,東京都中央区晴海２,都営大江戸線「勝どき」徒歩12分,2013年11月,142800000.0,2LDK,63.68,11.73,東京,中央,145,14280.0,740,都営大江戸線,勝どき,35.6564518,139.7869359
品川イーストシティタワー,東京都品川区東品川５,東京モノレール「天王洲アイル」徒歩5分,2018年7月,142800000.0,2LDK,67.44,16.52,東京,品川,89,14280.0,699,東京モノレール,天王洲アイル,35.6211959,139.7562635
品川イーストシティタワー,東京都品川区東品川５,東京モノレール「天王洲アイル」徒歩5分,2018年7月,142800000.0,2LDK,67.44,16.52,東京,品川,89,14280.0,699,東京モノレール,天王洲アイル,35.6211959,139.7562635
品川イーストシティタワー　14階,東京都品川区東品川５-9-6,東京モノレール「天王洲アイル」徒歩5分,2018年7月,142800000.0,2LDK,67.44,16.52,東京,品川,89,14280.0,699,東京モノレール,天王洲アイル,35.6237212,139.7537881
品川イーストシティタワー,東京都品川区東品川５,東京モノレール「天王洲アイル」徒歩5分,2018年7月,142800000.0,2LDK,67.44,16.52,東京,品川,89,14280.0,699,東京モノレール,天王洲アイル,35.6211959,139.7562635
【弊社売主】品川イーストシティタワー,東京都品川区東品川５,東京モノレール「天王洲アイル」徒歩5分,2018年7月,142800000.0,2LDK,67.44,16.52,東京,品川,89,14280.0,699,東京モノレール,天王洲アイル,35.6211959,139.7562635
品川イーストシティタワー,東京都品川区東品川５,東京モノレール「天王洲アイル」徒歩5分,2018年7月,142800000.0,2LDK,67.44,16.52,東京,品川,89,14280.0,699,東京モノレール,天王洲アイル,35.6211959,139.7562635
シティタワーズ豊洲ザ・シンボル,東京都江東区豊洲３,東京メトロ有楽町線「豊洲」徒歩6分,2009年12月,143000000.0,3LDK,70.42,5.68,東京,江東,192,14300.0,670,東京メトロ有楽町線,豊洲,35.6585681,139.7965242
パークコート神宮北参道ザタワー,東京都渋谷区千駄ヶ谷４,東京メトロ副都心線「北参道」徒歩1分,2023年1月,143000000.0,1LDK,40.66,6.2,東京,渋谷,35,14300.0,1161,東京メトロ副都心線,北参道,35.6791468,139.709008
ブリリア有明スカイタワー/32階/北西向き/68.2…,東京都江東区有明１,新交通ゆりかもめ「有明テニスの森」徒歩6分,2010年12月,143000000.0,3LDK,68.28,11.87,東京,江東,180,14300.0,691,新交通ゆりかもめ,有明テニスの森,35.6403728,139.7869359
シティタワー新宿新都心,東京都新宿区西新宿４-2-15,都営大江戸線「西新宿五丁目」徒歩5分,2005年2月,143000000.0,2LDK,64.1,8.46,東京,新宿,250,14300.0,736,都営大江戸線,西新宿五丁目,35.690235,139.6861123
シティタワーズ豊洲ザ・ツインサウス,東京都江東区豊洲３,東京メトロ有楽町線「豊洲」徒歩4分,2009年2月,143500000.0,2LDK,71.17,5.68,東京,江東,202,14350.0,665,東京メトロ有楽町線,豊洲,35.6585681,139.7965242
HARUMI FLAG PARK VILLAGE T…,東京都中央区晴海５,都営大江戸線「勝どき」徒歩14分,2025年9月,143800000.0,2LDK,56.41,13.1,東京,中央,3,14380.0,841,都営大江戸線,勝どき,35.6490356,139.7741538
白金ザ・スカイ　9階,東京都港区白金１,東京メトロ南北線「白金高輪」徒歩3分,2023年2月,144000000.0,1LDK,39.54,0.0,東京,港,34,14400.0,1202,東京メトロ南北線,白金高輪,35.6449583,139.7339083
グランドミレーニア,東京都豊島区南池袋１,ＪＲ山手線「池袋」徒歩4分,2015年2月,144000000.0,2LDK,54.84,5.13,東京,豊島,130,14400.0,867,ＪＲ山手線,池袋,35.7275147,139.7109231
HARUMI FLAG SUN VILLAGE T棟,東京都中央区晴海５,都営大江戸線「勝どき」徒歩14分,2025年8月,144800000.0,2LDK,65.3,15.12,東京,中央,4,14480.0,732,都営大江戸線,勝どき,35.6490356,139.7741538
ザ・晴海レジデンス,東京都中央区晴海５,都営大江戸線「勝どき」徒歩11分,2009年3月,144800000.0,2LDK,68.42,11.78,東京,中央,201,14480.0,698,都営大江戸線,勝どき,35.6490356,139.7741538
ゲートシティ大崎サウスパークタワー,東京都品川区大崎１,ＪＲ山手線「大崎」徒歩6分,1998年12月,144800000.0,2LDK,76.82,35.5,東京,品川,324,14480.0,622,ＪＲ山手線,大崎,35.6193109,139.7300768
ＨＡＲＵＭＩ　ＦＬＡＧ　ＳＵＮ　ＶＩＬＬＡＧＥ　Ｔ棟,東京都中央区晴海５,都営大江戸線「勝どき」徒歩14分,2025年8月,144800000.0,2LDK,65.3,15.12,東京,中央,4,14480.0,732,都営大江戸線,勝どき,35.6490356,139.7741538
Ｔｈｅ　Ｐａｒｋ　Ｈｏｕｓｅ　西新宿タワー６０,東京都新宿区西新宿５-5-1,都営大江戸線「西新宿五丁目」徒歩7分,2017年8月,145000000.0,2LDK,57.94,9.95,東京,新宿,100,14500.0,826,都営大江戸線,西新宿五丁目,35.6918758,139.7100852
ザ・タワー十条,東京都北区上十条２,ＪＲ埼京線「十条」徒歩1分,2024年10月,145000000.0,3LDK,77.49,14.96,東京,北,14,14500.0,617,ＪＲ埼京線,十条,35.7591353,139.7211376
Ｔｈｅ　Ｐａｒｋ　Ｈｏｕｓｅ　西新宿タワー６０,東京都新宿区西新宿５,都営大江戸線「西新宿五丁目」徒歩7分,2017年8月,145000000.0,2LDK,57.94,9.95,東京,新宿,100,14500.0,826,都営大江戸線,西新宿五丁目,35.6948318,139.6866706
パークタワー勝どきミッド,東京都中央区勝どき４,都営大江戸線「勝どき」徒歩1分,2023年8月,145000000.0,1LDK,50.01,5.88,東京,中央,28,14500.0,957,都営大江戸線,勝どき,35.6572676,139.7760709
ザ・パークハウス西新宿タワー60,東京都新宿区西新宿５-5-1,都営大江戸線「西新宿五丁目」徒歩7分,2017年7月,145000000.0,2LDK,57.94,15.0,東京,新宿,101,14500.0,826,都営大江戸線,西新宿五丁目,35.6918758,139.7100852
The Park House 西新宿タワー60,東京都新宿区西新宿５,都営大江戸線「西新宿五丁目」徒歩7分,2017年8月,145000000.0,2LDK,57.94,9.95,東京,新宿,100,14500.0,826,都営大江戸線,西新宿五丁目,35.6948318,139.6866706
TheParkHouse西新宿タワー60,東京都新宿区西新宿５,都営大江戸線「西新宿五丁目」徒歩9分,2017年8月,145000000.0,2LDK,57.94,9.95,東京,新宿,100,14500.0,826,都営大江戸線,西新宿五丁目,35.6948318,139.6866706
ザ・パークハウス晴海タワーズクロノレジデンス,東京都中央区晴海２,都営大江戸線「勝どき」徒歩12分,2013年10月,145000000.0,2LDK,66.95,11.73,東京,中央,146,14500.0,715,都営大江戸線,勝どき,35.6564518,139.7869359
パークタワー勝どきミッド,東京都中央区勝どき４,都営大江戸線「勝どき」徒歩1分,2023年8月,145000000.0,1LDK,50.01,5.88,東京,中央,28,14500.0,957,都営大江戸線,勝どき,35.6572676,139.7760709
パークタワー勝どきミッド,東京都中央区勝どき４,都営大江戸線「勝どき」徒歩1分,2023年8月,145000000.0,1LDK,50.01,0.0,東京,中央,28,14500.0,957,都営大江戸線,勝どき,35.6572676,139.7760709
パークタワー勝どきミッド,東京都中央区勝どき４,都営大江戸線「勝どき」徒歩1分,2023年8月,145000000.0,1LDK,50.01,5.88,東京,中央,28,14500.0,957,都営大江戸線,勝どき,35.6572676,139.7760709
芝浦アイランドグローブタワー,東京都港区芝浦４,ＪＲ山手線「田町」徒歩8分,2006年11月,145000000.0,2LDK,64.07,12.2,東京,港,229,14500.0,747,ＪＲ山手線,田町,35.6400662,139.7460429
ザ・パークハウス西新宿タワー60,東京都新宿区西新宿５,都営大江戸線「西新宿五丁目」徒歩7分,2017年8月,145000000.0,2LDK,57.94,9.95,東京,新宿,100,14500.0,826,都営大江戸線,西新宿五丁目,35.6948318,139.6866706
パークタワー勝どきミッド,東京都中央区勝どき４,都営大江戸線「勝どき」徒歩1分,2023年8月,145000000.0,1LDK,50.01,5.88,東京,中央,28,14500.0,957,都営大江戸線,勝どき,35.6572676,139.7760709
芝浦アイランドグローヴタワー,東京都港区芝浦４,ＪＲ山手線「田町」徒歩8分,2007年3月,145000000.0,2LDK,64.07,12.2,東京,港,225,14500.0,747,ＪＲ山手線,田町,35.6400662,139.7460429
ザ・タワー十条,東京都北区上十条２,ＪＲ埼京線「十条」徒歩1分,2024年10月,145000000.0,3LDK,77.49,14.96,東京,北,14,14500.0,617,ＪＲ埼京線,十条,35.7591353,139.7211376
パークタワー勝どきミッド,東京都中央区勝どき４-6-2,都営大江戸線「勝どき」徒歩1分,2023年8月,145000000.0,1LDK,50.01,5.88,東京,中央,28,14500.0,957,都営大江戸線,勝どき,35.6568843,139.7773367
パークタワー勝どきミッド,東京都中央区勝どき４,都営大江戸線「勝どき」徒歩1分,2023年8月,145000000.0,1LDK,50.01,5.88,東京,中央,28,14500.0,957,都営大江戸線,勝どき,35.6572676,139.7760709
東京レジデンス,東京都千代田区飯田橋２,東京メトロ半蔵門線「九段下」徒歩4分,2003年2月,145800000.0,1LDK+S（納戸）,51.61,11.7,東京,千代田,274,14580.0,932,東京メトロ半蔵門線,九段下,35.6990911,139.7508336
パークタワー晴海,東京都中央区晴海２,東京メトロ有楽町線「月島」徒歩12分,2019年2月,145800000.0,3LDK,73.56,16.4,東京,中央,82,14580.0,654,東京メトロ有楽町線,月島,35.6564518,139.7869359
パークホームズ豊洲ザレジデンス,東京都江東区豊洲５,東京メトロ有楽町線「豊洲」徒歩5分,2016年10月,145900000.0,2LDK,64.87,10.53,東京,江東,110,14590.0,742,東京メトロ有楽町線,豊洲,35.6505285,139.7965242
マートルコート恵比寿2000,東京都渋谷区恵比寿１-30-14,ＪＲ山手線「恵比寿」徒歩8分,2000年5月,146000000.0,1LDK,55.97,7.77,東京,渋谷,307,14600.0,861,ＪＲ山手線,恵比寿,35.6473527,139.7169135
勝どきザ・タワー,東京都中央区勝どき５,都営大江戸線「勝どき」徒歩7分,2016年11月,146000000.0,2LDK,17.62,9.79,東京,中央,109,14600.0,2734,都営大江戸線,勝どき,35.657516,139.7709587
ＨＡＲＵＭＩ　ＦＬＡＧ　ＰＡＲＫ　ＶＩＬＬＡＧＥ　Ｔ…,東京都中央区晴海５,都営大江戸線「勝どき」徒歩15分,2025年8月,146800000.0,2LDK,66.31,16.84,東京,中央,4,14680.0,731,都営大江戸線,勝どき,35.6490356,139.7741538
HARUMI FLAG PARK VILLAGE T…,東京都中央区晴海５,都営大江戸線「勝どき」徒歩15分,2025年8月,146800000.0,2LDK,66.31,16.84,東京,中央,4,14680.0,731,都営大江戸線,勝どき,35.6490356,139.7741538
芝浦アイランドケープタワー,東京都港区芝浦４,ＪＲ山手線「田町」徒歩12分,2006年10月,147000000.0,2LDK,64.26,11.94,東京,港,230,14700.0,755,ＪＲ山手線,田町,35.6400662,139.7460429
シティタワー銀座東,東京都中央区湊２,ＪＲ京葉線「八丁堀」徒歩5分,2019年1月,147900000.0,2LDK,55.9,5.68,東京,中央,83,14790.0,873,ＪＲ京葉線,八丁堀,35.6709568,139.780864
芝浦アイランドケープタワー,東京都港区芝浦４,ＪＲ山手線「田町」徒歩12分,2006年10月,148000000.0,2LDK,64.26,11.91,東京,港,230,14800.0,760,ＪＲ山手線,田町,35.6400662,139.7460429
大崎ウエストシティタワーズＷ棟,東京都品川区大崎２,ＪＲ山手線「大崎」徒歩4分,2009年9月,148000000.0,2LDK,60.59,4.5,東京,品川,195,14800.0,806,ＪＲ山手線,大崎,35.6177742,139.7262455
シティタワーズ東京ベイセントラルタワー,東京都江東区有明２,新交通ゆりかもめ「有明」徒歩4分,2019年7月,148000000.0,2LDK,54.24,14.61,東京,江東,77,14800.0,900,新交通ゆりかもめ,有明,35.6388488,139.7946064
芝浦アイランドケープタワー,東京都港区芝浦４,ＪＲ山手線「田町」徒歩12分,2006年10月,148000000.0,2LDK,64.26,11.91,東京,港,230,14800.0,760,ＪＲ山手線,田町,35.6400662,139.7460429
芝浦アイランドケープタワー　43F,東京都港区芝浦４,ＪＲ山手線「田町」徒歩12分,2006年10月,148000000.0,2LDK,64.26,11.91,東京,港,230,14800.0,760,ＪＲ山手線,田町,35.6400662,139.7460429
芝浦アイランドケープタワー,東京都港区芝浦４,ＪＲ山手線「田町」徒歩12分,2006年10月,148000000.0,2LDK,64.26,11.94,東京,港,230,14800.0,760,ＪＲ山手線,田町,35.6400662,139.7460429
芝浦アイランドケープタワー　43階,東京都港区芝浦４-19-1,ＪＲ京浜東北線「田町」徒歩12分,2006年10月,148000000.0,2LDK,64.26,11.94,東京,港,230,14800.0,760,ＪＲ京浜東北線,田町,35.6371197,139.7502277
ブリリアタワーズ目黒　ノースレジデンス,東京都品川区上大崎３,ＪＲ山手線「目黒」徒歩2分,2017年9月,148000000.0,1LDK,40.13,5.32,東京,品川,99,14800.0,1217,ＪＲ山手線,目黒,35.631922,139.7185838
芝浦アイランドケープタワー,東京都港区芝浦４,ＪＲ山手線「田町」徒歩12分,2006年10月,148000000.0,2LDK,64.26,11.94,東京,港,230,14800.0,760,ＪＲ山手線,田町,35.6400662,139.7460429
シティタワー上野池之端,東京都台東区池之端２,東京メトロ千代田線「根津」徒歩5分,2013年2月,148000000.0,2LDK,55.95,6.0,東京,台東,154,14800.0,873,東京メトロ千代田線,根津,35.7145177,139.7671248
ザ・パークハウス西新宿タワー６０,東京都新宿区西新宿５,都営大江戸線「西新宿五丁目」徒歩7分,2017年8月,148000000.0,2LDK,57.94,9.95,東京,新宿,100,14800.0,843,都営大江戸線,西新宿五丁目,35.6948318,139.6866706
THE　TOYOSU　TOWER,東京都江東区豊洲３-６,東京メトロ有楽町線「豊洲」徒歩6分,2008年10月,148000000.0,2LDK,70.86,14.22,東京,江東,206,14800.0,689,東京メトロ有楽町線,豊洲,35.657649,139.797675
アーバンドック　パークシティ豊洲　タワーＡ,東京都江東区豊洲２,東京メトロ有楽町線「豊洲」徒歩6分,2008年2月,148000000.0,3LDK,70.55,17.6,東京,江東,214,14800.0,692,東京メトロ有楽町線,豊洲,35.6553723,139.7914102
ブリリア有明シティタワー,東京都江東区有明１,新交通ゆりかもめ「有明テニスの森」徒歩9分,2014年12月,148000000.0,3LDK,70.63,15.0,東京,江東,132,14800.0,691,新交通ゆりかもめ,有明テニスの森,35.6403728,139.7869359
シティタワー上野池之端,東京都台東区池之端１,東京メトロ千代田線「湯島」徒歩5分,2013年2月,148000000.0,2LDK,55.95,6.0,東京,台東,154,14800.0,873,東京メトロ千代田線,湯島,35.7097691,139.7674443
シティタワーズ東京ベイ　セントラルタワー,東京都江東区有明２,新交通ゆりかもめ「有明」徒歩4分,2019年7月,148000000.0,2LDK,54.24,14.61,東京,江東,77,14800.0,900,新交通ゆりかもめ,有明,35.6388488,139.7946064
パークコート渋谷ザ・タワー,東京都渋谷区宇田川町,ＪＲ山手線「渋谷」徒歩10分,2020年7月,148000000.0,1LDK,40.9,7.86,東京,渋谷,65,14800.0,1194,ＪＲ山手線,渋谷,35.661594,139.6981574
シティタワーズ東京ベイ  セントラルタワー,東京都江東区有明２,新交通ゆりかもめ「有明」徒歩5分,2019年7月,148000000.0,2LDK,54.24,14.61,東京,江東,77,14800.0,900,新交通ゆりかもめ,有明,35.6388488,139.7946064
品川イーストシティタワー,東京都品川区東品川５,東京モノレール「天王洲アイル」徒歩5分,2018年7月,148000000.0,2LDK,67.44,17.14,東京,品川,89,14800.0,724,東京モノレール,天王洲アイル,35.6211959,139.7562635
勝どきビュータワー,東京都中央区勝どき１,都営大江戸線「勝どき」徒歩1分,2010年11月,148000000.0,2LDK,54.68,8.8,東京,中央,181,14800.0,893,都営大江戸線,勝どき,35.6607124,139.7760709
ステーションツインタワーズ糀谷フロント・ウエスト,東京都大田区西糀谷４,京急空港線「糀谷」徒歩3分,2016年12月,148000000.0,3LDK,81.02,32.6,東京,大田,108,14800.0,603,京急空港線,糀谷,35.5549841,139.7300768
シティタワー上野池之端,東京都台東区池之端２,東京メトロ千代田線「根津」徒歩5分,2013年2月,148000000.0,2LDK,55.95,6.0,東京,台東,154,14800.0,873,東京メトロ千代田線,根津,35.7145177,139.7671248
シティタワーズ東京ベイセントラルタワー,東京都江東区有明２,りんかい線「国際展示場」徒歩6分,2019年7月,148000000.0,2LDK,54.24,14.61,東京,江東,77,14800.0,900,りんかい線,国際展示場,35.6388488,139.7946064
エルアージュ小石川,東京都文京区小石川１-17-1,都営三田線「春日」徒歩5分,2000年11月,148800000.0,1LDK,68.51,10.7,東京,文京,301,14880.0,717,都営三田線,春日,35.7141303,139.7512787
エルアージュ小石川,東京都文京区小石川１,都営三田線「春日」徒歩5分,2000年11月,148800000.0,2LDK,65.81,10.7,東京,文京,301,14880.0,746,都営三田線,春日,35.7122246,139.7521112
勝どきザ・タワー,東京都中央区勝どき５,都営大江戸線「勝どき」徒歩7分,2016年11月,148800000.0,1LDK+S（納戸）,58.98,5.91,東京,中央,109,14880.0,833,都営大江戸線,勝どき,35.657516,139.7709587
品川イーストシティタワー,東京都品川区東品川５,東京モノレール「天王洲アイル」徒歩5分,2018年7月,148800000.0,2LDK,67.44,16.52,東京,品川,89,14880.0,728,東京モノレール,天王洲アイル,35.6211959,139.7562635
ラプラースウエスト,東京都品川区西五反田６,都営浅草線「戸越」徒歩6分,2004年9月,148900000.0,3LDK,82.37,12.28,東京,品川,255,14890.0,597,都営浅草線,戸越,35.6217129,139.7160301
パークタワー上野池之端,東京都台東区池之端２,東京メトロ千代田線「湯島」徒歩7分,2010年7月,149000000.0,2LDK,60.64,10.87,東京,台東,185,14900.0,811,東京メトロ千代田線,湯島,35.7145177,139.7671248
パークタワー上野池之端,東京都台東区池之端２,東京メトロ千代田線「湯島」徒歩7分,2010年7月,149000000.0,2LDK,60.64,10.87,東京,台東,185,14900.0,811,東京メトロ千代田線,湯島,35.7145177,139.7671248
パークタワー上野池之端,東京都台東区池之端２,東京メトロ千代田線「湯島」徒歩7分,2010年7月,149000000.0,2LDK,60.64,10.87,東京,台東,185,14900.0,811,東京メトロ千代田線,湯島,35.7145177,139.7671248
ザ・パークハウス西麻布レジデンス,東京都港区西麻布４,東京メトロ日比谷線「広尾」徒歩6分,2014年5月,149000000.0,1LDK,43.19,4.57,東京,港,139,14900.0,1138,東京メトロ日比谷線,広尾,35.6581991,139.7211376
パークタワー上野池之端,東京都台東区池之端２,東京メトロ千代田線「湯島」徒歩7分,2010年7月,149000000.0,2LDK,60.64,10.87,東京,台東,185,14900.0,811,東京メトロ千代田線,湯島,35.7145177,139.7671248
ザ・パークハウス晴海タワーズ　クロノレジデンス,東京都中央区晴海２,都営大江戸線「勝どき」徒歩12分,2013年10月,149000000.0,2LDK,65.51,11.73,東京,中央,146,14900.0,751,都営大江戸線,勝どき,35.6564518,139.7869359
品川イーストシティタワー,東京都品川区東品川５,東京モノレール「天王洲アイル」徒歩5分,2018年7月,149000000.0,2LDK,70.18,25.36,東京,品川,89,14900.0,701,東京モノレール,天王洲アイル,35.6211959,139.7562635
シティタワー大井町,東京都品川区大井１,ＪＲ京浜東北線「大井町」徒歩5分,2019年8月,149000000.0,1LDK,52.28,15.8,東京,品川,76,14900.0,941,ＪＲ京浜東北線,大井町,35.6065548,139.7326311
パークタワー上野池之端,東京都台東区池之端２-1-1,東京メトロ千代田線「湯島」徒歩7分,2010年9月,149000000.0,2LDK,60.64,10.87,東京,台東,183,14900.0,811,東京メトロ千代田線,湯島,35.71269100000001,139.7682031
晴海アイランドトリトンスクエアビュータワー,東京都中央区晴海１-6-1,東京メトロ有楽町線「月島」徒歩6分,1998年2月,149800000.0,3LDK,84.45,14.79,東京,中央,334,14980.0,585,東京メトロ有楽町線,月島,35.6590853,139.7840305
ザ・タワー十条,東京都北区上十条２,ＪＲ埼京線「十条」徒歩1分,2024年10月,149800000.0,2LDK,74.91,15.35,東京,北,14,14980.0,660,ＪＲ埼京線,十条,35.7591353,139.7211376
ザ・クレストタワー,東京都中央区佃２,都営大江戸線「月島」徒歩3分,2004年9月,149800000.0,2LDK,64.01,13.6,東京,中央,255,14980.0,772,都営大江戸線,月島,35.6682531,139.7862967
アーバンドック　パークシティ豊洲　タワーＡ,東京都江東区豊洲２,東京メトロ有楽町線「豊洲」徒歩6分,2008年2月,149800000.0,2LDK,73.46,31.2,東京,江東,214,14980.0,673,東京メトロ有楽町線,豊洲,35.6553723,139.7914102
浅草タワー,東京都台東区西浅草３,つくばエクスプレス「浅草」徒歩5分,2012年2月,149800000.0,2LDK+S（納戸）,65.09,12.19,東京,台東,166,14980.0,759,つくばエクスプレス,浅草,35.7162192,139.7914102
ザ・タワー十条,東京都北区上十条２,ＪＲ埼京線「十条」徒歩1分,2024年10月,149800000.0,2LDK,74.91,15.35,東京,北,14,14980.0,660,ＪＲ埼京線,十条,35.7591353,139.7211376
キャナルファーストタワー,東京都江東区東雲１,東京メトロ有楽町線「辰巳」徒歩9分,2008年1月,149800000.0,2LDK,81.29,20.7,東京,江東,215,14980.0,608,東京メトロ有楽町線,辰巳,35.6465138,139.802278
THE TOKYO TOWERS SEA TOWER,東京都中央区勝どき６,都営大江戸線「勝どき」徒歩8分,2008年1月,149800000.0,2LDK,70.16,12.85,東京,中央,215,14980.0,705,都営大江戸線,勝どき,35.6550953,139.7735148
Ｂｒｉｌｌｉａ　Ｔｏｗｅｒ池袋Ｗｅｓｔ,東京都豊島区池袋３,東京メトロ副都心線「池袋」徒歩5分,2024年1月,149800000.0,2LDK,59.47,14.55,東京,豊島,23,14980.0,831,東京メトロ副都心線,池袋,35.7364147,139.7045399
ソプラタワー,東京都目黒区青葉台３-7-17,東急田園都市線「池尻大橋」徒歩8分,1999年3月,149800000.0,1LDK+S（納戸）,66.54,8.84,東京,目黒,321,14980.0,743,東急田園都市線,池尻大橋,35.6517675,139.6900033
東京レジデンス,東京都千代田区飯田橋２,東京メトロ半蔵門線「九段下」徒歩4分,2003年2月,149800000.0,1LDK,51.13,11.3,東京,千代田,274,14980.0,967,東京メトロ半蔵門線,九段下,35.6990911,139.7508336
パークコート神宮北参道ザタワー,東京都渋谷区千駄ヶ谷４,東京メトロ副都心線「北参道」徒歩1分,2023年2月,149800000.0,1LDK,40.66,6.2,東京,渋谷,34,14980.0,1216,東京メトロ副都心線,北参道,35.6791468,139.709008
大森プロストシティレジデンス,東京都大田区大森北２,ＪＲ京浜東北線「大森」徒歩8分,2005年1月,149800000.0,3LDK,109.65,26.47,東京,大田,251,14980.0,451,ＪＲ京浜東北線,大森,35.5863919,139.7339083
クラッシィタワー東中野,東京都中野区東中野４,都営大江戸線「東中野」徒歩1分,2015年1月,149800000.0,2LDK,60.17,15.32,東京,中野,131,14980.0,822,都営大江戸線,東中野,35.7092259,139.6853944
アウルタワー,東京都豊島区東池袋４,東京メトロ有楽町線「東池袋」徒歩2分,2011年1月,149800000.0,2LDK,57.89,13.7,東京,豊島,179,14980.0,854,東京メトロ有楽町線,東池袋,35.727032,139.7211376
ブリリアタワー有明ミッドクロス,東京都江東区有明１,新交通ゆりかもめ「お台場海浜公園」徒歩9分,2021年6月,149800000.0,2LDK,73.53,22.66,東京,江東,54,14980.0,672,新交通ゆりかもめ,お台場海浜公園,35.6403728,139.7869359
グランドミレーニア,東京都豊島区南池袋１,ＪＲ山手線「池袋」徒歩4分,2015年2月,149800000.0,2LDK,56.13,4.17,東京,豊島,130,14980.0,881,ＪＲ山手線,池袋,35.7275147,139.7109231
シティタワーズ豊洲ザ・シンボル,東京都江東区豊洲３,東京メトロ有楽町線「豊洲」徒歩10分,2009年12月,149800000.0,2LDK,67.17,5.68,東京,江東,192,14980.0,736,東京メトロ有楽町線,豊洲,35.6585681,139.7965242
ワールドシティタワーズ　ブリーズタワー,東京都港区港南４,東京モノレール「天王洲アイル」徒歩9分,2006年10月,149800000.0,1LDK,47.2,5.3,東京,港,230,14980.0,1047,東京モノレール,天王洲アイル,35.6273113,139.7485979
浅草タワー,東京都台東区西浅草３,つくばエクスプレス「浅草」徒歩5分,2012年2月,149900000.0,2LDK+S（納戸）,75.76,13.91,東京,台東,166,14990.0,653,つくばエクスプレス,浅草,35.7162192,139.7914102
シティタワーズ豊洲ザツインノースタワー,東京都江東区豊洲３,東京メトロ有楽町線「豊洲」徒歩5分,2009年2月,149900000.0,2LDK,70.99,5.68,東京,江東,202,14990.0,697,東京メトロ有楽町線,豊洲,35.6585681,139.7965242
浅草タワー,東京都台東区西浅草３,つくばエクスプレス「浅草」徒歩3分,2012年2月,149900000.0,2LDK+S（納戸）,75.76,13.91,東京,台東,166,14990.0,653,つくばエクスプレス,浅草,35.7162192,139.7914102
シティタワー銀座東,東京都中央区湊２,ＪＲ京葉線「八丁堀」徒歩5分,2019年1月,149900000.0,1LDK,45.65,10.36,東京,中央,83,14990.0,1084,ＪＲ京葉線,八丁堀,35.6709568,139.780864
シティタワーズ豊洲ザ・ツイン　ノースタワー,東京都江東区豊洲３,東京メトロ有楽町線「豊洲」徒歩5分,2009年2月,149900000.0,2LDK,70.99,5.68,東京,江東,202,14990.0,697,東京メトロ有楽町線,豊洲,35.6585681,139.7965242
パークタワー滝野川,東京都北区滝野川６-21-1,都営三田線「西巣鴨」徒歩3分,2013年11月,150000000.0,2LDK,68.44,12.94,東京,北,145,15000.0,723,都営三田線,西巣鴨,35.7454154,139.7262689
HARUMI FLAG SUN VILLAGE,東京都中央区晴海５,都営大江戸線「勝どき」徒歩18分,2025年8月,150000000.0,1LDK,49.38,11.27,東京,中央,4,15000.0,1002,都営大江戸線,勝どき,35.6490356,139.7741538
パ一クタワ一滝野川 22階,東京都北区滝野川６,都営三田線「西巣鴨」徒歩3分,2013年11月,150000000.0,2LDK,68.44,12.94,東京,北,145,15000.0,723,都営三田線,西巣鴨,35.7452578,139.7236915
パークタワー滝野川,東京都北区滝野川６,都営三田線「西巣鴨」徒歩3分,2013年11月,150000000.0,2LDK,68.44,12.94,東京,北,145,15000.0,723,都営三田線,西巣鴨,35.7452578,139.7236915
パークタワー滝野川,東京都北区滝野川６-21-1,都営三田線「西巣鴨」徒歩3分,2013年11月,150000000.0,2LDK,68.44,12.94,東京,北,145,15000.0,723,都営三田線,西巣鴨,35.7454154,139.7262689
パークタワー滝野川,東京都北区滝野川６,都営三田線「西巣鴨」徒歩3分,2013年11月,150000000.0,2LDK,68.44,12.94,東京,北,145,15000.0,723,都営三田線,西巣鴨,35.7452578,139.7236915
パークタワー滝野川,東京都北区滝野川６,都営三田線「西巣鴨」徒歩3分,2013年11月,150000000.0,2LDK,68.44,0.0,東京,北,145,15000.0,723,都営三田線,西巣鴨,35.7452578,139.7236915
ブリリアマーレ有明　（BrilliaMare有明）　…,東京都江東区有明１-4-11,新交通ゆりかもめ「有明テニスの森」徒歩5分,2008年10月,150000000.0,3LDK,71.36,12.25,東京,江東,206,15000.0,694,新交通ゆりかもめ,有明テニスの森,35.63575,139.785878
～パークタワー滝野川 ～,東京都北区滝野川６,都営三田線「西巣鴨」徒歩3分,2013年11月,150000000.0,2LDK,68.44,12.94,東京,北,145,15000.0,723,都営三田線,西巣鴨,35.7452578,139.7236915
パークタワー滝野川,東京都北区滝野川６-２１－１,都営三田線「西巣鴨」徒歩3分,2013年11月,150000000.0,2LDK,68.44,12.94,東京,北,145,15000.0,723,都営三田線,西巣鴨,35.7454154,139.7262689
パークタワー滝野川,東京都北区滝野川６,都営三田線「西巣鴨」徒歩3分,2013年11月,150000000.0,2LDK,68.44,12.94,東京,北,145,15000.0,723,都営三田線,西巣鴨,35.7452578,139.7236915
シティタワー有明,東京都江東区有明１,新交通ゆりかもめ「有明テニスの森」徒歩9分,2009年12月,150000000.0,2LDK,84.63,5.97,東京,江東,192,15000.0,585,新交通ゆりかもめ,有明テニスの森,35.6403728,139.7869359
ドゥトゥール　 WEST,東京都中央区晴海３,都営大江戸線「勝どき」徒歩5分,2015年10月,150000000.0,2LDK,57.49,6.1,東京,中央,122,15000.0,861,都営大江戸線,勝どき,35.6548467,139.7786272
ワールドシティタワーズ　キャピタルタワー,東京都港区港南４,ＪＲ山手線「品川」徒歩15分,2006年10月,150000000.0,3LDK+S（納戸）,80.49,5.9,東京,港,230,15000.0,615,ＪＲ山手線,品川,35.6273113,139.7485979
パークタワー滝野川,東京都北区滝野川６,都営三田線「西巣鴨」徒歩3分,2013年11月,150000000.0,2LDK,68.44,12.94,東京,北,145,15000.0,723,都営三田線,西巣鴨,35.7452578,139.7236915
パークタワー滝野川,東京都北区滝野川６,都営三田線「西巣鴨」徒歩3分,2013年11月,150000000.0,2LDK,68.44,12.94,東京,北,145,15000.0,723,都営三田線,西巣鴨,35.7452578,139.7236915
パークタワー滝野川,東京都北区滝野川６,都営三田線「西巣鴨」徒歩5分,2013年11月,150000000.0,2LDK,68.44,12.94,東京,北,145,15000.0,723,都営三田線,西巣鴨,35.7452578,139.7236915
ガレリアグランデ,東京都江東区有明１,新交通ゆりかもめ「有明テニスの森」徒歩10分,2006年2月,150000000.0,2LDK,82.46,11.0,東京,江東,238,15000.0,600,新交通ゆりかもめ,有明テニスの森,35.6403728,139.7869359
パークタワー滝野川,東京都北区滝野川６,都営三田線「西巣鴨」徒歩3分,2013年11月,150000000.0,2LDK,68.44,12.94,東京,北,145,15000.0,723,都営三田線,西巣鴨,35.7452578,139.7236915
パークタワー滝野川,東京都北区滝野川６,都営三田線「西巣鴨」徒歩3分,2013年11月,150000000.0,2LDK,68.44,12.94,東京,北,145,15000.0,723,都営三田線,西巣鴨,35.7452578,139.7236915
芝浦アイランドケープタワー,東京都港区芝浦４,ＪＲ山手線「田町」徒歩14分,2006年10月,152000000.0,1LDK+S（納戸）,67.74,19.74,東京,港,230,15200.0,740,ＪＲ山手線,田町,35.6400662,139.7460429
パークタワー晴海,東京都中央区晴海２,東京メトロ有楽町線「月島」徒歩12分,2019年2月,152000000.0,3LDK,72.94,16.59,東京,中央,82,15200.0,688,東京メトロ有楽町線,月島,35.6564518,139.7869359
パークタワー晴海,東京都中央区晴海２,東京メトロ有楽町線「月島」徒歩12分,2019年2月,152800000.0,3LDK,71.8,17.09,東京,中央,82,15280.0,702,東京メトロ有楽町線,月島,35.6564518,139.7869359
ザ・タワー十条,東京都北区上十条２,ＪＲ埼京線「十条」徒歩1分,2024年10月,152800000.0,3LDK,76.73,14.96,東京,北,14,15280.0,657,ＪＲ埼京線,十条,35.7591353,139.7211376
ザ・タワー十条,東京都北区上十条２-２７１,ＪＲ埼京線「十条」徒歩1分,2024年10月,152800000.0,3LDK,76.73,0.0,東京,北,14,15280.0,657,ＪＲ埼京線,十条,35.7575148,139.722168
ザ・タワー十条,東京都北区上十条２,ＪＲ埼京線「十条」徒歩1分,2024年9月,152800000.0,3LDK,76.73,14.96,東京,北,15,15280.0,657,ＪＲ埼京線,十条,35.7591353,139.7211376
センチュリーパークタワー,東京都中央区佃２,東京メトロ有楽町線「月島」徒歩9分,1999年1月,152800000.0,2LDK,70.91,12.82,東京,中央,323,15280.0,711,東京メトロ有楽町線,月島,35.6682531,139.7862967
パークタワー勝どきミッド,東京都中央区勝どき４,都営大江戸線「勝どき」徒歩1分,2023年8月,152900000.0,1LDK,50.13,5.27,東京,中央,28,15290.0,1007,都営大江戸線,勝どき,35.6572676,139.7760709
ザ・パークハウス西新宿タワー60,東京都新宿区西新宿５,都営大江戸線「西新宿五丁目」徒歩6分,2017年8月,153000000.0,2LDK,56.39,8.99,東京,新宿,100,15300.0,895,都営大江戸線,西新宿五丁目,35.6948318,139.6866706
クラッシィタワー新宿御苑,東京都新宿区四谷４,東京メトロ丸ノ内線「新宿御苑前」徒歩4分,2024年10月,153000000.0,1LDK,43.9,6.46,東京,新宿,14,15300.0,1150,東京メトロ丸ノ内線,新宿御苑前,35.6894241,139.7160301
ドゥ・トゥール　ＷＥＳＴ,東京都中央区晴海３,都営大江戸線「勝どき」徒歩5分,2015年10月,153800000.0,2LDK,58.06,6.77,東京,中央,122,15380.0,874,都営大江戸線,勝どき,35.6548467,139.7786272
勝どきビュータワー,東京都中央区勝どき１-8-1,都営大江戸線「勝どき」徒歩1分,2010年11月,154000000.0,2LDK,58.8,8.8,東京,中央,181,15400.0,864,都営大江戸線,勝どき,35.6599586,139.7775156
芝浦アイランド　ケープタワー,東京都港区芝浦４,ＪＲ山手線「田町」徒歩14分,2006年10月,154000000.0,2LDK,71.38,11.76,東京,港,230,15400.0,712,ＪＲ山手線,田町,35.6400662,139.7460429
THE　TOYOSU　TOWER,東京都江東区豊洲３,東京メトロ有楽町線「豊洲」徒歩6分,2008年10月,154800000.0,2LDK,67.42,12.6,東京,江東,206,15480.0,758,東京メトロ有楽町線,豊洲,35.6585681,139.7965242
ザ・パークハウス晴海タワーズクロノレジデンス,東京都中央区晴海２,都営大江戸線「勝どき」徒歩11分,2013年10月,154800000.0,3LDK,74.47,14.21,東京,中央,146,15480.0,686,都営大江戸線,勝どき,35.6564518,139.7869359
パークタワー晴海,東京都中央区晴海２,東京メトロ有楽町線「月島」徒歩12分,2019年2月,154800000.0,3LDK,73.56,16.4,東京,中央,82,15480.0,694,東京メトロ有楽町線,月島,35.6564518,139.7869359
ＴＨＥ　ＴＯＫＹＯ　ＴＯＷＥＲＳ　ＳＥＡ　ＴＯＷＥＲ,東京都中央区勝どき６,都営大江戸線「勝どき」徒歩8分,2008年1月,154800000.0,2LDK,73.94,5.94,東京,中央,215,15480.0,691,都営大江戸線,勝どき,35.6550953,139.7735148
パークタワー芝浦ベイワードオーシャンウイング,東京都港区芝浦２,ＪＲ山手線「田町」徒歩9分,2005年5月,154800000.0,2LDK,65.44,8.68,東京,港,247,15480.0,781,ＪＲ山手線,田町,35.6446055,139.7530694
ベイサイドタワー晴海,東京都中央区晴海３-16-1,都営大江戸線「勝どき」徒歩7分,2015年9月,154800000.0,3LDK,66.24,5.02,東京,中央,123,15480.0,771,都営大江戸線,勝どき,35.6540045,139.7778683
晴海アイランドトリトンスクエアビュータワー,東京都中央区晴海１,都営大江戸線「月島」徒歩6分,1998年2月,154800000.0,3LDK,84.45,14.79,東京,中央,334,15480.0,605,都営大江戸線,月島,35.6597032,139.7850184
ワールドシティタワーズ　アクアタワー,東京都港区港南４,ＪＲ山手線「品川」徒歩15分,2005年10月,154800000.0,3LDK,80.33,6.28,東京,港,242,15480.0,636,ＪＲ山手線,品川,35.6273113,139.7485979
ワールドシティタワーズアクアタワー,東京都港区港南４,ＪＲ山手線「品川」徒歩15分,2005年10月,154800000.0,3LDK,80.33,6.28,東京,港,242,15480.0,636,ＪＲ山手線,品川,35.6273113,139.7485979
晴海アイランドトリトンスクエアビュータワー1号棟,東京都中央区晴海１,都営大江戸線「月島」徒歩6分,1998年2月,154800000.0,3LDK,84.45,14.79,東京,中央,334,15480.0,605,都営大江戸線,月島,35.6597032,139.7850184
ベイズタワー＆ガーデン,東京都江東区豊洲６,新交通ゆりかもめ「新豊洲」徒歩6分,2016年6月,154900000.0,2LDK,79.66,17.42,東京,江東,114,15490.0,642,新交通ゆりかもめ,新豊洲,35.6456038,139.7856575
ル・サンク大崎ウィズタワー,東京都品川区大崎２,ＪＲ山手線「大崎」徒歩4分,2014年1月,154900000.0,2LDK,62.13,5.93,東京,品川,143,15490.0,823,ＪＲ山手線,大崎,35.6177742,139.7262455
エアライズタワー,東京都豊島区東池袋４-5-1,東京メトロ有楽町線「東池袋」徒歩1分,2007年1月,154990000.0,2LDK,55.34,9.51,東京,豊島,227,15499.0,924,東京メトロ有楽町線,東池袋,35.7260558,139.7189529
ザ・パークハウス新宿タワー,東京都新宿区北新宿２-21-2,東京メトロ丸ノ内線「西新宿」徒歩6分,2012年1月,154990000.0,2LDK,57.7,6.66,東京,新宿,167,15499.0,886,東京メトロ丸ノ内線,西新宿,35.6961352,139.6886647
TheParkHouse新宿Tower,東京都新宿区北新宿２,東京メトロ丸ノ内線「西新宿」徒歩6分,2012年1月,154990000.0,2LDK,57.7,6.66,東京,新宿,167,15499.0,886,東京メトロ丸ノ内線,西新宿,35.6981516,139.689223
エアライズタワー,東京都豊島区東池袋４,東京メトロ有楽町線「東池袋」徒歩1分,2007年1月,154990000.0,2LDK,55.34,9.51,東京,豊島,227,15499.0,924,東京メトロ有楽町線,東池袋,35.727032,139.7211376
エアライズタワー,東京都豊島区東池袋４,東京メトロ有楽町線「東池袋」徒歩1分,2007年1月,154990000.0,2LDK,55.34,9.51,東京,豊島,227,15499.0,924,東京メトロ有楽町線,東池袋,35.727032,139.7211376
エアライズタワー,東京都豊島区東池袋４,東京メトロ有楽町線「東池袋」徒歩1分,2007年1月,154990000.0,2LDK,55.34,9.51,東京,豊島,227,15499.0,924,東京メトロ有楽町線,東池袋,35.727032,139.7211376
ザ・パークハウス　新宿タワー,東京都新宿区北新宿２,東京メトロ丸ノ内線「西新宿」徒歩6分,2012年1月,154990000.0,2LDK,57.7,6.66,東京,新宿,167,15499.0,886,東京メトロ丸ノ内線,西新宿,35.6981516,139.689223
ザ・パークハウス 新宿タワー,東京都新宿区北新宿２,東京メトロ丸ノ内線「西新宿」徒歩6分,2012年1月,154990000.0,2LDK,57.7,6.66,東京,新宿,167,15499.0,886,東京メトロ丸ノ内線,西新宿,35.6981516,139.689223
ザ・パークハウス新宿タワー,東京都新宿区北新宿２,東京メトロ丸ノ内線「西新宿」徒歩6分,2012年1月,154990000.0,2LDK,57.7,6.66,東京,新宿,167,15499.0,886,東京メトロ丸ノ内線,西新宿,35.6981516,139.689223
ザ・パークハウス戸越公園タワー,東京都品川区戸越５,東急大井町線「戸越公園」徒歩1分,2024年5月,155000000.0,2LDK,55.34,10.74,東京,品川,19,15500.0,924,東急大井町線,戸越公園,35.6102313,139.7160301
TOKYO SEA SOUTH ブランファーレ,東京都港区港南４-23番1,東京モノレール「天王洲アイル」徒歩10分,2004年6月,155000000.0,2LDK,72.28,8.76,東京,港,258,15500.0,708,東京モノレール,天王洲アイル,35.6273113,139.7485979
プラウドタワー東雲キャナルコート,東京都江東区東雲１,東京メトロ有楽町線「豊洲」徒歩11分,2012年12月,155000000.0,3LDK,87.42,19.29,東京,江東,156,15500.0,585,東京メトロ有楽町線,豊洲,35.6465138,139.802278
ブリリア有明スカイタワー　9階/82.63㎡/2LD…,東京都江東区有明１,新交通ゆりかもめ「有明テニスの森」徒歩6分,2010年12月,155000000.0,2LDK+S（納戸）,82.63,17.24,東京,江東,180,15500.0,619,新交通ゆりかもめ,有明テニスの森,35.6403728,139.7869359
パークタワー芝浦ベイワードオーシャンウィング,東京都港区芝浦２-7-11,ＪＲ山手線「田町」徒歩8分,2005年5月,155000000.0,2LDK+S（納戸）,71.64,25.06,東京,港,247,15500.0,714,ＪＲ山手線,田町,35.6438969,139.7539068
ワールドシティタワーズ　アクアタワー,東京都港区港南４,ＪＲ山手線「品川」徒歩15分,2005年10月,155000000.0,2LDK,69.23,6.12,東京,港,242,15500.0,739,ＪＲ山手線,品川,35.6273113,139.7485979
ザ・パークハウス晴海タワーズティアロレジデンス,東京都中央区晴海２,東京メトロ有楽町線「月島」徒歩13分,2016年3月,155000000.0,2LDK,73.45,11.84,東京,中央,117,15500.0,696,東京メトロ有楽町線,月島,35.6564518,139.7869359
パークタワー晴海,東京都中央区晴海２,東京メトロ有楽町線「月島」徒歩12分,2019年2月,155000000.0,2LDK,63.1,13.06,東京,中央,82,15500.0,811,東京メトロ有楽町線,月島,35.6564518,139.7869359
パークタワー東京フロント,東京都大田区蒲田４-19-5,京急本線「京急蒲田」徒歩2分,2004年1月,156000000.0,2LDK,83.35,24.13,東京,大田,263,15600.0,618,京急本線,京急蒲田,35.5611817,139.7214577
パークタワー東京フロント,東京都大田区蒲田４-19-5,京急本線「京急蒲田」徒歩2分,2004年11月,156000000.0,2LDK,83.35,24.13,東京,大田,253,15600.0,618,京急本線,京急蒲田,35.5611817,139.7214577
パークタワー東京フロント,東京都大田区蒲田４,京急本線「京急蒲田」徒歩2分,2004年1月,156000000.0,2LDK,83.35,24.13,東京,大田,263,15600.0,618,京急本線,京急蒲田,35.5605931,139.7211376
パークタワー東京フロント,東京都大田区蒲田４-19-5,京急本線「京急蒲田」徒歩2分,2004年1月,156000000.0,2LDK,83.35,24.13,東京,大田,263,15600.0,618,京急本線,京急蒲田,35.5611817,139.7214577
パークタワー東京フロント,東京都大田区蒲田４,京急本線「京急蒲田」徒歩2分,2004年1月,156000000.0,2LDK,83.35,24.13,東京,大田,263,15600.0,618,京急本線,京急蒲田,35.5605931,139.7211376
パークタワー東京フロント,東京都大田区蒲田４,京急本線「京急蒲田」徒歩2分,2004年1月,156000000.0,2LDK,83.35,24.13,東京,大田,263,15600.0,618,京急本線,京急蒲田,35.5605931,139.7211376
ベイクレストタワー,東京都港区港南３-9-33,ＪＲ山手線「品川」徒歩15分,2005年8月,156000000.0,2LDK,76.42,11.3,東京,港,244,15600.0,674,ＪＲ山手線,品川,35.6316532,139.7517314
パークタワー東京フロント,東京都大田区蒲田４-19-5,京急本線「京急蒲田」徒歩3分,2004年1月,156000000.0,2LDK,83.35,24.13,東京,大田,263,15600.0,618,京急本線,京急蒲田,35.5611817,139.7214577
パークタワー東京フロント,東京都大田区蒲田４,京急本線「京急蒲田」徒歩2分,2004年1月,156000000.0,2LDK,83.35,24.13,東京,大田,263,15600.0,618,京急本線,京急蒲田,35.5605931,139.7211376
パークタワー東京フロント,東京都大田区蒲田４,京急本線「京急蒲田」徒歩2分,2004年1月,156000000.0,2LDK,83.35,24.13,東京,大田,263,15600.0,618,京急本線,京急蒲田,35.5605931,139.7211376
パークタワー東京フロント,東京都大田区蒲田４,京急本線「京急蒲田」徒歩2分,2004年1月,156000000.0,2LDK,83.35,24.13,東京,大田,263,15600.0,618,京急本線,京急蒲田,35.5605931,139.7211376
パークタワー東京フロント,東京都大田区蒲田４,京急本線「京急蒲田」徒歩2分,2004年1月,156000000.0,2LDK,83.35,24.13,東京,大田,263,15600.0,618,京急本線,京急蒲田,35.5605931,139.7211376
パークタワー東京フロント,東京都大田区蒲田４-19-5,京急本線「京急蒲田」徒歩2分,2004年1月,156000000.0,2LDK,83.35,24.13,東京,大田,263,15600.0,618,京急本線,京急蒲田,35.5611817,139.7214577
パークタワー東京フロント,東京都大田区蒲田４,京急本線「京急蒲田」徒歩3分,2004年1月,156000000.0,2LDK,83.35,24.13,東京,大田,263,15600.0,618,京急本線,京急蒲田,35.5605931,139.7211376
パークタワー東京フロント,東京都大田区蒲田４,京急本線「京急蒲田」徒歩2分,2004年1月,156000000.0,2LDK,83.35,24.13,東京,大田,263,15600.0,618,京急本線,京急蒲田,35.5605931,139.7211376
パークタワー東京フロント,東京都大田区蒲田４,京急本線「京急蒲田」徒歩2分,2004年1月,156000000.0,2LDK,83.35,24.13,東京,大田,263,15600.0,618,京急本線,京急蒲田,35.5605931,139.7211376
パークタワー東京フロント,東京都大田区蒲田４,京急本線「京急蒲田」徒歩2分,2004年1月,156000000.0,2LDK,83.35,24.13,東京,大田,263,15600.0,618,京急本線,京急蒲田,35.5605931,139.7211376
パークタワー東京フロント,東京都大田区蒲田４,京急本線「京急蒲田」徒歩2分,2004年1月,156000000.0,2LDK,83.35,24.13,東京,大田,263,15600.0,618,京急本線,京急蒲田,35.5605931,139.7211376
パークタワー東京フロント,東京都大田区蒲田４,京急本線「京急蒲田」徒歩2分,2004年1月,156000000.0,2LDK,83.35,24.13,東京,大田,263,15600.0,618,京急本線,京急蒲田,35.5605931,139.7211376
スカイフォレストレジデンス,東京都新宿区大久保３,ＪＲ山手線「高田馬場」徒歩7分,2014年2月,156400000.0,2LDK,59.24,7.1,東京,新宿,142,15640.0,871,ＪＲ山手線,高田馬場,35.7066016,139.7045399
コンシェリア西新宿TOWER’S WEST,東京都新宿区西新宿６,都営大江戸線「西新宿五丁目」徒歩6分,2008年1月,156800000.0,2LDK,55.16,9.27,東京,新宿,215,15680.0,938,都営大江戸線,西新宿五丁目,35.6929304,139.6904993
ドゥトゥール　イースト,東京都中央区晴海３-13-1,都営大江戸線「勝どき」徒歩11分,2015年12月,157000000.0,1LDK,54.31,5.5,東京,中央,120,15700.0,954,都営大江戸線,勝どき,35.6551209,139.7780539
ドゥ・トゥール　ＥＡＳＴ,東京都中央区晴海３,都営大江戸線「勝どき」徒歩5分,2015年10月,157000000.0,1LDK,54.31,5.5,東京,中央,122,15700.0,954,都営大江戸線,勝どき,35.6548467,139.7786272
ドゥ・トゥール　イースト,東京都中央区晴海３-13-1,都営大江戸線「勝どき」徒歩5分,2015年9月,157000000.0,1LDK,54.31,5.5,東京,中央,123,15700.0,954,都営大江戸線,勝どき,35.6551209,139.7780539
ドゥトゥール　DEUX TOURS CANAL&SP…,東京都中央区晴海３,都営大江戸線「勝どき」徒歩5分,2015年9月,157000000.0,1LDK,54.31,5.5,東京,中央,123,15700.0,954,都営大江戸線,勝どき,35.6548467,139.7786272
ドゥトゥール　イースト,東京都中央区晴海３,都営大江戸線「勝どき」徒歩5分,2015年12月,157000000.0,1LDK,54.31,5.5,東京,中央,120,15700.0,954,都営大江戸線,勝どき,35.6548467,139.7786272
ブリリアタワー有明ミッドクロス/32階（最上階）/北…,東京都江東区有明１,新交通ゆりかもめ「お台場海浜公園」徒歩9分,2021年6月,157000000.0,1RM,74.99,16.16,東京,江東,54,15700.0,691,新交通ゆりかもめ,お台場海浜公園,35.6403728,139.7869359
ベイズタワー＆ガーデン,東京都江東区豊洲６,新交通ゆりかもめ「新豊洲」徒歩6分,2016年6月,157700000.0,2LDK,58.31,9.7,東京,江東,114,15770.0,892,新交通ゆりかもめ,新豊洲,35.6456038,139.7856575
アウルタワー,東京都豊島区東池袋４-21-1,東京メトロ有楽町線「東池袋」徒歩2分,2011年1月,158000000.0,1LDK,54.98,9.4,東京,豊島,179,15800.0,948,東京メトロ有楽町線,東池袋,35.7275745,139.7191856
ザ・パークハウス三軒茶屋タワー,東京都世田谷区上馬１,東急田園都市線「三軒茶屋」徒歩10分,2012年2月,158000000.0,2LDK,59.48,7.35,東京,世田谷,166,15800.0,877,東急田園都市線,三軒茶屋,35.6383248,139.6688067
ザ・パークハウス晴海タワーズ　ティアロレジデンス,東京都中央区晴海２,東京メトロ有楽町線「月島」徒歩13分,2016年3月,158000000.0,3LDK,74.2,12.45,東京,中央,117,15800.0,703,東京メトロ有楽町線,月島,35.6564518,139.7869359
 ザ・パークハウス三軒茶屋タワー,東京都世田谷区上馬１,東急田園都市線「駒沢大学」徒歩9分,2012年2月,158000000.0,2LDK,59.48,7.35,東京,世田谷,166,15800.0,877,東急田園都市線,駒沢大学,35.6383248,139.6688067
ザ・パークハウス三軒茶屋タワー,東京都世田谷区上馬１,東急田園都市線「三軒茶屋」徒歩10分,2012年2月,158000000.0,2LDK,59.48,7.35,東京,世田谷,166,15800.0,877,東急田園都市線,三軒茶屋,35.6383248,139.6688067
HARUMI FLAG　SUN VILLAGE　T棟,東京都中央区晴海５,都営大江戸線「勝どき」徒歩14分,2025年10月,158000000.0,2LDK,62.56,15.42,東京,中央,2,15800.0,833,都営大江戸線,勝どき,35.6490356,139.7741538
アウルタワー,東京都豊島区東池袋４,東京メトロ有楽町線「東池袋」徒歩2分,2011年1月,158000000.0,1LDK,54.98,9.4,東京,豊島,179,15800.0,948,東京メトロ有楽町線,東池袋,35.727032,139.7211376
ザ・パークハウス三軒茶屋タワー,東京都世田谷区上馬１,東急田園都市線「三軒茶屋」徒歩9分,2012年2月,158000000.0,2LDK,59.48,7.35,東京,世田谷,166,15800.0,877,東急田園都市線,三軒茶屋,35.6383248,139.6688067
プレミストタワー白金高輪,東京都港区高輪１,都営三田線「白金高輪」徒歩1分,2022年11月,158000000.0,1LDK,44.33,0.0,東京,港,37,15800.0,1176,都営三田線,白金高輪,35.6403663,139.7339083
ザ・パークハウス晴海タワーズ　クロノレジデンス,東京都中央区晴海２,都営大江戸線「勝どき」徒歩12分,2013年10月,158000000.0,2LDK,71.23,11.73,東京,中央,146,15800.0,732,都営大江戸線,勝どき,35.6564518,139.7869359
HARUMI FLAG　SUN VILLAGE　T棟,東京都中央区晴海５,都営大江戸線「勝どき」徒歩14分,2025年10月,158000000.0,2LDK,65.3,15.12,東京,中央,2,15800.0,798,都営大江戸線,勝どき,35.6490356,139.7741538
アウルタワー,東京都豊島区東池袋４,東京メトロ有楽町線「東池袋」徒歩2分,2011年1月,158000000.0,1LDK,57.0,12.6,東京,豊島,179,15800.0,915,東京メトロ有楽町線,東池袋,35.727032,139.7211376
ザ・パークハウス三軒茶屋タワー,東京都世田谷区上馬１-15-18,東急田園都市線「三軒茶屋」徒歩9分,2012年2月,158000000.0,2LDK,59.48,7.35,東京,世田谷,166,15800.0,877,東急田園都市線,三軒茶屋,35.6379903,139.6671721
ＴＨＥ　ＴＯＫＹＯ　ＴＯＷＥＲＳ　ＳＥＡ　ＴＯＷＥＲ,東京都中央区勝どき６-3-1,都営大江戸線「勝どき」徒歩7分,2008年1月,158000000.0,2LDK,73.94,5.94,東京,中央,215,15800.0,705,都営大江戸線,勝どき,35.6552789,139.77462
パークタワー東中野,東京都中野区東中野５,ＪＲ中央線「東中野」徒歩3分,2007年3月,158000000.0,2LDK,70.35,8.46,東京,中野,225,15800.0,741,ＪＲ中央線,東中野,35.7084721,139.689223
THE TOWERS DAIBA,東京都港区台場２,新交通ゆりかもめ「お台場海浜公園」徒歩2分,2006年5月,158000000.0,1LDK,74.21,2.88,東京,港,235,15800.0,703,新交通ゆりかもめ,お台場海浜公園,35.6268958,139.7747928
ザ・タワーズ台場,東京都港区台場２,新交通ゆりかもめ「お台場海浜公園」徒歩3分,2006年5月,158000000.0,1LDK,74.21,2.88,東京,港,235,15800.0,703,新交通ゆりかもめ,お台場海浜公園,35.6268958,139.7747928
アウルタワー,東京都豊島区東池袋４,東京メトロ有楽町線「東池袋」徒歩2分,2011年1月,158000000.0,1LDK,54.98,9.4,東京,豊島,179,15800.0,948,東京メトロ有楽町線,東池袋,35.727032,139.7211376
ザ・パークハウス三軒茶屋タワー,東京都世田谷区上馬１,東急田園都市線「三軒茶屋」徒歩9分,2012年2月,158000000.0,2LDK,59.48,7.35,東京,世田谷,166,15800.0,877,東急田園都市線,三軒茶屋,35.6383248,139.6688067
アウルタワー,東京都豊島区東池袋４,東京メトロ有楽町線「東池袋」徒歩2分,2011年1月,158000000.0,1LDK,54.98,9.4,東京,豊島,179,15800.0,948,東京メトロ有楽町線,東池袋,35.727032,139.7211376
アウルタワー,東京都豊島区東池袋４,東京メトロ有楽町線「東池袋」徒歩2分,2011年1月,158000000.0,1LDK,54.98,9.4,東京,豊島,179,15800.0,948,東京メトロ有楽町線,東池袋,35.727032,139.7211376
新宿アインスタワー,東京都新宿区新宿７,東京メトロ副都心線「東新宿」徒歩1分,2004年2月,158000000.0,2LDK,78.24,8.19,東京,新宿,262,15800.0,666,東京メトロ副都心線,東新宿,35.6999909,139.7109231
新宿アインスタワー,東京都新宿区新宿７,東京メトロ副都心線「東新宿」徒歩1分,2004年2月,158000000.0,2LDK,78.24,8.19,東京,新宿,262,15800.0,666,東京メトロ副都心線,東新宿,35.6999909,139.7109231
ＴＨＥ　千代田麹町　ＴＯＷＥＲ,東京都千代田区麹町３,東京メトロ有楽町線「麹町」徒歩1分,2019年1月,158000000.0,1LDK,41.08,5.5,東京,千代田,83,15800.0,1269,東京メトロ有楽町線,麹町,35.6844686,139.738698
ザパークハウス三軒茶屋タワー,東京都世田谷区上馬１,東急世田谷線「三軒茶屋」徒歩12分,2012年2月,158000000.0,2LDK,59.48,7.35,東京,世田谷,166,15800.0,877,東急世田谷線,三軒茶屋,35.6383248,139.6688067
プレミストタワー白金高輪,東京都港区高輪１,東京メトロ南北線「白金高輪」徒歩1分,2022年11月,158000000.0,1LDK,44.33,0.0,東京,港,37,15800.0,1176,東京メトロ南北線,白金高輪,35.6403663,139.7339083
ザ・パークハウス三軒茶屋タワー,東京都世田谷区上馬１,東急田園都市線「三軒茶屋」徒歩9分,2012年2月,158000000.0,2LDK,59.48,7.35,東京,世田谷,166,15800.0,877,東急田園都市線,三軒茶屋,35.6383248,139.6688067
THE TOKYO TOWERS SEA TOWER,東京都中央区勝どき６,都営大江戸線「勝どき」徒歩8分,2008年1月,158000000.0,2LDK,73.94,5.94,東京,中央,215,15800.0,705,都営大江戸線,勝どき,35.6550953,139.7735148
THE TOKYO TOWERS MID TOWER,東京都中央区勝どき６,都営大江戸線「勝どき」徒歩5分,2008年1月,158800000.0,2LDK,70.78,4.5,東京,中央,215,15880.0,740,都営大江戸線,勝どき,35.6550953,139.7735148
東京ベイシティタワー,東京都港区芝浦４,ＪＲ山手線「田町」徒歩14分,2014年7月,158800000.0,2LDK,70.39,8.13,東京,港,137,15880.0,744,ＪＲ山手線,田町,35.6400662,139.7460429
THE TOKYO TOWERS MID TOWER,東京都中央区勝どき６,都営大江戸線「勝どき」徒歩5分,2008年1月,158800000.0,2LDK,70.78,4.5,東京,中央,215,15880.0,740,都営大江戸線,勝どき,35.6550953,139.7735148
THE TOKYO TOWERS MID TOWER,東京都中央区勝どき６,都営大江戸線「勝どき」徒歩5分,2008年1月,158800000.0,2LDK,70.78,4.5,東京,中央,215,15880.0,740,都営大江戸線,勝どき,35.6550953,139.7735148
ステーションガーデンタワー,東京都荒川区西日暮里２-25-1,ＪＲ山手線「日暮里」徒歩1分,2008年2月,159000000.0,2LDK,75.58,12.75,東京,荒川,214,15900.0,694,ＪＲ山手線,日暮里,35.7294814,139.7713581
□□■ ステーションガーデンタワー ■□□ ～日暮里…,東京都荒川区西日暮里２-25-1,ＪＲ山手線「日暮里」徒歩1分,2008年3月,159000000.0,2LDK,75.58,12.75,東京,荒川,213,15900.0,694,ＪＲ山手線,日暮里,35.7294814,139.7713581
ステーションガーデンタワー,東京都荒川区西日暮里２,ＪＲ山手線「日暮里」徒歩1分,2008年2月,159000000.0,2LDK,75.58,12.75,東京,荒川,214,15900.0,694,ＪＲ山手線,日暮里,35.730653,139.7715977
ステーションガーデンタワー,東京都荒川区西日暮里２,ＪＲ山手線「日暮里」徒歩1分,2008年2月,159000000.0,2LDK,75.58,12.75,東京,荒川,214,15900.0,694,ＪＲ山手線,日暮里,35.730653,139.7715977
パークタワー上野池之端,東京都台東区池之端２,東京メトロ千代田線「湯島」徒歩7分,2010年7月,159000000.0,2LDK,60.64,10.87,東京,台東,185,15900.0,865,東京メトロ千代田線,湯島,35.7145177,139.7671248
アトラスタワー小石川,東京都文京区小石川１,都営三田線「春日」徒歩1分,2003年11月,159000000.0,2LDK,66.27,11.16,東京,文京,265,15900.0,792,都営三田線,春日,35.7122246,139.7521112
ステーションガーデンタワー,東京都荒川区西日暮里２,ＪＲ山手線「日暮里」徒歩2分,2008年2月,159000000.0,2LDK,75.58,12.75,東京,荒川,214,15900.0,694,ＪＲ山手線,日暮里,35.730653,139.7715977
スカイライトタワー,東京都中央区佃１,東京メトロ有楽町線「月島」徒歩8分,1993年2月,159000000.0,2LDK,82.55,12.44,東京,中央,394,15900.0,636,東京メトロ有楽町線,月島,35.6690135,139.7824618
ザ・パークハウス新宿タワー,東京都新宿区北新宿２,東京メトロ丸ノ内線「西新宿」徒歩6分,2012年1月,159500000.0,3LDK,72.35,14.73,東京,新宿,167,15950.0,728,東京メトロ丸ノ内線,西新宿,35.6981516,139.689223
ベイズタワー&ガーデン,東京都江東区豊洲６-2-29,新交通ゆりかもめ「新豊洲」徒歩6分,2016年6月,159500000.0,2LDK+S（納戸）,72.6,14.6,東京,江東,114,15950.0,725,新交通ゆりかもめ,新豊洲,35.6481256,139.7940939
晴海フラッグT棟 18階　HARUMIFLAG PA…,東京都中央区晴海５,都営大江戸線「勝どき」徒歩15分,2025年9月,159700000.0,3LDK,70.06,16.26,東京,中央,3,15970.0,752,都営大江戸線,勝どき,35.6490356,139.7741538
【SKY DUO】 HARUMI FLAG SUN …,東京都中央区晴海５-５－７,都営大江戸線「勝どき」徒歩18分,2025年10月,159800000.0,3LDK,71.51,15.72,東京,中央,2,15980.0,737,都営大江戸線,勝どき,35.6505533,139.7736279
ブリリアタワー有明ミッドクロス,東京都江東区有明１,新交通ゆりかもめ「お台場海浜公園」徒歩9分,2021年6月,159800000.0,3LDK,82.86,6.68,東京,江東,54,15980.0,636,新交通ゆりかもめ,お台場海浜公園,35.6403728,139.7869359
【新規内装リノベーション実施！】グランスイート虎ノ門,東京都港区虎ノ門１,東京メトロ日比谷線「虎ノ門ヒルズ」徒歩1分,2007年4月,159800000.0,1LDK,46.34,12.69,東京,港,224,15980.0,1138,東京メトロ日比谷線,虎ノ門ヒルズ,35.668325,139.7492367
パークタワー東雲,東京都江東区東雲１,りんかい線「東雲」徒歩7分,2014年1月,159800000.0,3LDK,77.94,12.75,東京,江東,143,15980.0,677,りんかい線,東雲,35.6465138,139.802278
WコンフォートタワーズWEST,東京都江東区東雲１-9-31,東京メトロ有楽町線「辰巳」徒歩8分,2005年2月,159800000.0,2LDK+2S（納戸）,113.02,17.08,東京,江東,250,15980.0,467,東京メトロ有楽町線,辰巳,35.6452474,139.8039239
カテリーナ三田タワースイート　ウエストアーク,東京都港区芝４,都営浅草線「三田」徒歩3分,2006年8月,159800000.0,1LDK,60.56,9.29,東京,港,232,15980.0,871,都営浅草線,三田,35.6481737,139.7505142
クラッシィタワー新宿御苑,東京都新宿区四谷４,東京メトロ丸ノ内線「新宿御苑前」徒歩4分,2024年11月,159800000.0,1LDK,44.71,12.65,東京,新宿,13,15980.0,1179,東京メトロ丸ノ内線,新宿御苑前,35.6894241,139.7160301
グランスイート虎ノ門,東京都港区虎ノ門１,東京メトロ日比谷線「虎ノ門ヒルズ」徒歩1分,2007年4月,159800000.0,1LDK,44.4,0.0,東京,港,224,15980.0,1188,東京メトロ日比谷線,虎ノ門ヒルズ,35.668325,139.7492367
アーバンドック　パークシティ豊洲　タワーＡ,東京都江東区豊洲２,東京メトロ有楽町線「豊洲」徒歩6分,2008年2月,159800000.0,3LDK,70.55,17.6,東京,江東,214,15980.0,747,東京メトロ有楽町線,豊洲,35.6553723,139.7914102
ＴＨＥ　ＣＥＮＴＥＲ　ＴＯＫＹＯ,東京都新宿区市谷本村町,都営新宿線「曙橋」徒歩5分,2007年11月,159800000.0,2LDK,61.9,4.9,東京,新宿,217,15980.0,852,都営新宿線,曙橋,35.6927695,139.7300768
ザ・パークハウス晴海タワーズ　クロノレジデンス,東京都中央区晴海２-3-30,都営大江戸線「勝どき」徒歩13分,2013年10月,159800000.0,3LDK,74.47,14.21,東京,中央,146,15980.0,708,都営大江戸線,勝どき,35.6552841,139.7848325
シティタワー池袋,東京都豊島区東池袋２,ＪＲ山手線「池袋」徒歩12分,2003年8月,159800000.0,3LDK,75.18,17.59,東京,豊島,268,15980.0,701,ＪＲ山手線,池袋,35.7314981,139.7236915
ブランズタワー豊洲,東京都江東区豊洲５,東京メトロ有楽町線「豊洲」徒歩5分,2021年10月,159800000.0,2LDK,56.41,11.53,東京,江東,50,15980.0,935,東京メトロ有楽町線,豊洲,35.6505285,139.7965242
パークタワー晴海,東京都中央区晴海２,東京メトロ有楽町線「月島」徒歩11分,2019年2月,159800000.0,3LDK,68.49,15.03,東京,中央,82,15980.0,770,東京メトロ有楽町線,月島,35.6564518,139.7869359
品川Vタワー,東京都港区港南２,ＪＲ山手線「品川」徒歩6分,2003年3月,159800000.0,1LDK,53.0,8.05,東京,港,273,15980.0,995,ＪＲ山手線,品川,35.6275595,139.7434881
品川Vタワー,東京都港区港南２,ＪＲ山手線「品川」徒歩6分,2003年3月,159800000.0,1LDK+S（納戸）,53.0,8.05,東京,港,273,15980.0,995,ＪＲ山手線,品川,35.6275595,139.7434881
ザ・パークハウス晴海タワーズクロノレジデンス,東京都中央区晴海２,都営大江戸線「勝どき」徒歩11分,2013年10月,159800000.0,3LDK,74.47,14.21,東京,中央,146,15980.0,708,都営大江戸線,勝どき,35.6564518,139.7869359
グローリオタワー巣鴨,東京都豊島区巣鴨４,都営三田線「西巣鴨」徒歩5分,2006年10月,159800000.0,3LDK+S（納戸）,98.87,20.22,東京,豊島,230,15980.0,533,都営三田線,西巣鴨,35.7380159,139.7313539
ザ・パークハウス晴海タワーズ　クロノレジデンス,東京都中央区晴海２,都営大江戸線「勝どき」徒歩12分,2013年10月,159800000.0,3LDK,74.47,14.21,東京,中央,146,15980.0,708,都営大江戸線,勝どき,35.6564518,139.7869359
キャピタルマークタワー 43階,東京都港区芝浦４-10-1,ＪＲ山手線「田町」徒歩8分,2007年10月,159800000.0,1LDK,67.87,29.27,東京,港,218,15980.0,777,ＪＲ山手線,田町,35.6410037,139.7461427
ザ・パークハウス西新宿タワー60,東京都新宿区西新宿５,都営大江戸線「西新宿五丁目」徒歩7分,2017年8月,159800000.0,2LDK,57.94,9.95,東京,新宿,100,15980.0,910,都営大江戸線,西新宿五丁目,35.6948318,139.6866706
センチュリーパークタワー,東京都中央区佃２,東京メトロ有楽町線「月島」徒歩9分,1999年1月,159800000.0,1LDK,74.13,3.97,東京,中央,323,15980.0,711,東京メトロ有楽町線,月島,35.6682531,139.7862967
ルネッサンスタワー上野池之端,東京都台東区池之端２,東京メトロ千代田線「根津」徒歩4分,2005年1月,159800000.0,2LDK,65.44,10.09,東京,台東,251,15980.0,806,東京メトロ千代田線,根津,35.7145177,139.7671248
ザ・パークハウス晴海タワーズ　クロノレジデンス,東京都中央区晴海２-3-30,都営大江戸線「勝どき」徒歩11分,2013年10月,159800000.0,3LDK,74.47,14.21,東京,中央,146,15980.0,708,都営大江戸線,勝どき,35.6552841,139.7848325
パークタワー晴海,東京都中央区晴海２,東京メトロ有楽町線「月島」徒歩12分,2019年2月,159900000.0,3LDK,67.82,15.33,東京,中央,82,15990.0,778,東京メトロ有楽町線,月島,35.6564518,139.7869359
芝浦アイランドケープタワー,東京都港区芝浦４,ＪＲ山手線「田町」徒歩12分,2006年10月,159900000.0,2LDK,75.36,13.65,東京,港,230,15990.0,700,ＪＲ山手線,田町,35.6400662,139.7460429
パークタワー晴海,東京都中央区晴海２,東京メトロ有楽町線「月島」徒歩12分,2019年2月,159900000.0,3LDK,69.39,18.53,東京,中央,82,15990.0,760,東京メトロ有楽町線,月島,35.6564518,139.7869359
エアライズタワー,東京都豊島区東池袋４,東京メトロ有楽町線「東池袋」徒歩1分,2007年1月,159990000.0,2LDK,55.34,9.51,東京,豊島,227,15999.0,954,東京メトロ有楽町線,東池袋,35.727032,139.7211376
シティタワー池袋,東京都豊島区東池袋２,ＪＲ山手線「池袋」徒歩11分,2003年8月,159990000.0,3LDK,70.16,15.81,東京,豊島,268,15999.0,753,ＪＲ山手線,池袋,35.7314981,139.7236915
シティタワー池袋,東京都豊島区東池袋２,ＪＲ山手線「池袋」徒歩11分,2003年8月,159990000.0,3LDK,70.16,15.81,東京,豊島,268,15999.0,753,ＪＲ山手線,池袋,35.7314981,139.7236915
アーバンドックパークシティ豊洲タワーＡ,東京都江東区豊洲２,東京メトロ有楽町線「豊洲」徒歩6分,2008年2月,159990000.0,2LDK,60.59,14.6,東京,江東,214,15999.0,871,東京メトロ有楽町線,豊洲,35.6553723,139.7914102
パークタワー品川ベイワード,東京都港区港南３-5-10,ＪＲ山手線「品川」徒歩14分,2005年11月,160000000.0,2LDK,71.59,21.2,東京,港,241,16000.0,738,ＪＲ山手線,品川,35.634164,139.747983
イーストコモンズ清澄白河セントラルタワー,東京都江東区白河４-3-1,東京メトロ半蔵門線「清澄白河」徒歩7分,2006年6月,160000000.0,2LDK,75.16,11.16,東京,江東,234,16000.0,703,東京メトロ半蔵門線,清澄白河,35.68197809999999,139.8075738
パークコート文京小石川ザタワー,東京都文京区小石川１,都営三田線「春日」徒歩1分,2021年3月,160000000.0,1LDK,43.32,10.72,東京,文京,57,16000.0,1219,都営三田線,春日,35.7122246,139.7521112
イーストコモンズ清澄白河セントラルタワー,東京都江東区白河４,東京メトロ半蔵門線「清澄白河」徒歩8分,2006年6月,160000000.0,2LDK,75.16,11.16,東京,江東,234,16000.0,703,東京メトロ半蔵門線,清澄白河,35.682697,139.8080323
港区港南３丁目 マンション,東京都港区港南３,東海道新幹線「品川」徒歩14分,2005年11月,160000000.0,2LDK,71.59,21.2,東京,港,241,16000.0,738,東海道新幹線,品川,35.633247,139.7505142
イーストコモンズ清澄白河セントラルタワー,東京都江東区白河４,東京メトロ半蔵門線「清澄白河」徒歩7分,2006年6月,160000000.0,2LDK,75.16,11.16,東京,江東,234,16000.0,703,東京メトロ半蔵門線,清澄白河,35.682697,139.8080323
 W Comfort Towers WEST,東京都江東区東雲１,りんかい線「東雲」徒歩8分,2005年2月,160000000.0,2LDK+S（納戸）,109.45,16.5,東京,江東,250,16000.0,482,りんかい線,東雲,35.6465138,139.802278
シティタワーズ東京ベイ　イーストタワー,東京都江東区有明２,新交通ゆりかもめ「有明」徒歩6分,2019年7月,160000000.0,3LDK,70.25,18.92,東京,江東,77,16000.0,752,新交通ゆりかもめ,有明,35.6388488,139.7946064
パークコート渋谷ザタワー,東京都渋谷区宇田川町1-12,東京メトロ半蔵門線「渋谷」徒歩7分,2020年7月,160000000.0,1LDK+S（納戸）,59.34,3.67,東京,渋谷,65,16000.0,890,東京メトロ半蔵門線,渋谷,35.6642304,139.6977585
Ｂｒｉｌｌｉａ　Ｔｏｗｅｒ池袋Ｗｅｓｔ,東京都豊島区池袋３,東京メトロ副都心線「池袋」徒歩5分,2024年1月,160000000.0,2LDK,64.14,6.59,東京,豊島,23,16000.0,823,東京メトロ副都心線,池袋,35.7364147,139.7045399
リビオタワー板橋,東京都板橋区板橋３,都営三田線「板橋区役所前」徒歩4分,2010年9月,160000000.0,3LDK,100.67,22.45,東京,板橋,183,16000.0,524,都営三田線,板橋区役所前,35.751471,139.7134765
銀座タワー,東京都中央区銀座１,東京メトロ有楽町線「新富町」徒歩3分,2003年7月,160000000.0,2LDK,89.25,6.65,東京,中央,269,16000.0,592,東京メトロ有楽町線,新富町,35.6738102,139.7693612
イーストコモンズ清澄白河セントラルタワー,東京都江東区白河４,東京メトロ半蔵門線「清澄白河」徒歩7分,2006年6月,160000000.0,2LDK,75.16,11.16,東京,江東,234,16000.0,703,東京メトロ半蔵門線,清澄白河,35.682697,139.8080323
パークタワー品川ベイワード,東京都港区港南３,ＪＲ山手線「品川」徒歩19分,2005年11月,160000000.0,2LDK,71.59,21.2,東京,港,241,16000.0,738,ＪＲ山手線,品川,35.633247,139.7505142
イーストコモンズ清澄白河セントラルタワー,東京都江東区白河４,東京メトロ半蔵門線「清澄白河」徒歩8分,2006年6月,160000000.0,2LDK,75.16,11.16,東京,江東,234,16000.0,703,東京メトロ半蔵門線,清澄白河,35.682697,139.8080323
イーストコモンズ清澄白河セントラルタワー,東京都江東区白河４-3-1,東京メトロ半蔵門線「清澄白河」徒歩7分,2006年6月,160000000.0,2LDK,75.16,11.16,東京,江東,234,16000.0,703,東京メトロ半蔵門線,清澄白河,35.68197809999999,139.8075738
イーストコモンズ清澄白河セントラルタワー,東京都江東区白河４,東京メトロ半蔵門線「清澄白河」徒歩7分,2006年6月,160000000.0,2LDK,75.16,11.16,東京,江東,234,16000.0,703,東京メトロ半蔵門線,清澄白河,35.682697,139.8080323
芝浦アイランドケープタワー,東京都港区芝浦４,ＪＲ山手線「田町」徒歩12分,2006年10月,161000000.0,2LDK,71.38,11.76,東京,港,230,16100.0,744,ＪＲ山手線,田町,35.6400662,139.7460429
浅草タワー,東京都台東区西浅草３-22-3,つくばエクスプレス「浅草」徒歩3分,2012年2月,161800000.0,2LDK+S（納戸）,74.62,12.88,東京,台東,166,16180.0,716,つくばエクスプレス,浅草,35.716041,139.7901972
ルネッサンスタワー上野池之端,東京都台東区池之端２-1,東京メトロ千代田線「根津」徒歩4分,2005年1月,161800000.0,2LDK,68.61,5.34,東京,台東,251,16180.0,778,東京メトロ千代田線,根津,35.7138402,139.7677282
パークタワー晴海,東京都中央区晴海２,東京メトロ有楽町線「月島」徒歩12分,2019年2月,161800000.0,3LDK,70.84,17.2,東京,中央,82,16180.0,754,東京メトロ有楽町線,月島,35.6564518,139.7869359
ブランズタワー豊洲,東京都江東区豊洲５-1-13,東京メトロ有楽町線「豊洲」徒歩4分,2021年10月,161800000.0,2LDK,60.0,11.7,東京,江東,50,16180.0,890,東京メトロ有楽町線,豊洲,35.6520776,139.7941746
ルネッサンスタワー上野池之端,東京都台東区池之端２,東京メトロ千代田線「根津」徒歩4分,2005年1月,161800000.0,2LDK,68.61,5.34,東京,台東,251,16180.0,778,東京メトロ千代田線,根津,35.7145177,139.7671248
HARUMI FLAG　SUN VILLAGE　T棟,東京都中央区晴海５,都営大江戸線「勝どき」徒歩14分,2025年10月,162000000.0,3LDK,71.51,15.72,東京,中央,2,16200.0,748,都営大江戸線,勝どき,35.6490356,139.7741538
ＨＡＲＵＭＩ　ＦＬＡＧ　ＳＵＮ　ＶＩＬＬＡＧＥ　Ｔ棟,東京都中央区晴海５,都営大江戸線「勝どき」徒歩14分,2025年8月,162000000.0,3LDK,71.51,15.72,東京,中央,4,16200.0,748,都営大江戸線,勝どき,35.6490356,139.7741538
HARUMI FLAG SUN VILLAGE　T棟,東京都中央区晴海５-5-7,都営大江戸線「勝どき」徒歩14分,2025年10月,162000000.0,3LDK,71.51,15.72,東京,中央,2,16200.0,748,都営大江戸線,勝どき,35.6505533,139.7736279
ＨＡＲＵＭＩＦＬＡＧ　ＳＵＮＶＩＬＬＡＧＥ　Ｔ棟,東京都中央区晴海５,都営大江戸線「勝どき」徒歩14分,2025年9月,162000000.0,3LDK,71.51,15.72,東京,中央,3,16200.0,748,都営大江戸線,勝どき,35.6490356,139.7741538
HARUMI FLAG SUN VILLAGE T棟,東京都中央区晴海５,都営大江戸線「勝どき」徒歩14分,2025年9月,162000000.0,3LDK,71.51,15.72,東京,中央,3,16200.0,748,都営大江戸線,勝どき,35.6490356,139.7741538
富久クロスコンフォートタワー,東京都新宿区富久町,東京メトロ丸ノ内線「新宿御苑前」徒歩7分,2015年4月,162800000.0,2LDK,58.03,11.29,東京,新宿,128,16280.0,926,東京メトロ丸ノ内線,新宿御苑前,35.6934999,139.7147533
ブランズタワー豊洲,東京都江東区豊洲５,東京メトロ有楽町線「豊洲」徒歩5分,2021年10月,162800000.0,2LDK,58.02,12.12,東京,江東,50,16280.0,926,東京メトロ有楽町線,豊洲,35.6505285,139.7965242
パークハウス清澄白河タワー,東京都江東区白河４,東京メトロ半蔵門線「清澄白河」徒歩6分,2010年9月,162800000.0,3LDK,80.82,11.95,東京,江東,183,16280.0,665,東京メトロ半蔵門線,清澄白河,35.682697,139.8080323
キャナルワーフタワーズ,東京都江東区豊洲１,東京メトロ有楽町線「豊洲」徒歩12分,2000年11月,162800000.0,4LDK,116.34,29.94,東京,江東,301,16280.0,462,東京メトロ有楽町線,豊洲,35.6607961,139.7920494
ＴＯＫＹＯ　ＳＥＡ　ＳＯＵＴＨ　ブランファーレ,東京都港区港南４,ＪＲ山手線「品川」徒歩13分,2004年6月,162800000.0,2LDK,76.65,8.76,東京,港,258,16280.0,701,ＪＲ山手線,品川,35.6273113,139.7485979
クレストプライムタワー芝,東京都港区芝１,ＪＲ山手線「浜松町」徒歩6分,2007年8月,163000000.0,2LDK,65.5,14.5,東京,港,220,16300.0,821,ＪＲ山手線,浜松町,35.65127349999999,139.7546664
パークタワー晴海,東京都中央区晴海２,東京メトロ有楽町線「月島」徒歩12分,2019年2月,163000000.0,3LDK,67.82,15.33,東京,中央,82,16300.0,793,東京メトロ有楽町線,月島,35.6564518,139.7869359
THE TOKYO TOWERS MIDTOWER,東京都中央区勝どき６-3-2,都営大江戸線「勝どき」徒歩6分,2008年1月,163000000.0,2LDK,78.47,6.48,東京,中央,215,16300.0,685,都営大江戸線,勝どき,35.655905,139.773526
キャピタルマークタワー,東京都港区芝浦４,ＪＲ山手線「田町」徒歩8分,2007年10月,163500000.0,3LDK,76.22,24.85,東京,港,218,16350.0,708,ＪＲ山手線,田町,35.6400662,139.7460429
ザ・パークハウス晴海タワーズクロノレジデンス,東京都中央区晴海２-3-30,都営大江戸線「勝どき」徒歩11分,2013年10月,163800000.0,2LDK,74.39,11.73,東京,中央,146,16380.0,727,都営大江戸線,勝どき,35.6552841,139.7848325
ザ・パークハウス晴海タワーズ　クロノレジデンス,東京都中央区晴海２-3-30,都営大江戸線「勝どき」徒歩11分,2013年10月,163800000.0,2LDK,74.39,11.73,東京,中央,146,16380.0,727,都営大江戸線,勝どき,35.6552841,139.7848325
パークタワー晴海,東京都中央区晴海２,東京メトロ有楽町線「月島」徒歩12分,2019年2月,163990000.0,2LDK,69.25,15.03,東京,中央,82,16399.0,781,東京メトロ有楽町線,月島,35.6564518,139.7869359
晴海アイランドトリトンスクエアビュータワー,東京都中央区晴海１-6-1,東京メトロ有楽町線「月島」徒歩6分,1998年2月,164000000.0,2LDK+S（納戸）,84.45,14.79,東京,中央,334,16400.0,641,東京メトロ有楽町線,月島,35.6590853,139.7840305
晴海アイランドトリトンスクエアビュータワー,東京都中央区晴海１,東京メトロ有楽町線「月島」徒歩6分,1998年2月,164000000.0,2LDK+S（納戸）,84.45,14.79,東京,中央,334,16400.0,641,東京メトロ有楽町線,月島,35.6597032,139.7850184
晴海アイランドトリトンスクエアビュータワー,東京都中央区晴海１,東京メトロ有楽町線「月島」徒歩6分,1998年2月,164000000.0,2LDK+S（納戸）,84.45,14.79,東京,中央,334,16400.0,641,東京メトロ有楽町線,月島,35.6597032,139.7850184
ブランズタワー豊洲,東京都江東区豊洲５,東京メトロ有楽町線「豊洲」徒歩4分,2021年10月,164000000.0,2LDK,57.73,11.79,東京,江東,50,16400.0,937,東京メトロ有楽町線,豊洲,35.6505285,139.7965242
晴海アイランドトリトンスクエアビュータワー,東京都中央区晴海１-6-1,東京メトロ有楽町線「月島」徒歩6分,1998年2月,164000000.0,2LDK+S（納戸）,84.45,14.79,東京,中央,334,16400.0,641,東京メトロ有楽町線,月島,35.6590853,139.7840305
晴海アイランドトリトンスクエアビュータワー,東京都中央区晴海１-6-1,東京メトロ有楽町線「月島」徒歩6分,1998年2月,164000000.0,2LDK+S（納戸）,84.45,14.79,東京,中央,334,16400.0,641,東京メトロ有楽町線,月島,35.6590853,139.7840305
晴海アイランドトリトンスクエアビュータワー,東京都中央区晴海１-6-1,東京メトロ有楽町線「月島」徒歩7分,1998年2月,164000000.0,2LDK,84.45,14.79,東京,中央,334,16400.0,641,東京メトロ有楽町線,月島,35.6590853,139.7840305
パークタワー晴海,東京都中央区晴海２,東京メトロ有楽町線「月島」徒歩12分,2019年2月,164800000.0,2LDK,70.09,12.89,東京,中央,82,16480.0,776,東京メトロ有楽町線,月島,35.6564518,139.7869359
パークホームズ豊洲ザレジデンス,東京都江東区豊洲５,東京メトロ有楽町線「豊洲」徒歩5分,2016年10月,164800000.0,3LDK,75.14,12.06,東京,江東,110,16480.0,724,東京メトロ有楽町線,豊洲,35.6505285,139.7965242
ＴＨＥ　ＴＯＹＯＳＵ　ＴＯＷＥＲ,東京都江東区豊洲３,東京メトロ有楽町線「豊洲」徒歩7分,2008年10月,164800000.0,3LDK,71.94,14.53,東京,江東,206,16480.0,756,東京メトロ有楽町線,豊洲,35.6585681,139.7965242
アーバンドック　パークシティ豊洲　タワーＢ,東京都江東区豊洲２,東京メトロ有楽町線「豊洲」徒歩7分,2007年11月,164900000.0,2LDK,71.52,24.0,東京,江東,217,16490.0,761,東京メトロ有楽町線,豊洲,35.6553723,139.7914102
プラウドタワ－石神井公園,東京都練馬区石神井町３-25-13,西武池袋線「石神井公園」徒歩3分,2012年2月,165000000.0,3LDK,94.53,13.68,東京,練馬,166,16500.0,576,西武池袋線,石神井公園,35.7438161,139.604215
パークタワー晴海,東京都中央区晴海２,東京メトロ有楽町線「月島」徒歩12分,2019年2月,165000000.0,2LDK,63.1,13.06,東京,中央,82,16500.0,863,東京メトロ有楽町線,月島,35.6564518,139.7869359
ザ・パークハウス浅草橋タワーレジデンス,東京都台東区柳橋２,都営浅草線「浅草橋」徒歩4分,2013年11月,165000000.0,3LDK,65.46,16.88,東京,台東,145,16500.0,832,都営浅草線,浅草橋,35.6983935,139.789173
ＨＡＲＵＭＩ　ＦＬＡＧ　ＰＡＲＫ　ＶＩＬＬＡＧＥ,東京都中央区晴海５,都営大江戸線「勝どき」徒歩18分,2025年9月,165000000.0,3LDK,77.3,17.13,東京,中央,3,16500.0,704,都営大江戸線,勝どき,35.6490356,139.7741538
イーストコモンズ清澄白河セントラルタワー,東京都江東区白河４,東京メトロ半蔵門線「清澄白河」徒歩8分,2006年6月,165000000.0,2LDK,75.16,11.16,東京,江東,234,16500.0,724,東京メトロ半蔵門線,清澄白河,35.682697,139.8080323
パークタワー晴海,東京都中央区晴海２-2-42,東京メトロ有楽町線「月島」徒歩11分,2019年2月,165000000.0,3LDK,69.65,15.65,東京,中央,82,16500.0,782,東京メトロ有楽町線,月島,35.6569192,139.7867489
プラウドタワー石神井公園,東京都練馬区石神井町３,西武池袋線「石神井公園」徒歩3分,2012年2月,165000000.0,3LDK,94.53,13.68,東京,練馬,166,16500.0,576,西武池袋線,石神井公園,35.742185,139.6050513
ベイズタワー&ガーデン,東京都江東区豊洲６-2-29,新交通ゆりかもめ「新豊洲」徒歩6分,2016年6月,165000000.0,3LDK,79.21,17.68,東京,江東,114,16500.0,687,新交通ゆりかもめ,新豊洲,35.6481256,139.7940939
パークタワー晴海,東京都中央区晴海２,都営大江戸線「月島」徒歩12分,2019年2月,165000000.0,3LDK,68.89,0.0,東京,中央,82,16500.0,790,都営大江戸線,月島,35.6564518,139.7869359
ＷコンフォートタワーズＥＡＳＴ,東京都江東区東雲１,東京メトロ有楽町線「辰巳」徒歩7分,2004年10月,165000000.0,2LDK,102.83,17.08,東京,江東,254,16500.0,530,東京メトロ有楽町線,辰巳,35.6465138,139.802278
プラウドタワー石神井公園,東京都練馬区石神井町３,西武池袋線「石神井公園」徒歩3分,2012年2月,165000000.0,3LDK,94.53,13.68,東京,練馬,166,16500.0,576,西武池袋線,石神井公園,35.742185,139.6050513
パークホームズ豊洲ザレジデンス,東京都江東区豊洲５,東京メトロ有楽町線「豊洲」徒歩5分,2016年10月,165000000.0,2LDK,73.95,11.88,東京,江東,110,16500.0,736,東京メトロ有楽町線,豊洲,35.6505285,139.7965242
パークタワー晴海,東京都中央区晴海２,東京メトロ有楽町線「月島」徒歩11分,2019年2月,165000000.0,3LDK,69.96,15.65,東京,中央,82,16500.0,778,東京メトロ有楽町線,月島,35.6564518,139.7869359
HARUMI FLAG SUN VILLAGE T棟,東京都中央区晴海５-5-7,都営大江戸線「勝どき」徒歩14分,2025年9月,165000000.0,3LDK+S（納戸）,83.2,19.47,東京,中央,3,16500.0,654,都営大江戸線,勝どき,35.6505533,139.7736279
パークタワー晴海　31階,東京都中央区晴海２,東京メトロ有楽町線「月島」徒歩11分,2019年2月,165000000.0,3LDK,69.65,15.65,東京,中央,82,16500.0,782,東京メトロ有楽町線,月島,35.6564518,139.7869359
パークタワー晴海,東京都中央区晴海２,東京メトロ有楽町線「月島」徒歩11分,2019年2月,165000000.0,3LDK,69.65,15.65,東京,中央,82,16500.0,782,東京メトロ有楽町線,月島,35.6564518,139.7869359
ザ・パークハウス西新宿タワー６０,東京都新宿区西新宿５,都営大江戸線「西新宿五丁目」徒歩7分,2017年8月,165000000.0,2LDK,59.51,9.12,東京,新宿,100,16500.0,915,都営大江戸線,西新宿五丁目,35.6948318,139.6866706
ローレルタワールネ浜松町,東京都港区海岸２,新交通ゆりかもめ「日の出」徒歩2分,2020年1月,165000000.0,2LDK,57.86,6.0,東京,港,71,16500.0,941,新交通ゆりかもめ,日の出,35.6501388,139.7589234
Ｗコンフォートタワーズイースト,東京都江東区東雲１,東京メトロ有楽町線「辰巳」徒歩7分,2004年10月,165000000.0,2LDK,102.83,17.08,東京,江東,254,16500.0,530,東京メトロ有楽町線,辰巳,35.6465138,139.802278
HARUMI FLAG SUN VILLAGE T棟,東京都中央区晴海５,都営大江戸線「勝どき」徒歩14分,2025年9月,165000000.0,3LDK+S（納戸）,83.2,19.47,東京,中央,3,16500.0,654,都営大江戸線,勝どき,35.6490356,139.7741538
品川イーストシティタワー,東京都品川区東品川５,東京モノレール「天王洲アイル」徒歩5分,2018年7月,165000000.0,2LDK,67.44,17.67,東京,品川,89,16500.0,807,東京モノレール,天王洲アイル,35.6211959,139.7562635
ザ・パークハウス浅草橋タワーレジデンス,東京都台東区柳橋２-1-6,都営浅草線「浅草橋」徒歩4分,2013年11月,165000000.0,3LDK,65.46,16.88,東京,台東,145,16500.0,832,都営浅草線,浅草橋,35.6978003,139.7897404
ＨＡＲＵＭＩＦＬＡＧ　ＳＵＮＶＩＬＬＡＧＥ　Ｔ棟,東京都中央区晴海５,都営大江戸線「勝どき」徒歩14分,2025年9月,165000000.0,3LDK,83.2,19.47,東京,中央,3,16500.0,654,都営大江戸線,勝どき,35.6490356,139.7741538
パークタワー晴海,東京都中央区晴海２,東京メトロ有楽町線「月島」徒歩12分,2019年2月,165000000.0,3LDK,69.65,15.65,東京,中央,82,16500.0,782,東京メトロ有楽町線,月島,35.6564518,139.7869359
プラウドタワー石神井公園,東京都練馬区石神井町３,西武池袋線「石神井公園」徒歩3分,2012年2月,165000000.0,3LDK+S（納戸）,94.53,13.68,東京,練馬,166,16500.0,576,西武池袋線,石神井公園,35.742185,139.6050513
プラウドタワー石神井公園,東京都練馬区石神井町３,西武池袋線「石神井公園」徒歩3分,2012年2月,165000000.0,3LDK+S（納戸）,94.53,13.68,東京,練馬,166,16500.0,576,西武池袋線,石神井公園,35.742185,139.6050513
晴海フラッグ　HARUMI FLAG SUN VIL…,東京都中央区晴海５-5-7,都営大江戸線「勝どき」徒歩14分,2025年9月,165000000.0,3LDK,83.2,19.47,東京,中央,3,16500.0,654,都営大江戸線,勝どき,35.6505533,139.7736279
ザ・パークハウス浅草橋タワーレジデンス,東京都台東区柳橋２,都営浅草線「浅草橋」徒歩4分,2013年11月,165000000.0,3LDK,65.46,16.88,東京,台東,145,16500.0,832,都営浅草線,浅草橋,35.6983935,139.789173
パークシティ武蔵小山ザタワー,東京都品川区小山３,東急目黒線「武蔵小山」徒歩1分,2019年12月,165000000.0,2LDK,61.18,14.35,東京,品川,72,16500.0,890,東急目黒線,武蔵小山,35.6205453,139.7045399
高輪ザ・レジデンス タワー棟,東京都港区高輪１,都営浅草線「高輪台」徒歩6分,2005年10月,165000000.0,1LDK,57.16,11.11,東京,港,242,16500.0,953,都営浅草線,高輪台,35.6403663,139.7339083
パークホームズ豊洲ザ・レジデンス,東京都江東区豊洲５,東京メトロ有楽町線「豊洲」徒歩4分,2016年10月,165000000.0,2LDK,73.95,11.88,東京,江東,110,16500.0,736,東京メトロ有楽町線,豊洲,35.6505285,139.7965242
DEUX TOURS Canal＆Spa WEST,東京都中央区晴海３-13番2号,都営大江戸線「勝どき」徒歩5分,2015年9月,165000000.0,3LDK+S（納戸）,70.98,5.08,東京,中央,123,16500.0,767,都営大江戸線,勝どき,35.6548188,139.777263
プラウドタワー石神井公園,東京都練馬区石神井町３-25-13,西武池袋線「石神井公園」徒歩3分,2012年2月,165000000.0,3LDK,94.53,13.68,東京,練馬,166,16500.0,576,西武池袋線,石神井公園,35.7438161,139.604215
ブランズタワー豊洲,東京都江東区豊洲５,東京メトロ有楽町線「豊洲」徒歩4分,2021年10月,165500000.0,2LDK,57.73,11.79,東京,江東,50,16550.0,946,東京メトロ有楽町線,豊洲,35.6505285,139.7965242
シティタワー目黒,東京都品川区西五反田３,東急目黒線「不動前」徒歩4分,2017年1月,165700000.0,2LDK,55.34,19.63,東京,品川,107,16570.0,988,東急目黒線,不動前,35.6279656,139.717307
ブランズタワー豊洲,東京都江東区豊洲５,東京メトロ有楽町線「豊洲」徒歩5分,2021年10月,165800000.0,2LDK,56.41,11.52,東京,江東,50,16580.0,970,東京メトロ有楽町線,豊洲,35.6505285,139.7965242
キャナルワーフタワーズ　ＷＥＳＴ,東京都江東区豊洲１,東京メトロ有楽町線「豊洲」徒歩12分,2000年11月,165980000.0,3LDK,100.21,29.76,東京,江東,301,16598.0,547,東京メトロ有楽町線,豊洲,35.6607961,139.7920494
キャナルワーフタワーズWEST,東京都江東区豊洲１,東京メトロ有楽町線「豊洲」徒歩12分,2000年11月,165980000.0,3LDK,100.21,29.76,東京,江東,301,16598.0,547,東京メトロ有楽町線,豊洲,35.6607961,139.7920494
キャナルワーフタワーズ,東京都江東区豊洲１,東京メトロ有楽町線「豊洲」徒歩12分,2000年11月,165980000.0,3LDK,100.21,29.76,東京,江東,301,16598.0,547,東京メトロ有楽町線,豊洲,35.6607961,139.7920494
ＴＨＥ　ＴＯＫＹＯ　ＴＯＷＥＲＳ　ＳＥＡ　ＴＯＷＥＲ,東京都中央区勝どき６,都営大江戸線「勝どき」徒歩7分,2008年1月,166000000.0,3LDK,79.67,5.29,東京,中央,215,16600.0,688,都営大江戸線,勝どき,35.6550953,139.7735148
ＴＨＥ　ＴＯＫＹＯ　ＴＯＷＥＲＳ　ＭＩＤ　ＴＯＷＥＲ,東京都中央区勝どき６,都営大江戸線「勝どき」徒歩6分,2008年1月,166800000.0,2LDK,80.48,12.1,東京,中央,215,16680.0,684,都営大江戸線,勝どき,35.6550953,139.7735148
パークタワー晴海,東京都中央区晴海２,東京メトロ有楽町線「月島」徒歩11分,2019年2月,167000000.0,3LDK,70.09,12.89,東京,中央,82,16700.0,786,東京メトロ有楽町線,月島,35.6564518,139.7869359
DEUX TOURS（ドゥ・トゥール） WEST,東京都中央区晴海３-13-2,都営大江戸線「勝どき」徒歩5分,2016年2月,167000000.0,3LDK,70.98,5.08,東京,中央,118,16700.0,776,都営大江戸線,勝どき,35.6548188,139.777263
ステーションガーデンタワー,東京都荒川区西日暮里２-25-1,ＪＲ山手線「日暮里」徒歩1分,2008年3月,168000000.0,3LDK,75.94,9.18,東京,荒川,213,16800.0,730,ＪＲ山手線,日暮里,35.7294814,139.7713581
ステーションガーデンタワー,東京都荒川区西日暮里２,ＪＲ山手線「日暮里」徒歩1分,2008年3月,168000000.0,3LDK,75.94,9.18,東京,荒川,213,16800.0,730,ＪＲ山手線,日暮里,35.730653,139.7715977
ステーションガーデンタワー,東京都荒川区西日暮里２,ＪＲ山手線「西日暮里」徒歩1分,2008年3月,168000000.0,3LDK,75.94,9.18,東京,荒川,213,16800.0,730,ＪＲ山手線,西日暮里,35.730653,139.7715977
Ｄ’グラフォート清澄白河,東京都江東区白河３,東京メトロ半蔵門線「清澄白河」徒歩6分,2008年2月,168000000.0,2LDK,76.99,12.08,東京,江東,214,16800.0,720,東京メトロ半蔵門線,清澄白河,35.6828215,139.8054747
■□■ ステーションガーデンタワー ■□■～ 駅1分…,東京都荒川区西日暮里２-25-1,ＪＲ山手線「日暮里」徒歩1分,2008年3月,168000000.0,3LDK,75.94,9.18,東京,荒川,213,16800.0,730,ＪＲ山手線,日暮里,35.7294814,139.7713581
ステーションガーデンタワー,東京都荒川区西日暮里２-25-1,ＪＲ山手線「日暮里」徒歩1分,2008年3月,168000000.0,3LDK,75.94,9.18,東京,荒川,213,16800.0,730,ＪＲ山手線,日暮里,35.7294814,139.7713581
プラウドタワー東池袋ステーションアリーナ,東京都豊島区東池袋４,東京メトロ有楽町線「東池袋」徒歩1分,2022年1月,168000000.0,1LDK,62.09,8.88,東京,豊島,47,16800.0,893,東京メトロ有楽町線,東池袋,35.727032,139.7211376
ステーションガーデンタワー,東京都荒川区西日暮里２,ＪＲ山手線「日暮里」徒歩2分,2008年2月,168000000.0,3LDK,75.94,9.18,東京,荒川,214,16800.0,730,ＪＲ山手線,日暮里,35.730653,139.7715977
パークタワー品川ベイワード,東京都港区港南３,ＪＲ山手線「品川」徒歩14分,2005年11月,168000000.0,3LDK,87.92,27.7,東京,港,241,16800.0,631,ＪＲ山手線,品川,35.633247,139.7505142
なかのサンクォーレ,東京都中野区中野４-3-1,ＪＲ中央線「中野」徒歩5分,1994年11月,168000000.0,2LDK,84.67,25.6,東京,中野,373,16800.0,655,ＪＲ中央線,中野,35.7088069,139.6645808
ステーションガーデンタワー,東京都荒川区西日暮里２,ＪＲ山手線「日暮里」徒歩1分,2008年3月,168000000.0,3LDK,75.94,9.18,東京,荒川,213,16800.0,730,ＪＲ山手線,日暮里,35.730653,139.7715977
なかのサンクォーレ,東京都中野区中野４,ＪＲ中央線「中野」徒歩5分,1994年11月,168000000.0,2LDK,71.37,18.24,東京,中野,373,16800.0,777,ＪＲ中央線,中野,35.7071823,139.6617903
ステーションガーデンタワー,東京都荒川区西日暮里２,ＪＲ山手線「日暮里」徒歩1分,2008年3月,168000000.0,3LDK,75.94,9.18,東京,荒川,213,16800.0,730,ＪＲ山手線,日暮里,35.730653,139.7715977
なかのサンクォーレ,東京都中野区中野４,ＪＲ中央線「中野」徒歩7分,1994年11月,168000000.0,2LDK,71.37,18.24,東京,中野,373,16800.0,777,ＪＲ中央線,中野,35.7071823,139.6617903
ステーションガーデンタワー,東京都荒川区西日暮里２,ＪＲ山手線「日暮里」徒歩2分,2008年2月,168000000.0,3LDK,75.94,9.18,東京,荒川,214,16800.0,730,ＪＲ山手線,日暮里,35.730653,139.7715977
カテリーナ三田タワースイート,東京都港区芝４-16－1,都営三田線「三田」徒歩3分,2006年8月,168000000.0,2LDK,53.1,9.36,東京,港,232,16800.0,1044,都営三田線,三田,35.6474197,139.7501549
ステーションガーデンタワー,東京都荒川区西日暮里２,ＪＲ山手線「日暮里」徒歩6分,2008年3月,168000000.0,3LDK,75.94,9.18,東京,荒川,213,16800.0,730,ＪＲ山手線,日暮里,35.730653,139.7715977
ステーションガーデンタワー,東京都荒川区西日暮里２,ＪＲ山手線「日暮里」徒歩1分,2008年3月,168000000.0,3LDK,75.94,9.18,東京,荒川,213,16800.0,730,ＪＲ山手線,日暮里,35.730653,139.7715977
なかのサンクォーレ,東京都中野区中野４,ＪＲ中央線「中野」徒歩5分,1994年11月,168000000.0,2LDK,71.37,18.24,東京,中野,373,16800.0,777,ＪＲ中央線,中野,35.7071823,139.6617903
ステーションガーデンタワー,東京都荒川区西日暮里２,ＪＲ山手線「日暮里」徒歩1分,2008年3月,168000000.0,3LDK,75.94,9.18,東京,荒川,213,16800.0,730,ＪＲ山手線,日暮里,35.730653,139.7715977
カテリーナ三田タワースイートE,東京都港区芝４,ＪＲ京浜東北線「田町」徒歩5分,2005年8月,168000000.0,2LDK,53.1,9.36,東京,港,244,16800.0,1044,ＪＲ京浜東北線,田町,35.6481737,139.7505142
晴海アイランドトリトンスクエアビュータワー,東京都中央区晴海１,東京メトロ有楽町線「月島」徒歩7分,1998年2月,168000000.0,3LDK,85.86,27.86,東京,中央,334,16800.0,646,東京メトロ有楽町線,月島,35.6597032,139.7850184
センチュリーパークタワー,東京都中央区佃２,東京メトロ有楽町線「月島」徒歩9分,1999年1月,168000000.0,2LDK,62.22,3.97,東京,中央,323,16800.0,891,東京メトロ有楽町線,月島,35.6682531,139.7862967
なかのサンクォーレ,東京都中野区中野４,ＪＲ中央線「中野」徒歩7分,1994年11月,168000000.0,2LDK,71.37,18.24,東京,中野,373,16800.0,777,ＪＲ中央線,中野,35.7071823,139.6617903
プラウドタワー平井,東京都江戸川区平井５,ＪＲ総武線「平井」徒歩2分,2025年1月,168000000.0,3LDK,89.36,21.24,東京,江戸川,11,16800.0,620,ＪＲ総武線,平井,35.7079978,139.8425698
カテリーナ三田タワースイート,東京都港区芝４-16-1,ＪＲ山手線「田町」徒歩5分,2006年8月,168000000.0,2LDK,53.1,9.36,東京,港,232,16800.0,1044,ＪＲ山手線,田町,35.6474197,139.7501549
カテリーナ三田タワースイート,東京都港区芝公園４,ＪＲ山手線「田町」徒歩5分,2005年8月,168000000.0,2LDK,53.1,9.36,東京,港,244,16800.0,1044,ＪＲ山手線,田町,35.6563336,139.7479592
ドゥ・トゥール,東京都中央区晴海３,都営大江戸線「勝どき」徒歩5分,2015年10月,168000000.0,2LDK,72.25,7.12,東京,中央,122,16800.0,767,都営大江戸線,勝どき,35.6548467,139.7786272
カテリーナ三田タワースイート　イーストアーク,東京都港区芝４,都営三田線「三田」徒歩3分,2006年8月,168000000.0,2LDK,53.1,9.36,東京,港,232,16800.0,1044,都営三田線,三田,35.6481737,139.7505142
パークタワー晴海,東京都中央区晴海２,都営大江戸線「勝どき」徒歩14分,2019年2月,168000000.0,3LDK,70.09,12.89,東京,中央,82,16800.0,791,都営大江戸線,勝どき,35.6564518,139.7869359
フェイバリッチタワー品川,東京都港区港南３,ＪＲ山手線「品川」徒歩14分,2006年10月,168000000.0,2LDK+S（納戸）,78.85,15.9,東京,港,230,16800.0,703,ＪＲ山手線,品川,35.633247,139.7505142
ＴＨＥ　ＴＯＫＹＯ　ＴＯＷＥＲＳ　ＳＥＡ　ＴＯＷＥＲ,東京都中央区勝どき６,都営大江戸線「勝どき」徒歩7分,2008年1月,168000000.0,1LDK,73.94,5.94,東京,中央,215,16800.0,750,都営大江戸線,勝どき,35.6550953,139.7735148
シティタワー上野池之端,東京都台東区池之端２,東京メトロ千代田線「根津」徒歩5分,2013年2月,168000000.0,2LDK,55.95,5.4,東京,台東,154,16800.0,991,東京メトロ千代田線,根津,35.7145177,139.7671248
カテリーナ三田タワースイート イーストアーク,東京都港区芝４,都営浅草線「三田」徒歩3分,2006年8月,168000000.0,2LDK,53.1,9.36,東京,港,232,16800.0,1044,都営浅草線,三田,35.6481737,139.7505142
勝どきビュータワー,東京都中央区勝どき１,都営大江戸線「勝どき」徒歩1分,2010年11月,168000000.0,2LDK,54.68,8.8,東京,中央,181,16800.0,1014,都営大江戸線,勝どき,35.6607124,139.7760709
ＨＡＲＵＭＩＦＬＡＧ　ＳＵＮＶＩＬＬＡＧＥ,東京都中央区晴海５,都営大江戸線「勝どき」徒歩14分,2025年10月,168000000.0,3LDK,71.51,15.72,東京,中央,2,16800.0,775,都営大江戸線,勝どき,35.6490356,139.7741538
カテリーナ三田タワースイート　イーストアーク,東京都港区芝４-16-1,ＪＲ山手線「田町」徒歩5分,2006年8月,168000000.0,2LDK,53.1,9.36,東京,港,232,16800.0,1044,ＪＲ山手線,田町,35.6474197,139.7501549
ステーションガーデンタワー,東京都荒川区西日暮里２,ＪＲ山手線「日暮里」徒歩1分,2008年3月,168000000.0,3LDK,75.94,9.18,東京,荒川,213,16800.0,730,ＪＲ山手線,日暮里,35.730653,139.7715977
カテリーナ三田タワーイースト,東京都港区芝４,都営三田線「三田」徒歩3分,2006年8月,168000000.0,2LDK,53.1,9.36,東京,港,232,16800.0,1044,都営三田線,三田,35.6481737,139.7505142
カテリーナ三田タワースイート,東京都港区芝４,ＪＲ山手線「田町」徒歩5分,2005年8月,168000000.0,2LDK,53.1,9.36,東京,港,244,16800.0,1044,ＪＲ山手線,田町,35.6481737,139.7505142
コンシェリア西新宿タワーズウエスト,東京都新宿区西新宿６,都営大江戸線「西新宿五丁目」徒歩6分,2008年1月,168500000.0,2LDK,82.22,25.19,東京,新宿,215,16850.0,676,都営大江戸線,西新宿五丁目,35.6929304,139.6904993
シティタワーズ豊洲　ザ・ツイン　ノースタワー,東京都江東区豊洲３-4-1,東京メトロ有楽町線「豊洲」徒歩4分,2009年2月,169000000.0,2LDK,82.51,4.83,東京,江東,202,16900.0,676,東京メトロ有楽町線,豊洲,35.6573713,139.7995199
シティタワーズ東京ベイセントラルタワー,東京都江東区有明２-1-2,りんかい線「国際展示場」徒歩6分,2019年7月,169000000.0,3LDK,70.41,18.92,東京,江東,77,16900.0,792,りんかい線,国際展示場,35.6374135,139.793715
シティタワーズ東京ベイセントラルタワー,東京都江東区有明２,新交通ゆりかもめ「有明」徒歩5分,2019年7月,169000000.0,3LDK,70.41,18.92,東京,江東,77,16900.0,792,新交通ゆりかもめ,有明,35.6388488,139.7946064
プラウドタワー東雲キャナルコート,東京都江東区東雲１,東京メトロ有楽町線「豊洲」徒歩12分,2012年12月,169000000.0,2LDK,84.25,15.75,東京,江東,156,16900.0,662,東京メトロ有楽町線,豊洲,35.6465138,139.802278
シティタワーズ東京ベイセントラルタワー,東京都江東区有明２,新交通ゆりかもめ「有明」徒歩5分,2019年7月,169000000.0,3LDK,70.41,18.92,東京,江東,77,16900.0,792,新交通ゆりかもめ,有明,35.6388488,139.7946064
プラウドタワー東雲キャナルコート,東京都江東区東雲１,東京メトロ有楽町線「豊洲」徒歩12分,2012年12月,169000000.0,2LDK,84.25,15.75,東京,江東,156,16900.0,662,東京メトロ有楽町線,豊洲,35.6465138,139.802278
シティタワーズ東京ベイ　セントラルタワー,東京都江東区有明２,新交通ゆりかもめ「有明」徒歩4分,2019年7月,169000000.0,3LDK,70.41,18.92,東京,江東,77,16900.0,792,新交通ゆりかもめ,有明,35.6388488,139.7946064
シティタワー新宿新都心,東京都新宿区西新宿４,都営大江戸線「西新宿五丁目」徒歩2分,2005年2月,169000000.0,1LDK,75.9,6.79,東京,新宿,250,16900.0,735,都営大江戸線,西新宿五丁目,35.6879506,139.6866706
シティタワーズ豊洲　ザ・ツイン　ノースタワー,東京都江東区豊洲３,東京メトロ有楽町線「豊洲」徒歩4分,2009年2月,169000000.0,2LDK,82.51,4.83,東京,江東,202,16900.0,676,東京メトロ有楽町線,豊洲,35.6585681,139.7965242
プラウドタワー東雲キャナルコート,東京都江東区東雲１,東京メトロ有楽町線「辰巳」徒歩11分,2012年12月,169000000.0,2LDK,84.25,15.75,東京,江東,156,16900.0,662,東京メトロ有楽町線,辰巳,35.6465138,139.802278
シティタワーズ東京ベイセントラルタワー,東京都江東区有明２,新交通ゆりかもめ「有明」徒歩5分,2019年7月,169000000.0,3LDK,70.41,18.92,東京,江東,77,16900.0,792,新交通ゆりかもめ,有明,35.6388488,139.7946064
シティタワーズ豊洲 ザ・ツインノースタワー,東京都江東区豊洲３-4-2,東京メトロ有楽町線「豊洲」徒歩5分,2009年2月,169000000.0,2LDK,82.51,4.83,東京,江東,202,16900.0,676,東京メトロ有楽町線,豊洲,35.6576888,139.7989581
プラウドタワー東雲キャナルコート,東京都江東区東雲１,東京メトロ有楽町線「辰巳」徒歩11分,2012年12月,169000000.0,2LDK,84.25,15.75,東京,江東,156,16900.0,662,東京メトロ有楽町線,辰巳,35.6465138,139.802278
プラウドタワー東雲キャナルコート,東京都江東区東雲１,東京メトロ有楽町線「辰巳」徒歩11分,2012年12月,169000000.0,2LDK,84.25,15.75,東京,江東,156,16900.0,662,東京メトロ有楽町線,辰巳,35.6465138,139.802278
プラウドタワー東雲キャナルコート,東京都江東区東雲１,東京メトロ有楽町線「豊洲」徒歩12分,2012年12月,169000000.0,2LDK,84.25,15.75,東京,江東,156,16900.0,662,東京メトロ有楽町線,豊洲,35.6465138,139.802278
シティタワーズ東京ベイ  セントラルタワー,東京都江東区有明２,新交通ゆりかもめ「有明」徒歩5分,2019年7月,169000000.0,3LDK,70.41,18.92,東京,江東,77,16900.0,792,新交通ゆりかもめ,有明,35.6388488,139.7946064
シティタワーズ東京ベイセントラルタワー,東京都江東区有明２,りんかい線「国際展示場」徒歩6分,2019年7月,169000000.0,3LDK+S（納戸）,70.41,18.92,東京,江東,77,16900.0,792,りんかい線,国際展示場,35.6388488,139.7946064
プラウドタワー東雲キャナルコート,東京都江東区東雲１,東京メトロ有楽町線「豊洲」徒歩12分,2012年12月,169000000.0,2LDK,84.25,15.75,東京,江東,156,16900.0,662,東京メトロ有楽町線,豊洲,35.6465138,139.802278
アーバンドック　パークシティ豊洲　タワーＡ,東京都江東区豊洲２,東京メトロ有楽町線「豊洲」徒歩6分,2008年2月,169800000.0,2LDK,71.38,17.6,東京,江東,214,16980.0,785,東京メトロ有楽町線,豊洲,35.6553723,139.7914102
ローレルタワールネ浜松町,東京都港区海岸２,新交通ゆりかもめ「日の出」徒歩1分,2020年1月,169800000.0,2LDK,66.34,6.0,東京,港,71,16980.0,845,新交通ゆりかもめ,日の出,35.6501388,139.7589234
浅草タワー,東京都台東区西浅草３,つくばエクスプレス「浅草」徒歩5分,2012年2月,169800000.0,3LDK,80.8,13.67,東京,台東,166,16980.0,693,つくばエクスプレス,浅草,35.7162192,139.7914102
HARUMI FLAG PARK VILLAGE S…,東京都中央区晴海５,都営大江戸線「勝どき」徒歩15分,2025年10月,169800000.0,3LDK,70.06,16.26,東京,中央,2,16980.0,800,都営大江戸線,勝どき,35.6490356,139.7741538
芝浦アイランドケープタワー,東京都港区芝浦４,ＪＲ山手線「田町」徒歩12分,2006年10月,169800000.0,3LDK,82.17,13.1,東京,港,230,16980.0,682,ＪＲ山手線,田町,35.6400662,139.7460429
池袋パークタワー,東京都豊島区南池袋２,ＪＲ山手線「池袋」徒歩6分,1999年11月,169800000.0,3LDK,93.32,25.31,東京,豊島,313,16980.0,600,ＪＲ山手線,池袋,35.7261268,139.7160301
ＨＡＲＵＭＩＦＬＡＧ　ＰＡＲＫＶＩＬＬＡＧＥ　Ｔ棟,東京都中央区晴海５,都営大江戸線「勝どき」徒歩15分,2025年10月,169800000.0,3LDK,70.06,16.26,東京,中央,2,16980.0,800,都営大江戸線,勝どき,35.6490356,139.7741538
ＨＡＲＵＭＩ　ＦＬＡＧ　ＰＡＲＫ　ＶＩＬＬＡＧＥ　Ｔ…,東京都中央区晴海５,都営大江戸線「勝どき」徒歩15分,2025年8月,169800000.0,3LDK,70.06,16.26,東京,中央,4,16980.0,800,都営大江戸線,勝どき,35.6490356,139.7741538
パークタワー勝どきサウス,東京都中央区勝どき４-6-1,都営大江戸線「勝どき」徒歩2分,2023年8月,169800000.0,1LDK,55.62,8.69,東京,中央,28,16980.0,1007,都営大江戸線,勝どき,35.6564849,139.7760915
二子玉川ライズタワー＆レジデンスタワーイースト,東京都世田谷区玉川１,東急田園都市線「二子玉川」徒歩6分,2010年7月,169800000.0,2LDK,73.62,18.0,東京,世田谷,185,16980.0,761,東急田園都市線,二子玉川,35.6091664,139.6305452
パークタワー品川ベイワード,東京都港区港南３,ＪＲ山手線「品川」徒歩14分,2005年11月,169800000.0,3LDK+2S（納戸）,87.92,27.7,東京,港,241,16980.0,637,ＪＲ山手線,品川,35.633247,139.7505142
ザ・パークハウス晴海タワーズクロノレジデンス,東京都中央区晴海２,都営大江戸線「勝どき」徒歩12分,2013年11月,169800000.0,2LDK,74.04,11.73,東京,中央,145,16980.0,757,都営大江戸線,勝どき,35.6564518,139.7869359
大崎ウエストシティタワーズ　E棟,東京都品川区大崎２,ＪＲ山手線「大崎」徒歩4分,2009年9月,169800000.0,1LDK+S（納戸）,54.24,4.98,東京,品川,195,16980.0,1033,ＪＲ山手線,大崎,35.6177742,139.7262455
大崎ウエストシティタワーズＥ棟,東京都品川区大崎２,ＪＲ山手線「大崎」徒歩4分,2009年9月,169800000.0,1LDK+S（納戸）,54.24,4.98,東京,品川,195,16980.0,1033,ＪＲ山手線,大崎,35.6177742,139.7262455
ＧＬＯＢＡＬ　ＦＲＯＮＴ　ＴＯＷＥＲ,東京都港区芝浦１,ＪＲ山手線「浜松町」徒歩11分,2015年9月,169800000.0,1LDK,56.86,10.64,東京,港,123,16980.0,985,ＪＲ山手線,浜松町,35.6485621,139.754347
大崎ウエストシティタワーズ EAST棟,東京都品川区大崎２,ＪＲ山手線「大崎」徒歩4分,2009年9月,169800000.0,1LDK+S（納戸）,54.24,4.98,東京,品川,195,16980.0,1033,ＪＲ山手線,大崎,35.6177742,139.7262455
シティタワーズ豊洲ザ・シンボル,東京都江東区豊洲３,東京メトロ有楽町線「豊洲」徒歩7分,2009年12月,169800000.0,3LDK,72.82,5.68,東京,江東,192,16980.0,769,東京メトロ有楽町線,豊洲,35.6585681,139.7965242
大崎ウエストシティタワーズE棟,東京都品川区大崎２,ＪＲ山手線「大崎」徒歩4分,2009年9月,169800000.0,1LDK+S（納戸）,54.24,4.98,東京,品川,195,16980.0,1033,ＪＲ山手線,大崎,35.6177742,139.7262455
大崎ウエストシティタワーズＥ棟,東京都品川区大崎２-9-1,ＪＲ山手線「大崎」徒歩4分,2009年9月,169800000.0,2LDK,54.24,4.98,東京,品川,195,16980.0,1033,ＪＲ山手線,大崎,35.616749,139.7277886
パークホームズ豊洲ザ・レジデンス,東京都江東区豊洲５-6,東京メトロ有楽町線「豊洲」徒歩5分,2016年10月,169800000.0,3LDK,72.93,11.7,東京,江東,110,16980.0,768,東京メトロ有楽町線,豊洲,35.6497722,139.7983731
シティタワーズ豊洲ザ・ツイン,東京都江東区豊洲３,東京メトロ有楽町線「豊洲」徒歩5分,2009年2月,169800000.0,3LDK,80.1,5.68,東京,江東,202,16980.0,700,東京メトロ有楽町線,豊洲,35.6585681,139.7965242
シティタワー上野池之端,東京都台東区池之端２,東京メトロ千代田線「根津」徒歩5分,2013年2月,169800000.0,2LDK,55.88,7.42,東京,台東,154,16980.0,1003,東京メトロ千代田線,根津,35.7145177,139.7671248
大崎ウエストシティタワーズ　Ｅ棟,東京都品川区大崎２,ＪＲ山手線「大崎」徒歩5分,2009年9月,169800000.0,1LDK+S（納戸）,54.24,4.98,東京,品川,195,16980.0,1033,ＪＲ山手線,大崎,35.6177742,139.7262455
大崎ウエストシティタワーズ,東京都品川区大崎２,ＪＲ山手線「大崎」徒歩4分,2009年9月,169800000.0,1LDK+S（納戸）,54.24,4.98,東京,品川,195,16980.0,1033,ＪＲ山手線,大崎,35.6177742,139.7262455
大崎ウエストシティタワーズ　Ｅ棟,東京都品川区大崎２,ＪＲ山手線「大崎」徒歩4分,2009年9月,169800000.0,1LDK+S（納戸）,54.24,4.98,東京,品川,195,16980.0,1033,ＪＲ山手線,大崎,35.6177742,139.7262455
大崎ウエストシティタワーズ　E棟,東京都品川区大崎２-9-1,ＪＲ山手線「大崎」徒歩4分,2009年9月,169800000.0,1LDK+S（納戸）,54.24,4.98,東京,品川,195,16980.0,1033,ＪＲ山手線,大崎,35.616749,139.7277886
大崎ウエストシティタワーズE棟,東京都品川区大崎２,ＪＲ山手線「大崎」徒歩4分,2009年9月,169800000.0,1LDK+S（納戸）,54.24,4.98,東京,品川,195,16980.0,1033,ＪＲ山手線,大崎,35.6177742,139.7262455
ザ・パークハウス晴海タワーズ　クロノレジデンス,東京都中央区晴海２,都営大江戸線「勝どき」徒歩10分,2013年10月,169900000.0,3LDK,78.95,13.8,東京,中央,146,16990.0,710,都営大江戸線,勝どき,35.6564518,139.7869359
パークタワー品川ベイワード 32階,東京都港区港南３-5-10,ＪＲ山手線「品川」徒歩14分,2005年11月,169900000.0,2LDK,71.59,21.2,東京,港,241,16990.0,783,ＪＲ山手線,品川,35.634164,139.747983
二子玉川ライズ　タワー＆レジデンス　タワーイースト,東京都世田谷区玉川１,東急田園都市線「二子玉川」徒歩8分,2010年7月,169990000.0,2LDK,70.32,18.0,東京,世田谷,185,16999.0,798,東急田園都市線,二子玉川,35.6091664,139.6305452
グランスイート麻布台ヒルトップタワー,東京都港区麻布台３,東京メトロ南北線「六本木一丁目」徒歩7分,2014年1月,170000000.0,1LDK,40.67,7.2,東京,港,143,17000.0,1379,東京メトロ南北線,六本木一丁目,35.6601113,139.7380593
ブリリア大井町ラヴィアンタワー,東京都品川区大井１,ＪＲ京浜東北線「大井町」徒歩5分,2012年9月,170000000.0,2LDK,68.48,15.0,東京,品川,159,17000.0,819,ＪＲ京浜東北線,大井町,35.6065548,139.7326311
アーバンドックパークシティ豊洲タワーA,東京都江東区豊洲２-5-1,東京メトロ有楽町線「豊洲」徒歩6分,2008年2月,170000000.0,3LDK,70.55,17.6,東京,江東,214,17000.0,795,東京メトロ有楽町線,豊洲,35.6582126,139.7910888
ザ・レジデンス四谷ガーデン,東京都新宿区四谷１,ＪＲ総武線「四ツ谷」徒歩3分,2020年1月,170000000.0,1LDK,47.24,9.29,東京,新宿,71,17000.0,1188,ＪＲ総武線,四ツ谷,35.68537269999999,139.7287997
HARUMI FLAG SUN VILLAGE T棟…,東京都中央区晴海５-5-4,都営大江戸線「勝どき」徒歩18分,2025年10月,170000000.0,2LDK,66.0,17.37,東京,中央,2,17000.0,850,都営大江戸線,勝どき,35.67167999999999,139.7639703
ＨＡＲＵＭＩ　ＦＬＡＧ　ＳＵＮ　ＶＩＬＬＡＧＥ　Ｔ棟,東京都中央区晴海５,都営大江戸線「勝どき」徒歩14分,2025年8月,170000000.0,2LDK,61.32,15.72,東京,中央,4,17000.0,915,都営大江戸線,勝どき,35.6490356,139.7741538
ＨＡＲＵＭＩ　ＦＬＡＧ　ＳＵＮ　ＶＩＬＬＡＧＥ　Ｔ棟,東京都中央区晴海５,都営大江戸線「勝どき」徒歩14分,2025年8月,170000000.0,2LDK,66.0,17.37,東京,中央,4,17000.0,850,都営大江戸線,勝どき,35.6490356,139.7741538
シティタワーズ豊洲ザ・シンボル,東京都江東区豊洲３,東京メトロ有楽町線「豊洲」徒歩6分,2009年12月,170000000.0,2LDK,70.04,5.68,東京,江東,192,17000.0,801,東京メトロ有楽町線,豊洲,35.6585681,139.7965242
シティタワーズ豊洲ザ・シンボル,東京都江東区豊洲３,東京メトロ有楽町線「豊洲」徒歩6分,2009年12月,170000000.0,2LDK,72.19,5.68,東京,江東,192,17000.0,777,東京メトロ有楽町線,豊洲,35.6585681,139.7965242
GLOBAL FRONT TOWER,東京都港区芝浦１-6-41,ＪＲ山手線「田町」徒歩10分,2015年9月,170000000.0,2LDK+S（納戸）,56.86,10.64,東京,港,123,17000.0,987,ＪＲ山手線,田町,35.6474871,139.7550651
ＧＬＯＢＡＬ　ＦＲＯＮＴ　ＴＯＷＥＲ,東京都港区芝浦１-6-41,ＪＲ山手線「田町」徒歩10分,2015年9月,170000000.0,2LDK+S（納戸）,56.86,10.64,東京,港,123,17000.0,987,ＪＲ山手線,田町,35.6474871,139.7550651
ＧＬＯＢＡＬ　ＦＲＯＮＴ　ＴＯＷＥＲ,東京都港区芝浦１,都営三田線「三田」徒歩8分,2015年9月,170000000.0,2LDK+S（納戸）,56.86,10.64,東京,港,123,17000.0,987,都営三田線,三田,35.6485621,139.754347
GLOBAL FRONT TOWER,東京都港区芝浦１,ＪＲ山手線「田町」徒歩10分,2015年9月,170000000.0,2LDK+S（納戸）,56.86,10.64,東京,港,123,17000.0,987,ＪＲ山手線,田町,35.6485621,139.754347
THE TOKYO TOWERS MID TOWER,東京都中央区勝どき６,都営大江戸線「勝どき」徒歩5分,2008年1月,170000000.0,3LDK,78.47,6.48,東京,中央,215,17000.0,715,都営大江戸線,勝どき,35.6550953,139.7735148
プラウドタワー小岩ファースト,東京都江戸川区南小岩６,ＪＲ総武線「小岩」徒歩1分,2022年3月,170000000.0,4LDK,91.64,20.38,東京,江戸川,45,17000.0,612,ＪＲ総武線,小岩,35.7292121,139.8784076
GLOBAL FRONT TOWER,東京都港区芝浦１,都営三田線「三田」徒歩9分,2015年9月,170000000.0,2LDK+S（納戸）,56.86,10.64,東京,港,123,17000.0,987,都営三田線,三田,35.6485621,139.754347
DEUX　TOURS　CANAL＆SPA　EAST　…,東京都中央区晴海３,都営大江戸線「勝どき」徒歩5分,2015年10月,170000000.0,1LDK,57.05,5.2,東京,中央,122,17000.0,983,都営大江戸線,勝どき,35.6548467,139.7786272
THE TOKYO TOWERS MID TOWER,東京都中央区勝どき６,都営大江戸線「勝どき」徒歩5分,2008年1月,170000000.0,3LDK,78.47,6.48,東京,中央,215,17000.0,715,都営大江戸線,勝どき,35.6550953,139.7735148
スカイズタワー＆ガーデン,東京都江東区豊洲６,新交通ゆりかもめ「新豊洲」徒歩5分,2014年8月,171400000.0,3LDK,73.42,19.95,東京,江東,136,17140.0,770,新交通ゆりかもめ,新豊洲,35.6456038,139.7856575
芝浦アイランドケープタワー,東京都港区芝浦４,ＪＲ山手線「田町」徒歩12分,2006年10月,172000000.0,2LDK,71.38,11.76,東京,港,230,17200.0,795,ＪＲ山手線,田町,35.6400662,139.7460429
ＨＡＲＵＭＩ　ＦＬＡＧ　ＳＵＮ　ＶＩＬＬＡＧＥ　Ｔ棟,東京都中央区晴海５,都営大江戸線「勝どき」徒歩14分,2025年8月,172000000.0,3LDK,79.53,19.82,東京,中央,4,17200.0,714,都営大江戸線,勝どき,35.6490356,139.7741538
HARUMI FLAG  SUN VILLAGE　T…,東京都中央区晴海５,都営大江戸線「勝どき」徒歩18分,2025年10月,172000000.0,3LDK,79.53,19.82,東京,中央,2,17200.0,714,都営大江戸線,勝どき,35.6490356,139.7741538
芝浦アイランドケープタワー,東京都港区芝浦４-19-1,ＪＲ山手線「田町」徒歩12分,2006年10月,172000000.0,2LDK+S（納戸）,71.38,11.76,東京,港,230,17200.0,795,ＪＲ山手線,田町,35.6371197,139.7502277
ザ・パークハウス三田ガーデン,東京都港区三田５,東京メトロ南北線「白金高輪」徒歩8分,2021年10月,172000000.0,2LDK,58.65,9.6,東京,港,50,17200.0,968,東京メトロ南北線,白金高輪,35.6464953,139.73774
ザ・パークハウス中野タワー,東京都中野区中野５,ＪＲ中央線「中野」徒歩6分,2017年7月,172000000.0,2LDK,61.27,31.38,東京,中野,101,17200.0,926,ＪＲ中央線,中野,35.7082862,139.6688067
ザ・パークハウス中野タワー,東京都中野区中野５,ＪＲ総武線「中野」徒歩6分,2017年7月,172000000.0,2LDK,61.27,31.38,東京,中野,101,17200.0,926,ＪＲ総武線,中野,35.7082862,139.6688067
芝浦アイランドケープタワー,東京都港区芝浦４,ＪＲ山手線「田町」徒歩12分,2006年10月,172000000.0,2LDK+S（納戸）,71.38,11.76,東京,港,230,17200.0,795,ＪＲ山手線,田町,35.6400662,139.7460429
ＨＡＲＵＭＩ　ＦＬＡＧ　ＳＵＮ　ＶＩＬＬＡＧＥ　Ｔ棟,東京都中央区晴海５,都営大江戸線「勝どき」徒歩14分,2025年10月,172000000.0,3LDK,79.53,19.82,東京,中央,2,17200.0,714,都営大江戸線,勝どき,35.6490356,139.7741538
ザ・パークハウス中野タワー,東京都中野区中野５,ＪＲ中央線「中野」徒歩6分,2017年7月,172000000.0,2LDK,61.27,31.38,東京,中野,101,17200.0,926,ＪＲ中央線,中野,35.7082862,139.6688067
パークタワー勝どきサウス,東京都中央区勝どき４-6-1,都営大江戸線「勝どき」徒歩2分,2023年8月,172000000.0,2LDK,56.71,8.69,東京,中央,28,17200.0,1001,都営大江戸線,勝どき,35.6564849,139.7760915
ブランズタワー豊洲,東京都江東区豊洲５,東京メトロ有楽町線「豊洲」徒歩5分,2021年10月,172800000.0,2LDK,61.15,12.87,東京,江東,50,17280.0,933,東京メトロ有楽町線,豊洲,35.6505285,139.7965242
スカイズタワー＆ガーデン,東京都江東区豊洲６-2-31,新交通ゆりかもめ「新豊洲」徒歩5分,2014年8月,172800000.0,2LDK,71.0,17.55,東京,江東,136,17280.0,803,新交通ゆりかもめ,新豊洲,35.647285,139.792896
シティタワーズ豊洲ザ・ツイン,東京都江東区豊洲３,東京メトロ有楽町線「豊洲」徒歩5分,2009年2月,173000000.0,2LDK,80.81,4.83,東京,江東,202,17300.0,706,東京メトロ有楽町線,豊洲,35.6585681,139.7965242
ステーションガーデンタワー　36階,東京都荒川区西日暮里２,日暮里・舎人ライナー「日暮里」徒歩1分,2008年3月,173000000.0,3LDK,75.94,9.18,東京,荒川,213,17300.0,752,日暮里・舎人ライナー,日暮里,35.730653,139.7715977
ステーションガーデンタワー,東京都荒川区西日暮里２,ＪＲ山手線「日暮里」徒歩1分,2008年3月,173000000.0,3LDK,75.94,9.18,東京,荒川,213,17300.0,752,ＪＲ山手線,日暮里,35.730653,139.7715977
【ステーションガーデンタワー】日暮里駅直結、陽当り・…,東京都荒川区西日暮里２-25-1,ＪＲ山手線「日暮里」徒歩1分,2008年3月,173000000.0,3LDK,75.94,9.18,東京,荒川,213,17300.0,752,ＪＲ山手線,日暮里,35.7294814,139.7713581
アクシア麻布,東京都港区麻布十番２,東京メトロ南北線「麻布十番」徒歩1分,2005年5月,173000000.0,1LDK+S（納戸）,59.66,5.37,東京,港,247,17300.0,957,東京メトロ南北線,麻布十番,35.6550691,139.7355048
ＨＡＲＵＭＩ　ＦＬＡＧ　ＳＵＮ　ＶＩＬＬＡＧＥ,東京都中央区晴海５,都営大江戸線「勝どき」徒歩14分,2025年10月,173000000.0,3LDK,74.12,16.52,東京,中央,2,17300.0,770,都営大江戸線,勝どき,35.6490356,139.7741538
ドゥ・トール,東京都中央区晴海３,都営大江戸線「勝どき」徒歩5分,2015年9月,174000000.0,3LDK,72.95,7.57,東京,中央,123,17400.0,787,都営大江戸線,勝どき,35.6548467,139.7786272
Brillia Towers目黒サウスレジデンス,東京都品川区上大崎３,ＪＲ山手線「目黒」徒歩3分,2017年7月,174000000.0,1LDK,42.91,6.82,東京,品川,101,17400.0,1338,ＪＲ山手線,目黒,35.631922,139.7185838
ドゥ・トゥール　EAST,東京都中央区晴海３-13-1,都営大江戸線「勝どき」徒歩5分,2015年9月,174500000.0,2LDK,70.7,5.08,東京,中央,123,17450.0,814,都営大江戸線,勝どき,35.6551209,139.7780539
DEUX　TOURS　CANAL＆SPA　EAST　…,東京都中央区晴海３,都営大江戸線「勝どき」徒歩5分,2015年10月,174800000.0,2LDK,64.59,7.15,東京,中央,122,17480.0,893,都営大江戸線,勝どき,35.6548467,139.7786272
アトラスタワー小石川,東京都文京区小石川１,都営三田線「春日」徒歩2分,2003年11月,174800000.0,2LDK,68.52,9.64,東京,文京,265,17480.0,842,都営三田線,春日,35.7122246,139.7521112
品川Vタワー,東京都港区港南２,ＪＲ山手線「品川」徒歩6分,2003年3月,174800000.0,1LDK+S（納戸）,60.03,11.25,東京,港,273,17480.0,961,ＪＲ山手線,品川,35.6275595,139.7434881
ＴＨＥ　ＴＯＫＹＯ　ＴＯＷＥＲＳ　ＳＥＡ　ＴＯＷＥＲ,東京都中央区勝どき６,都営大江戸線「勝どき」徒歩7分,2008年1月,174800000.0,3LDK,79.67,5.29,東京,中央,215,17480.0,724,都営大江戸線,勝どき,35.6550953,139.7735148
パークタワー芝浦ベイワードオーシャンウイング,東京都港区芝浦２-7-11,ＪＲ山手線「田町」徒歩8分,2005年7月,174800000.0,3LDK,84.41,23.29,東京,港,245,17480.0,683,ＪＲ山手線,田町,35.6438969,139.7539068
ＴＨＥ　ＴＯＫＹＯ　ＴＯＷＥＲＳ　ＳＥＡ　ＴＯＷＥＲ,東京都中央区勝どき６,都営大江戸線「勝どき」徒歩7分,2008年1月,174800000.0,3LDK,79.67,5.29,東京,中央,215,17480.0,724,都営大江戸線,勝どき,35.6550953,139.7735148
二子玉川ライズ　タワー＆レジデンスタワーイースト,東京都世田谷区玉川１,東急大井町線「二子玉川」徒歩8分,2010年7月,174800000.0,2LDK,73.62,18.0,東京,世田谷,185,17480.0,784,東急大井町線,二子玉川,35.6091664,139.6305452
ＨＡＲＵＭＩ　ＦＬＡＧ　ＰＡＲＫ　ＶＩＬＬＡＧＥＴ棟,東京都中央区晴海５,都営大江戸線「勝どき」徒歩15分,2025年8月,174800000.0,3LDK,78.2,40.54,東京,中央,4,17480.0,738,都営大江戸線,勝どき,35.6490356,139.7741538
THE TOKYO TOWERS SEA　TOWER,東京都中央区勝どき６,都営大江戸線「勝どき」徒歩7分,2008年1月,174800000.0,3LDK,79.67,5.29,東京,中央,215,17480.0,724,都営大江戸線,勝どき,35.6550953,139.7735148
THE TOKYO TOWERS SEA TOWER,東京都中央区勝どき６,都営大江戸線「勝どき」徒歩7分,2008年1月,174800000.0,3LDK,79.67,5.29,東京,中央,215,17480.0,724,都営大江戸線,勝どき,35.6550953,139.7735148
二子玉川ライズタワー＆レジデンスタワーイースト,東京都世田谷区玉川１,東急田園都市線「二子玉川」徒歩6分,2010年7月,174800000.0,2LDK,73.62,18.0,東京,世田谷,185,17480.0,784,東急田園都市線,二子玉川,35.6091664,139.6305452
二子玉川ライズタワー＆レジデンスタワーイースト,東京都世田谷区玉川１,東急田園都市線「二子玉川」徒歩6分,2010年7月,174800000.0,2LDK,73.62,18.0,東京,世田谷,185,17480.0,784,東急田園都市線,二子玉川,35.6091664,139.6305452
THE TOKYO TOWERS SEA TOWER,東京都中央区勝どき６,都営大江戸線「勝どき」徒歩8分,2008年1月,174800000.0,3LDK,79.67,5.29,東京,中央,215,17480.0,724,都営大江戸線,勝どき,35.6550953,139.7735148
シティタワーズ豊洲ザ・シンボル,東京都江東区豊洲３,東京メトロ有楽町線「豊洲」徒歩7分,2009年12月,174900000.0,3LDK,77.5,5.68,東京,江東,192,17490.0,745,東京メトロ有楽町線,豊洲,35.6585681,139.7965242
シティタワーズ豊洲ザ・シンボル,東京都江東区豊洲３,東京メトロ有楽町線「豊洲」徒歩8分,2009年12月,174900000.0,3LDK,77.5,5.68,東京,江東,192,17490.0,745,東京メトロ有楽町線,豊洲,35.6585681,139.7965242
ドゥトゥール,東京都中央区晴海３,都営大江戸線「勝どき」徒歩5分,2015年9月,174900000.0,2LDK,70.98,5.08,東京,中央,123,17490.0,813,都営大江戸線,勝どき,35.6548467,139.7786272
ＴＨＥ　ＴＯＫＹＯ　ＴＯＷＥＲＳ,東京都中央区勝どき６,都営大江戸線「勝どき」徒歩5分,2008年1月,174990000.0,3LDK,73.94,5.94,東京,中央,215,17499.0,781,都営大江戸線,勝どき,35.6550953,139.7735148
THE TOKYO TOWERS,東京都中央区勝どき６,都営大江戸線「勝どき」徒歩5分,2008年1月,174990000.0,3LDK,73.94,5.94,東京,中央,215,17499.0,781,都営大江戸線,勝どき,35.6550953,139.7735148
THE TOKYO TOWERS,東京都中央区勝どき６-３-２,都営大江戸線「勝どき」徒歩5分,2008年1月,174990000.0,3LDK,73.94,5.94,東京,中央,215,17499.0,781,都営大江戸線,勝どき,35.655905,139.773526
ザ・タワー十条,東京都北区上十条２,ＪＲ埼京線「十条」徒歩1分,2024年10月,175000000.0,3LDK,83.03,17.3,東京,北,14,17500.0,696,ＪＲ埼京線,十条,35.7591353,139.7211376
アトラスタワー五反田,東京都品川区西五反田２,ＪＲ山手線「五反田」徒歩4分,2024年1月,175000000.0,3LDK,65.86,16.93,東京,品川,23,17500.0,877,ＪＲ山手線,五反田,35.6260585,139.7211376
ザ・タワー十条,東京都北区上十条２,ＪＲ埼京線「十条」徒歩1分,2024年9月,175000000.0,3LDK,83.03,17.3,東京,北,15,17500.0,696,ＪＲ埼京線,十条,35.7591353,139.7211376
ＨＡＲＵＭＩ　ＦＬＡＧ　ＰＡＲＫ　ＶＩＬＬＡＧＥ　Ｔ…,東京都中央区晴海５,都営大江戸線「勝どき」徒歩15分,2025年8月,175000000.0,3LDK,71.01,18.6,東京,中央,4,17500.0,813,都営大江戸線,勝どき,35.6490356,139.7741538
HARUMI FLAG SUNVILLAGE T棟,東京都中央区晴海５-5-7,都営大江戸線「勝どき」徒歩14分,2025年8月,175000000.0,3LDK,74.12,16.52,東京,中央,4,17500.0,779,都営大江戸線,勝どき,35.6505533,139.7736279
シティタワーズ豊洲ザ・ツイン,東京都江東区豊洲３,東京メトロ有楽町線「豊洲」徒歩5分,2009年2月,175000000.0,3LDK,80.28,6.53,東京,江東,202,17500.0,719,東京メトロ有楽町線,豊洲,35.6585681,139.7965242
パークタワー晴海,東京都中央区晴海２,東京メトロ有楽町線「月島」徒歩12分,2019年2月,175000000.0,3LDK,70.84,17.2,東京,中央,82,17500.0,815,東京メトロ有楽町線,月島,35.6564518,139.7869359
ＨＡＲＵＭＩ　ＦＬＡＧ　ＰＡＲＫ　ＶＩＬＬＡＧＥ　Ｔ…,東京都中央区晴海５,都営大江戸線「勝どき」徒歩15分,2025年8月,175000000.0,3LDK,74.33,15.66,東京,中央,4,17500.0,777,都営大江戸線,勝どき,35.6490356,139.7741538
ザ・タワー十条,東京都北区上十条２,ＪＲ埼京線「十条」徒歩1分,2024年9月,175000000.0,3LDK,83.03,10.0,東京,北,15,17500.0,696,ＪＲ埼京線,十条,35.7591353,139.7211376
シティタワーズ豊洲ザ・ツイン　サウスタワー,東京都江東区豊洲３-4-1,東京メトロ有楽町線「豊洲」徒歩5分,2009年2月,175000000.0,3LDK,80.28,6.53,東京,江東,202,17500.0,719,東京メトロ有楽町線,豊洲,35.6573713,139.7995199
シティタワーズ豊洲ザ・ツイン　サウスタワー,東京都江東区豊洲３,東京メトロ有楽町線「豊洲」徒歩5分,2009年2月,175000000.0,3LDK,80.28,6.53,東京,江東,202,17500.0,719,東京メトロ有楽町線,豊洲,35.6585681,139.7965242
勝どきザ・タワー,東京都中央区勝どき５,都営大江戸線「勝どき」徒歩6分,2016年11月,175000000.0,2LDK,72.38,0.0,東京,中央,109,17500.0,798,都営大江戸線,勝どき,35.657516,139.7709587
エアライズタワーライズアリーナビル,東京都豊島区東池袋４,東京メトロ有楽町線「東池袋」徒歩1分,2007年1月,175800000.0,2LDK,67.98,7.61,東京,豊島,227,17580.0,853,東京メトロ有楽町線,東池袋,35.727032,139.7211376
【 エアライズタワー 】～ 駅とサンシャイン直結・利…,東京都豊島区東池袋４-5-1,東京メトロ有楽町線「東池袋」徒歩1分,2007年1月,175800000.0,2LDK,67.98,7.61,東京,豊島,227,17580.0,853,東京メトロ有楽町線,東池袋,35.7260558,139.7189529
ＨＡＲＵＭＩＦＬＡＧ　ＰＡＲＫＶＩＬＬＡＧＥ　Ｔ棟,東京都中央区晴海５,都営大江戸線「勝どき」徒歩18分,2025年9月,175800000.0,3LDK,70.14,15.9,東京,中央,3,17580.0,827,都営大江戸線,勝どき,35.6490356,139.7741538
パークタワー晴海,東京都中央区晴海２,東京メトロ有楽町線「月島」徒歩12分,2019年2月,176000000.0,2LDK,72.86,13.56,東京,中央,82,17600.0,797,東京メトロ有楽町線,月島,35.6564518,139.7869359
ＨＡＲＵＭＩ　ＦＬＡＧ　ＰＡＲＫ　ＶＩＬＬＡＧＥ　Ｔ…,東京都中央区晴海５,都営大江戸線「勝どき」徒歩18分,2025年10月,176000000.0,3LDK,72.27,17.73,東京,中央,2,17600.0,804,都営大江戸線,勝どき,35.6490356,139.7741538
シティタワーズ東京ベイセントラルタワー,東京都江東区有明２,新交通ゆりかもめ「有明」徒歩4分,2019年7月,176000000.0,2LDK,70.41,18.92,東京,江東,77,17600.0,825,新交通ゆりかもめ,有明,35.6388488,139.7946064
ソプラタワー,東京都目黒区青葉台３-7-17,東急田園都市線「池尻大橋」徒歩8分,1999年3月,176800000.0,3LDK,83.77,12.74,東京,目黒,321,17680.0,696,東急田園都市線,池尻大橋,35.6517675,139.6900033
ソプラタワー,東京都目黒区青葉台３,東急田園都市線「池尻大橋」徒歩8分,1999年3月,176800000.0,3LDK,83.77,12.74,東京,目黒,321,17680.0,696,東急田園都市線,池尻大橋,35.65214570000001,139.6917756
ソプラタワー,東京都目黒区青葉台３,東急田園都市線「池尻大橋」徒歩8分,1999年3月,176800000.0,3LDK,83.77,12.74,東京,目黒,321,17680.0,696,東急田園都市線,池尻大橋,35.65214570000001,139.6917756
ソプラタワー,東京都目黒区青葉台３,東急田園都市線「池尻大橋」徒歩8分,1999年3月,176800000.0,3LDK,83.77,12.74,東京,目黒,321,17680.0,696,東急田園都市線,池尻大橋,35.65214570000001,139.6917756
ソプラタワー 目黒青葉台,東京都目黒区青葉台３,東急田園都市線「池尻大橋」徒歩8分,1999年3月,176800000.0,3LDK,83.77,12.74,東京,目黒,321,17680.0,696,東急田園都市線,池尻大橋,35.65214570000001,139.6917756
ザ・クレストタワー,東京都中央区佃２,東京メトロ有楽町線「月島」徒歩3分,2004年9月,176800000.0,3LDK,78.57,16.0,東京,中央,255,17680.0,743,東京メトロ有楽町線,月島,35.6682531,139.7862967
ザ・クレストタワー,東京都中央区佃２,東京メトロ有楽町線「月島」徒歩3分,2004年9月,176800000.0,3LDK,78.57,16.0,東京,中央,255,17680.0,743,東京メトロ有楽町線,月島,35.6682531,139.7862967
ザ・クレストタワー,東京都中央区佃２,東京メトロ有楽町線「月島」徒歩3分,2004年9月,176800000.0,3LDK,78.57,16.0,東京,中央,255,17680.0,743,東京メトロ有楽町線,月島,35.6682531,139.7862967
ソプラタワー,東京都目黒区青葉台３,東急田園都市線「池尻大橋」徒歩8分,1999年3月,176800000.0,3LDK,83.77,12.74,東京,目黒,321,17680.0,696,東急田園都市線,池尻大橋,35.65214570000001,139.6917756
ソプラタワー,東京都目黒区青葉台３-7-17,東急田園都市線「池尻大橋」徒歩8分,1999年3月,176800000.0,3LDK,83.77,12.74,東京,目黒,321,17680.0,696,東急田園都市線,池尻大橋,35.6517675,139.6900033
ソプラタワー,東京都目黒区青葉台３,東急田園都市線「池尻大橋」徒歩9分,1999年3月,176800000.0,3LDK,83.77,12.74,東京,目黒,321,17680.0,696,東急田園都市線,池尻大橋,35.65214570000001,139.6917756
ソプラタワー,東京都目黒区青葉台３,東急田園都市線「池尻大橋」徒歩8分,1999年3月,176800000.0,3LDK,83.77,12.74,東京,目黒,321,17680.0,696,東急田園都市線,池尻大橋,35.65214570000001,139.6917756
ソプラタワー,東京都目黒区青葉台３,東急田園都市線「池尻大橋」徒歩8分,1999年3月,176800000.0,3LDK,83.77,12.74,東京,目黒,321,17680.0,696,東急田園都市線,池尻大橋,35.65214570000001,139.6917756
ソプラタワー,東京都目黒区青葉台３,東急田園都市線「池尻大橋」徒歩8分,1999年3月,176800000.0,3LDK,83.77,12.74,東京,目黒,321,17680.0,696,東急田園都市線,池尻大橋,35.65214570000001,139.6917756
シティタワーズ豊洲ザ・シンボル,東京都江東区豊洲３,東京メトロ有楽町線「豊洲」徒歩6分,2009年12月,176800000.0,2LDK,80.02,5.68,東京,江東,192,17680.0,729,東京メトロ有楽町線,豊洲,35.6585681,139.7965242
ソプラタワー,東京都目黒区青葉台３,東急田園都市線「池尻大橋」徒歩9分,1999年3月,176800000.0,3LDK,83.77,12.74,東京,目黒,321,17680.0,696,東急田園都市線,池尻大橋,35.65214570000001,139.6917756
ソプラタワー,東京都目黒区青葉台３,東急田園都市線「池尻大橋」徒歩8分,1999年3月,176800000.0,3LDK,83.77,12.74,東京,目黒,321,17680.0,696,東急田園都市線,池尻大橋,35.65214570000001,139.6917756
ソプラタワー,東京都目黒区青葉台３-7-17,東急田園都市線「池尻大橋」徒歩8分,1999年3月,176800000.0,3LDK,83.77,12.74,東京,目黒,321,17680.0,696,東急田園都市線,池尻大橋,35.6517675,139.6900033
ソプラタワー,東京都目黒区青葉台３-7-17,東急田園都市線「池尻大橋」徒歩8分,1999年3月,176800000.0,3LDK,83.77,12.74,東京,目黒,321,17680.0,696,東急田園都市線,池尻大橋,35.6517675,139.6900033
ソプラタワー,東京都目黒区青葉台３-７－１７,東急田園都市線「池尻大橋」徒歩8分,1999年3月,176800000.0,3LDK,83.77,12.74,東京,目黒,321,17680.0,696,東急田園都市線,池尻大橋,35.6517675,139.6900033
ソプラタワー,東京都目黒区青葉台３,東急田園都市線「池尻大橋」徒歩8分,1999年3月,176800000.0,3LDK,83.77,12.74,東京,目黒,321,17680.0,696,東急田園都市線,池尻大橋,35.65214570000001,139.6917756
ソプラタワー,東京都目黒区青葉台３,東急田園都市線「池尻大橋」徒歩8分,1999年3月,176800000.0,3LDK,83.77,12.74,東京,目黒,321,17680.0,696,東急田園都市線,池尻大橋,35.65214570000001,139.6917756
ソプラタワー,東京都目黒区青葉台３,東急田園都市線「池尻大橋」徒歩8分,1999年3月,176800000.0,3LDK,83.77,12.74,東京,目黒,321,17680.0,696,東急田園都市線,池尻大橋,35.65214570000001,139.6917756
ソプラタワー,東京都目黒区青葉台３,東急田園都市線「池尻大橋」徒歩8分,1999年3月,176800000.0,3LDK,83.77,12.74,東京,目黒,321,17680.0,696,東急田園都市線,池尻大橋,35.65214570000001,139.6917756
ブリリアタワー池袋ウエスト,東京都豊島区池袋３-1-1,東京メトロ有楽町線「要町」徒歩3分,2024年1月,177000000.0,2LDK,64.14,6.47,東京,豊島,23,17700.0,911,東京メトロ有楽町線,要町,35.7330706,139.7025491
Ｂｒｉｌｌｉａ　Ｔｏｗｅｒ池袋　Ｗｅｓｔ,東京都豊島区池袋３,東京メトロ副都心線「池袋」徒歩5分,2024年1月,177000000.0,2LDK,64.14,6.59,東京,豊島,23,17700.0,911,東京メトロ副都心線,池袋,35.7364147,139.7045399
Ｂｒｉｌｌｉａ　Ｔｏｗｅｒ池袋Ｗｅｓｔ,東京都豊島区池袋３,東京メトロ丸ノ内線「池袋」徒歩5分,2024年1月,177000000.0,2LDK,64.14,13.06,東京,豊島,23,17700.0,911,東京メトロ丸ノ内線,池袋,35.7364147,139.7045399
ブリリアタワー池袋ウエスト,東京都豊島区池袋３,東京メトロ丸ノ内線「池袋」徒歩5分,2024年1月,177000000.0,2LDK,64.14,6.59,東京,豊島,23,17700.0,911,東京メトロ丸ノ内線,池袋,35.7364147,139.7045399
Brillia Tower 池袋　West,東京都豊島区池袋３,東京メトロ丸ノ内線「池袋」徒歩5分,2024年1月,177000000.0,2LDK,64.14,6.59,東京,豊島,23,17700.0,911,東京メトロ丸ノ内線,池袋,35.7364147,139.7045399
ブリリアタワー池袋ウエスト,東京都豊島区池袋３,ＪＲ山手線「池袋」徒歩10分,2024年1月,177000000.0,2LDK,64.14,13.06,東京,豊島,23,17700.0,911,ＪＲ山手線,池袋,35.7364147,139.7045399
Brillia Tower 池袋 West,東京都豊島区池袋３,東京メトロ丸ノ内線「池袋」徒歩5分,2024年1月,177000000.0,2LDK,64.14,6.59,東京,豊島,23,17700.0,911,東京メトロ丸ノ内線,池袋,35.7364147,139.7045399
Brillia Tower 池袋 West 【ブリリ…,東京都豊島区池袋３,ＪＲ山手線「池袋」徒歩10分,2024年1月,177000000.0,2LDK,64.14,6.59,東京,豊島,23,17700.0,911,ＪＲ山手線,池袋,35.7364147,139.7045399
Brillia Tower池袋 West,東京都豊島区池袋３,東京メトロ有楽町線「要町」徒歩3分,2024年1月,177000000.0,2LDK,64.14,13.06,東京,豊島,23,17700.0,911,東京メトロ有楽町線,要町,35.7364147,139.7045399
Brillia Tower 池袋 West,東京都豊島区池袋３,東京メトロ丸ノ内線「池袋」徒歩5分,2024年1月,177000000.0,2LDK,64.14,6.59,東京,豊島,23,17700.0,911,東京メトロ丸ノ内線,池袋,35.7364147,139.7045399
Brillia Tower 池袋　West,東京都豊島区池袋３,東京メトロ有楽町線「要町」徒歩3分,2024年1月,177000000.0,2LDK,64.14,6.59,東京,豊島,23,17700.0,911,東京メトロ有楽町線,要町,35.7364147,139.7045399
アーバンドック　パークシティ豊洲　ＴＯＷＥＲ－Ａ,東京都江東区豊洲２,東京メトロ有楽町線「豊洲」徒歩6分,2008年2月,177000000.0,2LDK,71.38,17.6,東京,江東,214,17700.0,818,東京メトロ有楽町線,豊洲,35.6553723,139.7914102
Ｂｒｉｌｌｉａ　Ｔｏｗｅｒ　池袋　Ｗｅｓｔ,東京都豊島区池袋３,東京メトロ有楽町線「要町」徒歩3分,2024年1月,177000000.0,2LDK,64.14,6.59,東京,豊島,23,17700.0,911,東京メトロ有楽町線,要町,35.7364147,139.7045399
ブリリアタワー池袋ウエスト,東京都豊島区池袋３-1-1,東京メトロ丸ノ内線「池袋」徒歩5分,2024年1月,177000000.0,2LDK,64.14,6.59,東京,豊島,23,17700.0,911,東京メトロ丸ノ内線,池袋,35.7330706,139.7025491
ＢＲＩＬＬＩＡ　ＴＯＷＥＲ　池袋　ＷＥＳＴ,東京都豊島区池袋３,東京メトロ丸ノ内線「池袋」徒歩6分,2024年1月,177000000.0,2LDK,64.14,6.59,東京,豊島,23,17700.0,911,東京メトロ丸ノ内線,池袋,35.7364147,139.7045399
Brillia Tower 池袋 West,東京都豊島区池袋３,東京メトロ丸ノ内線「池袋」徒歩5分,2024年1月,177000000.0,2LDK,64.14,6.59,東京,豊島,23,17700.0,911,東京メトロ丸ノ内線,池袋,35.7364147,139.7045399
シティタワーズ豊洲・ザ・ツイン　ノースタワー,東京都江東区豊洲３,東京メトロ有楽町線「豊洲」徒歩5分,2009年2月,177000000.0,2LDK,87.49,0.0,東京,江東,202,17700.0,668,東京メトロ有楽町線,豊洲,35.6585681,139.7965242
Brillia Tower 池袋West,東京都豊島区池袋３,東京メトロ丸ノ内線「池袋」徒歩5分,2024年1月,177000000.0,2LDK,64.14,6.59,東京,豊島,23,17700.0,911,東京メトロ丸ノ内線,池袋,35.7364147,139.7045399
ＨＡＲＵＭＩ　ＦＬＡＧ　ＳＵＮ　ＶＩＬＬＡＧＥ　Ｔ棟…,東京都中央区晴海５,都営大江戸線「勝どき」徒歩18分,2025年10月,177800000.0,3LDK,74.12,16.52,東京,中央,2,17780.0,792,都営大江戸線,勝どき,35.6490356,139.7741538
ジェントルエア神宮前,東京都渋谷区神宮前２,東京メトロ副都心線「北参道」徒歩6分,2007年2月,178000000.0,1LDK,58.91,10.1,東京,渋谷,226,17800.0,997,東京メトロ副都心線,北参道,35.6736057,139.7109231
スカイズ　タワー＆ガーデン,東京都江東区豊洲６,新交通ゆりかもめ「新豊洲」徒歩5分,2014年8月,178000000.0,3LDK,81.11,19.99,東京,江東,136,17800.0,724,新交通ゆりかもめ,新豊洲,35.6456038,139.7856575
パークタワー晴海,東京都中央区晴海２,東京メトロ有楽町線「月島」徒歩12分,2019年2月,178000000.0,3LDK,71.42,13.97,東京,中央,82,17800.0,822,東京メトロ有楽町線,月島,35.6564518,139.7869359
ザ・パークハウス晴海タワーズ　ティアロレジデンス,東京都中央区晴海２,都営大江戸線「勝どき」徒歩13分,2016年3月,178000000.0,2LDK,78.82,15.79,東京,中央,117,17800.0,745,都営大江戸線,勝どき,35.6564518,139.7869359
ザ・パークハウス晴海ティアロレジデンス,東京都中央区晴海２,東京メトロ有楽町線「月島」徒歩13分,2016年3月,178000000.0,2LDK,78.82,15.79,東京,中央,117,17800.0,745,東京メトロ有楽町線,月島,35.6564518,139.7869359
ザ・パークハウス晴海タワーズ ティアロレジデンス,東京都中央区晴海２-3-2,都営大江戸線「勝どき」徒歩13分,2016年3月,178000000.0,3LDK,78.82,15.79,東京,中央,117,17800.0,745,都営大江戸線,勝どき,35.6561262,139.7858853
スカイグランデ汐留,東京都港区海岸１,ＪＲ山手線「浜松町」徒歩3分,2005年7月,178000000.0,2LDK,66.53,10.08,東京,港,245,17800.0,883,ＪＲ山手線,浜松町,35.6553975,139.7613745
パークタワー晴海,東京都中央区晴海２,東京メトロ有楽町線「月島」徒歩12分,2019年2月,178000000.0,3LDK,71.42,13.97,東京,中央,82,17800.0,822,東京メトロ有楽町線,月島,35.6564518,139.7869359
パークシティ大崎　ザタワー,東京都品川区北品川５,ＪＲ山手線「大崎」徒歩9分,2015年4月,178000000.0,2LDK+S（納戸）,57.52,9.7,東京,品川,128,17800.0,1021,ＪＲ山手線,大崎,35.6214836,139.7326311
パークタワー晴海,東京都中央区晴海２,東京メトロ有楽町線「月島」徒歩12分,2019年2月,178000000.0,3LDK,70.84,17.2,東京,中央,82,17800.0,829,東京メトロ有楽町線,月島,35.6564518,139.7869359
パークタワー勝どきサウス,東京都中央区勝どき４,都営大江戸線「勝どき」徒歩2分,2023年8月,178000000.0,2LDK,56.71,8.69,東京,中央,28,17800.0,1036,都営大江戸線,勝どき,35.6572676,139.7760709
スカイズ　タワー＆ガーデン,東京都江東区豊洲６,新交通ゆりかもめ「新豊洲」徒歩5分,2014年8月,178000000.0,3LDK,81.11,19.99,東京,江東,136,17800.0,724,新交通ゆりかもめ,新豊洲,35.6456038,139.7856575
ブリリアタワー池袋,東京都豊島区南池袋２,ＪＲ山手線「池袋」徒歩8分,2015年3月,178800000.0,2LDK,57.82,16.63,東京,豊島,129,17880.0,1020,ＪＲ山手線,池袋,35.7261268,139.7160301
ブランズタワー豊洲,東京都江東区豊洲５,東京メトロ有楽町線「豊洲」徒歩5分,2021年10月,178800000.0,2LDK,61.87,12.96,東京,江東,50,17880.0,954,東京メトロ有楽町線,豊洲,35.6505285,139.7965242
ドゥ・トゥール　ＷＥＳＴ,東京都中央区晴海３,都営大江戸線「勝どき」徒歩5分,2015年9月,178800000.0,3LDK,70.98,5.08,東京,中央,123,17880.0,831,都営大江戸線,勝どき,35.6548467,139.7786272
Brillia Tower 池袋,東京都豊島区池袋３,東京メトロ丸ノ内線「池袋」徒歩5分,2024年1月,179000000.0,2LDK,64.14,6.59,東京,豊島,23,17900.0,921,東京メトロ丸ノ内線,池袋,35.7364147,139.7045399
ドゥ・トゥールEAST 37階,東京都中央区晴海３-13-1,都営大江戸線「勝どき」徒歩5分,2015年9月,179000000.0,3LDK,70.7,5.8,東京,中央,123,17900.0,836,都営大江戸線,勝どき,35.6551209,139.7780539
ドゥ・トゥール　ＥＡＳＴ,東京都中央区晴海３,都営大江戸線「勝どき」徒歩5分,2015年9月,179000000.0,3LDK,70.7,5.08,東京,中央,123,17900.0,836,都営大江戸線,勝どき,35.6548467,139.7786272
Brillia Tower 池袋 West,東京都豊島区池袋３,東京メトロ副都心線「要町」徒歩3分,2024年1月,179000000.0,2LDK,64.14,6.59,東京,豊島,23,17900.0,921,東京メトロ副都心線,要町,35.7364147,139.7045399
東京ツインパークス　レフトウイング,東京都港区東新橋１-10-1,都営大江戸線「汐留」徒歩3分,2002年9月,179000000.0,2LDK,55.99,9.58,東京,港,279,17900.0,1055,都営大江戸線,汐留,35.6612914,139.7601337
ドゥ・トゥール　ＥＡＳＴ,東京都中央区晴海３,都営大江戸線「勝どき」徒歩5分,2015年10月,179000000.0,2LDK,70.98,5.08,東京,中央,122,17900.0,832,都営大江戸線,勝どき,35.6548467,139.7786272
Brillia Tower　池袋　West,東京都豊島区池袋３-１－１,東京メトロ有楽町線「要町」徒歩3分,2024年1月,179000000.0,2LDK,64.14,6.59,東京,豊島,23,17900.0,921,東京メトロ有楽町線,要町,35.7330706,139.7025491
スカイツリーを一望　新月島川を見下ろす48階住戸　T…,東京都中央区勝どき６-３－１,都営大江戸線「勝どき」徒歩7分,2008年1月,179800000.0,2LDK+S（納戸）,86.86,7.39,東京,中央,215,17980.0,683,都営大江戸線,勝どき,35.6552789,139.77462
パークタワー晴海,東京都中央区晴海２,東京メトロ有楽町線「月島」徒歩11分,2019年2月,179800000.0,2LDK,63.1,13.06,東京,中央,82,17980.0,940,東京メトロ有楽町線,月島,35.6564518,139.7869359
アーバンドックパークシティ豊洲タワーA棟,東京都江東区豊洲２,東京メトロ有楽町線「豊洲」徒歩7分,2008年2月,179800000.0,3LDK,80.38,17.6,東京,江東,214,17980.0,738,東京メトロ有楽町線,豊洲,35.6553723,139.7914102
ドゥ・トゥール　ＥＡＳＴ,東京都中央区晴海３,都営大江戸線「勝どき」徒歩5分,2015年9月,179800000.0,2LDK,70.7,5.08,東京,中央,123,17980.0,839,都営大江戸線,勝どき,35.6548467,139.7786272
大崎ウエストシティタワーズＥ棟,東京都品川区大崎２,ＪＲ山手線「大崎」徒歩4分,2009年9月,179800000.0,1LDK,54.83,4.98,東京,品川,195,17980.0,1082,ＪＲ山手線,大崎,35.6177742,139.7262455
ソプラタワー,東京都目黒区青葉台３,東急田園都市線「池尻大橋」徒歩8分,1999年3月,179800000.0,3LDK,83.77,12.74,東京,目黒,321,17980.0,708,東急田園都市線,池尻大橋,35.65214570000001,139.6917756
芝浦アイランドグローヴタワー,東京都港区芝浦４-21-1,ＪＲ山手線「田町」徒歩8分,2006年11月,179800000.0,2LDK,68.71,8.08,東京,港,229,17980.0,864,ＪＲ山手線,田町,35.6405594,139.7512802
パークタワー品川ベイワード,東京都港区港南３,ＪＲ山手線「品川」徒歩14分,2005年11月,179800000.0,2LDK,79.95,21.2,東京,港,241,17980.0,742,ＪＲ山手線,品川,35.633247,139.7505142
ソプラタワー,東京都目黒区青葉台３,東急田園都市線「池尻大橋」徒歩8分,1999年3月,179800000.0,3LDK,83.77,12.74,東京,目黒,321,17980.0,708,東急田園都市線,池尻大橋,35.65214570000001,139.6917756
ジェントルエア神宮前,東京都渋谷区神宮前２,東京メトロ副都心線「北参道」徒歩6分,2007年2月,179800000.0,2LDK,57.83,10.23,東京,渋谷,226,17980.0,1026,東京メトロ副都心線,北参道,35.6736057,139.7109231
パークタワー勝どきサウス,東京都中央区勝どき４,都営大江戸線「勝どき」徒歩2分,2023年8月,179800000.0,2LDK,57.13,9.23,東京,中央,28,17980.0,1039,都営大江戸線,勝どき,35.6572676,139.7760709
ソプラタワー,東京都目黒区青葉台３,東急田園都市線「池尻大橋」徒歩9分,1999年3月,179800000.0,3LDK,83.77,12.74,東京,目黒,321,17980.0,708,東急田園都市線,池尻大橋,35.65214570000001,139.6917756
ソプラタワー,東京都目黒区青葉台３,東急田園都市線「池尻大橋」徒歩8分,1999年3月,179800000.0,3LDK,83.77,12.74,東京,目黒,321,17980.0,708,東急田園都市線,池尻大橋,35.65214570000001,139.6917756
Ｄ’グラフォート清澄白河,東京都江東区白河３,東京メトロ半蔵門線「清澄白河」徒歩7分,2008年2月,179800000.0,2LDK,78.1,4.72,東京,江東,214,17980.0,760,東京メトロ半蔵門線,清澄白河,35.6828215,139.8054747
センチュリーパークタワー,東京都中央区佃２,都営大江戸線「月島」徒歩8分,1999年1月,179900000.0,2LDK,78.11,0.0,東京,中央,323,17990.0,760,都営大江戸線,月島,35.6682531,139.7862967
パークタワー晴海,東京都中央区晴海２,東京メトロ有楽町線「月島」徒歩11分,2019年2月,179900000.0,3LDK,72.94,16.59,東京,中央,82,17990.0,814,東京メトロ有楽町線,月島,35.6564518,139.7869359
プラウドタワー清澄白河,東京都江東区平野３,東京メトロ半蔵門線「清澄白河」徒歩14分,2016年7月,179900000.0,4LDK,88.54,15.32,東京,江東,113,17990.0,671,東京メトロ半蔵門線,清澄白河,35.6770801,139.8054747
ＣＡＰＩＴＡＬ　ＧＡＴＥ　ＰＬＡＣＥ　ＴＨＥ　ＲＥＳ…,東京都中央区月島１,東京メトロ有楽町線「月島」徒歩1分,2013年8月,179990000.0,2LDK,65.51,14.72,東京,中央,148,17999.0,907,東京メトロ有楽町線,月島,35.6644207,139.7824618
シティタワーズ豊洲ザ・シンボル,東京都江東区豊洲３-6-8,東京メトロ有楽町線「豊洲」徒歩6分,2009年12月,180000000.0,3LDK,82.35,5.68,東京,江東,192,18000.0,721,東京メトロ有楽町線,豊洲,35.65954,139.7964205
勝どきザ・タワー,東京都中央区勝どき５,都営大江戸線「勝どき」徒歩7分,2016年11月,180000000.0,2LDK,72.38,12.12,東京,中央,109,18000.0,821,都営大江戸線,勝どき,35.657516,139.7709587
シティタワーズ東京ベイ　セントラルタワー,東京都江東区有明２,新交通ゆりかもめ「有明」徒歩4分,2019年7月,180000000.0,2LDK,70.41,18.92,東京,江東,77,18000.0,844,新交通ゆりかもめ,有明,35.6388488,139.7946064
パークシティ大崎ザ・タワー,東京都品川区北品川５,りんかい線「大崎」徒歩6分,2015年4月,180000000.0,2LDK,57.52,9.7,東京,品川,128,18000.0,1033,りんかい線,大崎,35.6214836,139.7326311
パークタワー西新宿,東京都新宿区西新宿５,都営大江戸線「西新宿五丁目」徒歩6分,2024年11月,180000000.0,2LDK,61.02,12.42,東京,新宿,13,18000.0,973,都営大江戸線,西新宿五丁目,35.6948318,139.6866706
パークタワー西新宿,東京都新宿区西新宿５,都営大江戸線「西新宿五丁目」徒歩6分,2024年11月,180000000.0,2LDK,61.02,12.42,東京,新宿,13,18000.0,973,都営大江戸線,西新宿五丁目,35.6948318,139.6866706
シティタワーズ豊洲ザ・シンボル,東京都江東区豊洲３,東京メトロ有楽町線「豊洲」徒歩6分,2009年12月,180000000.0,3LDK,80.2,5.68,東京,江東,192,18000.0,741,東京メトロ有楽町線,豊洲,35.6585681,139.7965242
シティタワーズ豊洲　ザ・シンボル,東京都江東区豊洲３,東京メトロ有楽町線「豊洲」徒歩6分,2009年12月,180000000.0,3LDK,80.2,5.68,東京,江東,192,18000.0,741,東京メトロ有楽町線,豊洲,35.6585681,139.7965242
ガレリアグランデ,東京都江東区有明１,新交通ゆりかもめ「有明テニスの森」徒歩10分,2006年2月,180000000.0,2LDK,89.69,13.2,東京,江東,238,18000.0,662,新交通ゆりかもめ,有明テニスの森,35.6403728,139.7869359
パークタワーグランスカイ,東京都品川区東五反田２,ＪＲ山手線「大崎」徒歩6分,2010年6月,180000000.0,2LDK,68.35,11.79,東京,品川,186,18000.0,869,ＪＲ山手線,大崎,35.6233916,139.7287997
ＧＬＯＢＡＬ　ＦＲＯＮＴ　ＴＯＷＥＲ,東京都港区芝浦１,ＪＲ山手線「田町」徒歩10分,2015年9月,180000000.0,2LDK,60.04,10.68,東京,港,123,18000.0,989,ＪＲ山手線,田町,35.6485621,139.754347
パークタワー東雲,東京都江東区東雲１,りんかい線「東雲」徒歩8分,2014年1月,180000000.0,4LDK,86.48,47.56,東京,江東,143,18000.0,687,りんかい線,東雲,35.6465138,139.802278
パークタワー西新宿,東京都新宿区西新宿５,都営大江戸線「西新宿五丁目」徒歩6分,2024年11月,180000000.0,2LDK,61.02,12.42,東京,新宿,13,18000.0,973,都営大江戸線,西新宿五丁目,35.6948318,139.6866706
ガレリアグランデ,東京都江東区有明１,新交通ゆりかもめ「有明テニスの森」徒歩8分,2006年2月,180000000.0,2LDK,89.69,13.2,東京,江東,238,18000.0,662,新交通ゆりかもめ,有明テニスの森,35.6403728,139.7869359
ＨＡＲＵＭＩＦＬＡＧ　ＳＵＮＶＩＬＬＡＧＥ　Ｔ棟,東京都中央区晴海５,都営大江戸線「勝どき」徒歩14分,2025年10月,180000000.0,3LDK,71.51,15.72,東京,中央,2,18000.0,831,都営大江戸線,勝どき,35.6490356,139.7741538
千住ザ・タワー,東京都足立区千住１,東京メトロ千代田線「北千住」徒歩3分,2021年1月,180000000.0,3LDK,70.05,15.8,東京,足立,59,18000.0,848,東京メトロ千代田線,北千住,35.7480161,139.801319
ガレリアグランデ,東京都江東区有明１,新交通ゆりかもめ「有明テニスの森」徒歩10分,2006年2月,180000000.0,2LDK,89.69,13.2,東京,江東,238,18000.0,662,新交通ゆりかもめ,有明テニスの森,35.6403728,139.7869359
シティタワーズ豊洲ザ・シンボル,東京都江東区豊洲３,東京メトロ有楽町線「豊洲」徒歩6分,2009年12月,180000000.0,3LDK,82.35,5.68,東京,江東,192,18000.0,721,東京メトロ有楽町線,豊洲,35.6585681,139.7965242
ＨＡＲＵＭＩ　ＦＬＡＧ　ＳＵＮ　ＶＩＬＬＡＧＥ　Ｔ棟,東京都中央区晴海５,都営大江戸線「勝どき」徒歩14分,2025年8月,180000000.0,3LDK,71.51,15.72,東京,中央,4,18000.0,831,都営大江戸線,勝どき,35.6490356,139.7741538
シティタワーズ豊洲ザ・シンボル,東京都江東区豊洲３,東京メトロ有楽町線「豊洲」徒歩6分,2009年12月,180000000.0,3LDK,80.2,5.68,東京,江東,192,18000.0,741,東京メトロ有楽町線,豊洲,35.6585681,139.7965242
シティタワーズ豊洲ザ・シンボル,東京都江東区豊洲３,東京メトロ有楽町線「豊洲」徒歩7分,2009年12月,180000000.0,3LDK,80.2,5.68,東京,江東,192,18000.0,741,東京メトロ有楽町線,豊洲,35.6585681,139.7965242
パークタワー西新宿,東京都新宿区西新宿５,都営大江戸線「西新宿五丁目」徒歩6分,2024年11月,180000000.0,2LDK,61.02,12.42,東京,新宿,13,18000.0,973,都営大江戸線,西新宿五丁目,35.6948318,139.6866706
シティタワーズ豊洲ザ・シンボル,東京都江東区豊洲３,東京メトロ有楽町線「豊洲」徒歩6分,2009年12月,180000000.0,3LDK,82.35,5.68,東京,江東,192,18000.0,721,東京メトロ有楽町線,豊洲,35.6585681,139.7965242
ガレリアグランデ,東京都江東区有明１-2-11,新交通ゆりかもめ「有明テニスの森」徒歩8分,2006年2月,180000000.0,2LDK,89.69,13.2,東京,江東,238,18000.0,662,新交通ゆりかもめ,有明テニスの森,35.6416835,139.7951497
ドゥ・トゥール　ＷＥＳＴ,東京都中央区晴海３,都営大江戸線「勝どき」徒歩5分,2015年10月,181000000.0,2LDK,66.57,6.91,東京,中央,122,18100.0,897,都営大江戸線,勝どき,35.6548467,139.7786272
TOKYO SEA SOUTH ブランファーレ,東京都港区港南４,ＪＲ山手線「品川」徒歩12分,2004年6月,182000000.0,3LDK,95.67,14.43,東京,港,258,18200.0,628,ＪＲ山手線,品川,35.6273113,139.7485979
ブランズタワー豊洲,東京都江東区豊洲５-1-13,東京メトロ有楽町線「豊洲」徒歩5分,2021年10月,182000000.0,2LDK,58.02,12.13,東京,江東,50,18200.0,1035,東京メトロ有楽町線,豊洲,35.6520776,139.7941746
ブランズタワー豊洲,東京都江東区豊洲５,東京メトロ有楽町線「豊洲」徒歩5分,2021年10月,182000000.0,2LDK,58.02,12.13,東京,江東,50,18200.0,1035,東京メトロ有楽町線,豊洲,35.6505285,139.7965242
ＴＯＫＹＯ　ＳＥＡ　ＳＯＵＴＨ　ブランファーレ,東京都港区港南４-7-55,ＪＲ山手線「品川」徒歩12分,2004年6月,182000000.0,3LDK,95.67,14.43,東京,港,258,18200.0,628,ＪＲ山手線,品川,35.6293674,139.750761
ブランズタワー豊洲,東京都江東区豊洲５,東京メトロ有楽町線「豊洲」徒歩4分,2021年10月,182000000.0,2LDK,58.02,12.13,東京,江東,50,18200.0,1035,東京メトロ有楽町線,豊洲,35.6505285,139.7965242
グランスイート麻布台ヒルトップタワー,東京都港区麻布台３,東京メトロ南北線「六本木一丁目」徒歩7分,2014年1月,182000000.0,1LDK,40.67,7.2,東京,港,143,18200.0,1477,東京メトロ南北線,六本木一丁目,35.6601113,139.7380593
ブランズタワー豊洲,東京都江東区豊洲５,東京メトロ有楽町線「豊洲」徒歩5分,2021年10月,182000000.0,2LDK,58.02,12.13,東京,江東,50,18200.0,1035,東京メトロ有楽町線,豊洲,35.6505285,139.7965242
パークタワー西新宿,東京都新宿区西新宿５,都営大江戸線「西新宿五丁目」徒歩6分,2024年11月,182000000.0,2LDK,61.02,12.42,東京,新宿,13,18200.0,984,都営大江戸線,西新宿五丁目,35.6948318,139.6866706
ブランズタワー豊洲,東京都江東区豊洲５,東京メトロ有楽町線「豊洲」徒歩5分,2021年10月,182000000.0,2LDK,58.02,12.13,東京,江東,50,18200.0,1035,東京メトロ有楽町線,豊洲,35.6505285,139.7965242
勝どきザ・タワー,東京都中央区勝どき５-3-1,都営大江戸線「勝どき」徒歩8分,2016年11月,182000000.0,2LDK,73.32,12.28,東京,中央,109,18200.0,819,都営大江戸線,勝どき,35.65665329999999,139.7725581
Ｂｒｉｌｌｉａ　Ｔｏｗｅｒ　池袋　Ｗｅｓｔ,東京都豊島区池袋３,ＪＲ山手線「池袋」徒歩10分,2024年1月,182000000.0,2LDK,64.14,6.59,東京,豊島,23,18200.0,936,ＪＲ山手線,池袋,35.7364147,139.7045399
ブランズタワー豊洲,東京都江東区豊洲５-1-13,東京メトロ有楽町線「豊洲」徒歩5分,2021年10月,182000000.0,2LDK,58.02,12.13,東京,江東,50,18200.0,1035,東京メトロ有楽町線,豊洲,35.6520776,139.7941746
ＨＡＲＵＭＩ ＦＬＡＧ ＳＵＮ ＶＩＬＬＡＧＥ T棟,東京都中央区晴海５-5-7,都営大江戸線「勝どき」徒歩17分,2025年10月,182100000.0,3LDK,71.51,15.72,東京,中央,2,18210.0,840,都営大江戸線,勝どき,35.6505533,139.7736279
ＨＡＲＵＭＩ　ＦＬＡＧ　ＳＵＮ　ＶＩＬＬＡＧＥ　Ｔ棟,東京都中央区晴海５,都営大江戸線「勝どき」徒歩17分,2025年10月,182100000.0,3LDK,71.51,15.72,東京,中央,2,18210.0,840,都営大江戸線,勝どき,35.6490356,139.7741538
ＨＡＲＵＭＩ　ＦＬＡＧ　ＳＵＮ　ＶＩＬＬＡＧＥ　Ｔ棟,東京都中央区晴海５,都営大江戸線「勝どき」徒歩14分,2025年8月,182100000.0,3LDK,71.51,15.72,東京,中央,4,18210.0,840,都営大江戸線,勝どき,35.6490356,139.7741538
ＨＡＲＵＭＩ　ＦＬＡＧ　ＳＵＮ　ＶＩＬＬＡＧＥ　Ｔ棟,東京都中央区晴海５,都営大江戸線「勝どき」徒歩17分,2025年10月,182100000.0,3LDK,71.51,15.72,東京,中央,2,18210.0,840,都営大江戸線,勝どき,35.6490356,139.7741538
プラウドタワー目黒MARC,東京都品川区西五反田３,ＪＲ山手線「目黒」徒歩9分,2023年8月,182800000.0,2LDK,61.76,16.38,東京,品川,28,18280.0,977,ＪＲ山手線,目黒,35.6279656,139.717307
パークタワー勝どきサウス,東京都中央区勝どき４,都営大江戸線「勝どき」徒歩2分,2023年8月,182900000.0,2LDK,56.71,8.69,東京,中央,28,18290.0,1064,都営大江戸線,勝どき,35.6572676,139.7760709
ワールドシティタワーズ　キャピタルタワー,東京都港区港南４,ＪＲ山手線「品川」徒歩14分,2006年10月,183000000.0,3LDK,80.45,5.95,東京,港,230,18300.0,751,ＪＲ山手線,品川,35.6273113,139.7485979
ドゥ・トゥール　ＥＡＳＴ,東京都中央区晴海３,都営大江戸線「勝どき」徒歩5分,2015年9月,183000000.0,3LDK,70.98,5.08,東京,中央,123,18300.0,851,都営大江戸線,勝どき,35.6548467,139.7786272
コスモ東京ベイタワー,東京都中央区勝どき５,都営大江戸線「勝どき」徒歩10分,2000年10月,183000000.0,2LDK,119.02,11.2,東京,中央,302,18300.0,507,都営大江戸線,勝どき,35.657516,139.7709587
芝浦アイランドケープタワー,東京都港区芝浦４,ＪＲ山手線「田町」徒歩12分,2006年10月,183800000.0,3LDK,94.18,17.1,東京,港,230,18380.0,644,ＪＲ山手線,田町,35.6400662,139.7460429
ブランズタワー豊洲,東京都江東区豊洲５,東京メトロ有楽町線「豊洲」徒歩5分,2021年10月,184000000.0,2LDK,60.0,11.7,東京,江東,50,18400.0,1012,東京メトロ有楽町線,豊洲,35.6505285,139.7965242
ザ・パークハウス西新宿タワー60,東京都新宿区西新宿５,東京メトロ丸ノ内線「西新宿」徒歩9分,2017年8月,184800000.0,2LDK,78.96,12.77,東京,新宿,100,18480.0,772,東京メトロ丸ノ内線,西新宿,35.6948318,139.6866706
ザ・パークハウス西新宿タワー60,東京都新宿区西新宿５-5-1,東京メトロ丸ノ内線「西新宿」徒歩9分,2017年8月,184800000.0,2LDK,78.96,12.77,東京,新宿,100,18480.0,772,東京メトロ丸ノ内線,西新宿,35.6918758,139.7100852
ザ・パークハウス西新宿タワー60,東京都新宿区西新宿５,東京メトロ丸ノ内線「西新宿」徒歩9分,2017年8月,184800000.0,2LDK,78.96,12.77,東京,新宿,100,18480.0,772,東京メトロ丸ノ内線,西新宿,35.6948318,139.6866706
ＴＨＥ　ＴＯＫＹＯ　ＴＯＷＥＲＳ　ＭＩＤ　ＴＯＷＥＲ,東京都中央区勝どき６,都営大江戸線「勝どき」徒歩6分,2008年1月,184800000.0,3LDK,90.1,7.83,東京,中央,215,18480.0,677,都営大江戸線,勝どき,35.6550953,139.7735148
パークタワー芝浦ベイワードオーシャンウイング,東京都港区芝浦２,ＪＲ山手線「田町」徒歩9分,2005年5月,184800000.0,2LDK+S（納戸）,77.81,0.0,東京,港,247,18480.0,784,ＪＲ山手線,田町,35.6446055,139.7530694
ザ・パークハウス晴海タワーズ　クロノレジデンス,東京都中央区晴海２-3-30,都営大江戸線「勝どき」徒歩11分,2013年10月,184800000.0,3LDK,78.44,14.22,東京,中央,146,18480.0,777,都営大江戸線,勝どき,35.6552841,139.7848325
パークタワー晴海,東京都中央区晴海２-2-42,東京メトロ有楽町線「月島」徒歩11分,2019年2月,184900000.0,3LDK,72.94,16.59,東京,中央,82,18490.0,837,東京メトロ有楽町線,月島,35.6569192,139.7867489
DEUX　TOURS　CANAL＆SPA　EAST　…,東京都中央区晴海３,都営大江戸線「勝どき」徒歩5分,2015年9月,185000000.0,2LDK,70.7,5.08,東京,中央,123,18500.0,864,都営大江戸線,勝どき,35.6548467,139.7786272
プラウドタワー東池袋,東京都豊島区東池袋５,東京メトロ有楽町線「東池袋」徒歩5分,2019年2月,185000000.0,3LDK,81.72,15.38,東京,豊島,82,18500.0,747,東京メトロ有楽町線,東池袋,35.727424,139.7249685
シティタワーズ東京ベイセントラルタワー,東京都江東区有明２-1,新交通ゆりかもめ「有明テニスの森」徒歩8分,2019年7月,185000000.0,3LDK,70.35,18.92,東京,江東,77,18500.0,868,新交通ゆりかもめ,有明テニスの森,35.6389401,139.793766
パークタワー勝どきサウス,東京都中央区勝どき４,都営大江戸線「勝どき」徒歩2分,2023年8月,185000000.0,2LDK,57.99,10.65,東京,中央,28,18500.0,1053,都営大江戸線,勝どき,35.6572676,139.7760709
Ｂｒｉｌｌｉａ　Ｔｏｗｅｒ池袋Ｗｅｓｔ,東京都豊島区池袋３,東京メトロ副都心線「池袋」徒歩5分,2024年1月,185000000.0,2LDK,64.14,6.59,東京,豊島,23,18500.0,952,東京メトロ副都心線,池袋,35.7364147,139.7045399
ザ・パークハウス三田タワー,東京都港区三田２,都営大江戸線「赤羽橋」徒歩7分,2021年4月,185000000.0,1LDK,60.75,8.77,東京,港,56,18500.0,1005,都営大江戸線,赤羽橋,35.6494981,139.7409333
ＷＯＲＬＤ　ＴＯＷＥＲ　ＲＥＳＩＤＥＮＣＥ,東京都港区浜松町２,ＪＲ山手線「浜松町」徒歩2分,2025年3月,185000000.0,1LDK,40.15,7.76,東京,港,9,18500.0,1521,ＪＲ山手線,浜松町,35.6548149,139.7556247
パークタワー晴海,東京都中央区晴海２,都営大江戸線「月島」徒歩12分,2019年2月,185000000.0,3LDK,81.64,22.0,東京,中央,82,18500.0,748,都営大江戸線,月島,35.6564518,139.7869359
パークタワー晴海,東京都中央区晴海２,都営大江戸線「月島」徒歩11分,2019年2月,185000000.0,2LDK,81.64,22.0,東京,中央,82,18500.0,748,都営大江戸線,月島,35.6564518,139.7869359
パークタワー晴海,東京都中央区晴海２-2-42,都営大江戸線「勝どき」徒歩14分,2019年6月,185000000.0,2LDK,81.64,22.0,東京,中央,78,18500.0,748,都営大江戸線,勝どき,35.6569192,139.7867489
ドゥ・トゥールEAST,東京都中央区晴海３,都営大江戸線「勝どき」徒歩5分,2015年9月,185000000.0,2LDK,70.98,5.08,東京,中央,123,18500.0,860,都営大江戸線,勝どき,35.6548467,139.7786272
大江戸タワーレジデンス,東京都台東区蔵前２,都営大江戸線「蔵前」徒歩2分,2015年1月,185000000.0,3LDK,64.48,12.0,東京,台東,131,18500.0,947,都営大江戸線,蔵前,35.7029584,139.7926887
Brillia Mare 有明 TOWER＆GARD…,東京都江東区有明１-4-11,新交通ゆりかもめ「有明テニスの森」徒歩5分,2008年12月,185000000.0,3LDK,97.61,18.27,東京,江東,204,18500.0,625,新交通ゆりかもめ,有明テニスの森,35.63575,139.785878
コスモポリス品川,東京都港区港南３,ＪＲ山手線「品川」徒歩11分,2005年2月,185000000.0,2LDK+S（納戸）,80.08,15.91,東京,港,250,18500.0,762,ＪＲ山手線,品川,35.633247,139.7505142
ブランズタワー豊洲,東京都江東区豊洲５,東京メトロ有楽町線「豊洲」徒歩5分,2021年10月,185800000.0,2LDK,64.86,17.11,東京,江東,50,18580.0,945,東京メトロ有楽町線,豊洲,35.6505285,139.7965242
ドゥ・トゥール　ＥＡＳＴ,東京都中央区晴海３,都営大江戸線「勝どき」徒歩5分,2015年9月,186000000.0,2LDK,70.7,5.08,東京,中央,123,18600.0,868,都営大江戸線,勝どき,35.6548467,139.7786272
パークシティ大崎　ザ　タワー,東京都品川区北品川５,ＪＲ山手線「大崎」徒歩6分,2015年4月,186000000.0,2LDK,60.5,10.22,東京,品川,128,18600.0,1015,ＪＲ山手線,大崎,35.6214836,139.7326311
シティタワーズ豊洲ザ・シンボル,東京都江東区豊洲３-6-8,東京メトロ有楽町線「豊洲」徒歩6分,2009年12月,186000000.0,3LDK,82.35,5.68,東京,江東,192,18600.0,745,東京メトロ有楽町線,豊洲,35.65954,139.7964205
シティタワーズ豊洲ザ・シンボル,東京都江東区豊洲３,東京メトロ有楽町線「豊洲」徒歩6分,2009年12月,186000000.0,3LDK,82.35,5.68,東京,江東,192,18600.0,745,東京メトロ有楽町線,豊洲,35.6585681,139.7965242
シティタワーズ豊洲ザ・シンボル,東京都江東区豊洲３,東京メトロ有楽町線「豊洲」徒歩6分,2009年12月,186000000.0,3LDK,80.2,5.68,東京,江東,192,18600.0,765,東京メトロ有楽町線,豊洲,35.6585681,139.7965242
シティタワーズ豊洲ザ・シンボル,東京都江東区豊洲３,東京メトロ有楽町線「豊洲」徒歩7分,2009年12月,186000000.0,3LDK,82.35,5.68,東京,江東,192,18600.0,745,東京メトロ有楽町線,豊洲,35.6585681,139.7965242
シティタワーズ豊洲ザ・シンボル,東京都江東区豊洲３,東京メトロ有楽町線「豊洲」徒歩6分,2009年12月,186000000.0,3LDK,80.2,5.68,東京,江東,192,18600.0,765,東京メトロ有楽町線,豊洲,35.6585681,139.7965242
シティタワーズ豊洲ザ・シンボル,東京都江東区豊洲３-6-8,東京メトロ有楽町線「豊洲」徒歩6分,2009年12月,186000000.0,3LDK,82.35,5.68,東京,江東,192,18600.0,745,東京メトロ有楽町線,豊洲,35.65954,139.7964205
ザ・パークハウス晴海タワーズ　ティアロレジデンス　1…,東京都中央区晴海２,都営大江戸線「勝どき」徒歩13分,2016年4月,187000000.0,3LDK,85.73,33.42,東京,中央,116,18700.0,720,都営大江戸線,勝どき,35.6564518,139.7869359
ドゥ・トゥール　ＥＡＳＴ,東京都中央区晴海３,都営大江戸線「勝どき」徒歩5分,2015年9月,187000000.0,2LDK,70.7,5.08,東京,中央,123,18700.0,873,都営大江戸線,勝どき,35.6548467,139.7786272
シティタワーズ東京ベイ　ウエストタワー,東京都江東区有明２,新交通ゆりかもめ「有明」徒歩3分,2019年7月,187000000.0,2LDK,71.16,19.62,東京,江東,77,18700.0,867,新交通ゆりかもめ,有明,35.6388488,139.7946064
富久クロスコンフォートタワー,東京都新宿区富久町,東京メトロ丸ノ内線「新宿御苑前」徒歩5分,2015年3月,187900000.0,3LDK,58.03,11.29,東京,新宿,129,18790.0,1069,東京メトロ丸ノ内線,新宿御苑前,35.6934999,139.7147533
富久クロスコンフォートタワー,東京都新宿区富久町,東京メトロ丸ノ内線「新宿御苑前」徒歩5分,2015年4月,187900000.0,2LDK,58.03,11.29,東京,新宿,128,18790.0,1069,東京メトロ丸ノ内線,新宿御苑前,35.6934999,139.7147533
勝どきザ・タワー,東京都中央区勝どき５,都営大江戸線「勝どき」徒歩9分,2016年11月,188000000.0,2LDK,58.94,8.42,東京,中央,109,18800.0,1053,都営大江戸線,勝どき,35.657516,139.7709587
パークシティ中央湊ザ・タワー,東京都中央区湊２-15-14,東京メトロ日比谷線「八丁堀」徒歩6分,2017年11月,188000000.0,2LDK,51.18,12.42,東京,中央,97,18800.0,1212,東京メトロ日比谷線,八丁堀,35.6712196,139.7806244
ＴＨＥ　ＴＯＹＯＳＵ　ＴＯＷＥＲ,東京都江東区豊洲３,東京メトロ有楽町線「豊洲」徒歩6分,2008年10月,188000000.0,4LDK,85.82,17.56,東京,江東,206,18800.0,723,東京メトロ有楽町線,豊洲,35.6585681,139.7965242
シティタワーズ豊洲ザ・ツイン,東京都江東区豊洲３,東京メトロ有楽町線「豊洲」徒歩4分,2009年2月,188000000.0,1RM,87.44,5.21,東京,江東,202,18800.0,710,東京メトロ有楽町線,豊洲,35.6585681,139.7965242
シーフォートタワー,東京都品川区東品川２,東京モノレール「天王洲アイル」徒歩2分,1992年6月,188000000.0,2LDK,120.37,2.87,東京,品川,402,18800.0,515,東京モノレール,天王洲アイル,35.6214449,139.751153
パークシティ中央湊ザタワー,東京都中央区湊２,東京メトロ日比谷線「八丁堀」徒歩6分,2017年11月,188000000.0,2LDK,51.18,12.42,東京,中央,97,18800.0,1212,東京メトロ日比谷線,八丁堀,35.6709568,139.780864
パークシティ中央湊　ザタワー,東京都中央区湊２,東京メトロ日比谷線「八丁堀」徒歩6分,2017年11月,188000000.0,2LDK,51.18,12.42,東京,中央,97,18800.0,1212,東京メトロ日比谷線,八丁堀,35.6709568,139.780864
シティタワー新宿,東京都新宿区西新宿５,東京メトロ丸ノ内線「西新宿」徒歩7分,2023年2月,188000000.0,2LDK,55.98,15.11,東京,新宿,34,18800.0,1108,東京メトロ丸ノ内線,西新宿,35.6948318,139.6866706
ＨＡＲＵＭＩ　ＦＬＡＧ　ＰＡＲＫ　ＶＩＬＬＡＧＥ　Ｔ…,東京都中央区晴海５,都営大江戸線「勝どき」徒歩15分,2025年8月,188000000.0,3LDK,71.01,18.6,東京,中央,4,18800.0,874,都営大江戸線,勝どき,35.6490356,139.7741538
勝どきザ・タワー,東京都中央区勝どき５,都営大江戸線「勝どき」徒歩7分,2016年11月,188000000.0,2LDK,58.94,8.42,東京,中央,109,18800.0,1053,都営大江戸線,勝どき,35.657516,139.7709587
白金タワー,東京都港区白金１,東京メトロ南北線「白金高輪」徒歩1分,2005年9月,188000000.0,1LDK,55.11,8.09,東京,港,243,18800.0,1126,東京メトロ南北線,白金高輪,35.6449583,139.7339083
HARUMI FLAG PARK VILLAGE T…,東京都中央区晴海５-6,都営大江戸線「勝どき」徒歩16分,2025年9月,188000000.0,3LDK,71.01,18.06,東京,中央,3,18800.0,874,都営大江戸線,勝どき,35.6492486,139.7737587
Wコンフォートタワーズ　WEST,東京都江東区東雲１,東京メトロ有楽町線「辰巳」徒歩8分,2005年2月,188000000.0,2LDK+S（納戸）,109.45,16.5,東京,江東,250,18800.0,567,東京メトロ有楽町線,辰巳,35.6465138,139.802278
パークシティ中央湊ザタワー,東京都中央区湊２,ＪＲ京葉線「八丁堀」徒歩6分,2017年11月,188000000.0,2LDK,51.18,12.42,東京,中央,97,18800.0,1212,ＪＲ京葉線,八丁堀,35.6709568,139.780864
シティタワーズ豊洲ザ・ツイン　サウスタワー,東京都江東区豊洲３,東京メトロ有楽町線「豊洲」徒歩4分,2009年2月,188000000.0,2LDK,79.11,5.68,東京,江東,202,18800.0,784,東京メトロ有楽町線,豊洲,35.6585681,139.7965242
シティタワー新宿,東京都新宿区西新宿５,東京メトロ丸ノ内線「西新宿」徒歩8分,2023年2月,188000000.0,2LDK,65.1,15.33,東京,新宿,34,18800.0,953,東京メトロ丸ノ内線,西新宿,35.6948318,139.6866706
勝どきザ・タワー,東京都中央区勝どき５,都営大江戸線「勝どき」徒歩7分,2016年11月,188000000.0,2LDK,58.94,8.42,東京,中央,109,18800.0,1053,都営大江戸線,勝どき,35.657516,139.7709587
シーフォートスクエア,東京都品川区東品川２,東京モノレール「天王洲アイル」徒歩2分,1992年6月,188000000.0,2LDK,120.37,2.87,東京,品川,402,18800.0,515,東京モノレール,天王洲アイル,35.6214449,139.751153
パークシティ中央湊ザタワー,東京都中央区湊２,東京メトロ日比谷線「八丁堀」徒歩6分,2017年11月,188000000.0,2LDK,51.18,12.42,東京,中央,97,18800.0,1212,東京メトロ日比谷線,八丁堀,35.6709568,139.780864
パークタワー晴海,東京都中央区晴海２,東京メトロ有楽町線「月島」徒歩12分,2019年2月,188000000.0,2LDK,69.25,0.0,東京,中央,82,18800.0,896,東京メトロ有楽町線,月島,35.6564518,139.7869359
勝どきザ・タワー,東京都中央区勝どき５,都営大江戸線「勝どき」徒歩7分,2016年11月,188000000.0,2LDK,58.94,8.42,東京,中央,109,18800.0,1053,都営大江戸線,勝どき,35.657516,139.7709587
パークタワー晴海,東京都中央区晴海２,東京メトロ有楽町線「月島」徒歩12分,2019年2月,188000000.0,3LDK,70.84,17.2,東京,中央,82,18800.0,876,東京メトロ有楽町線,月島,35.6564518,139.7869359
勝どきザ・タワー,東京都中央区勝どき５,都営大江戸線「勝どき」徒歩7分,2016年11月,188000000.0,2LDK,74.47,12.62,東京,中央,109,18800.0,833,都営大江戸線,勝どき,35.657516,139.7709587
シティタワーズ豊洲ザ・ツイン サウスタワー,東京都江東区豊洲３,東京メトロ有楽町線「豊洲」徒歩5分,2009年2月,188000000.0,1RM,87.44,5.21,東京,江東,202,18800.0,710,東京メトロ有楽町線,豊洲,35.6585681,139.7965242
勝どきザ・タワー,東京都中央区勝どき５,都営大江戸線「勝どき」徒歩7分,2016年11月,188000000.0,2LDK,58.94,8.42,東京,中央,109,18800.0,1053,都営大江戸線,勝どき,35.657516,139.7709587
パークタワー晴海,東京都中央区晴海２,東京メトロ有楽町線「月島」徒歩12分,2019年2月,188000000.0,3LDK,70.84,17.2,東京,中央,82,18800.0,876,東京メトロ有楽町線,月島,35.6564518,139.7869359
勝どきザ・タワー,東京都中央区勝どき５,都営大江戸線「勝どき」徒歩8分,2016年11月,188000000.0,2LDK,58.94,8.42,東京,中央,109,18800.0,1053,都営大江戸線,勝どき,35.657516,139.7709587
勝どきザ・タワー,東京都中央区勝どき５,都営大江戸線「勝どき」徒歩7分,2016年11月,188000000.0,2LDK,58.94,8.42,東京,中央,109,18800.0,1053,都営大江戸線,勝どき,35.657516,139.7709587
シティタワーズ豊洲ザ・ツイン,東京都江東区豊洲３,東京メトロ有楽町線「豊洲」徒歩4分,2009年2月,188000000.0,1RM,87.44,5.21,東京,江東,202,18800.0,710,東京メトロ有楽町線,豊洲,35.6585681,139.7965242
ガレリアグランデ,東京都江東区有明１,新交通ゆりかもめ「有明テニスの森」徒歩7分,2006年2月,188000000.0,2LDK,89.69,13.02,東京,江東,238,18800.0,692,新交通ゆりかもめ,有明テニスの森,35.6403728,139.7869359
パークシティ中央湊ザ・タワー,東京都中央区湊２,ＪＲ京葉線「八丁堀」徒歩6分,2017年11月,188000000.0,2LDK,51.18,12.42,東京,中央,97,18800.0,1212,ＪＲ京葉線,八丁堀,35.6709568,139.780864
ザ・ヒルトップタワー高輪台,東京都港区高輪３,都営浅草線「高輪台」徒歩1分,2010年3月,188000000.0,2LDK,58.2,4.47,東京,港,189,18800.0,1066,都営浅草線,高輪台,35.6326476,139.7332697
勝どきザ・タワー,東京都中央区勝どき５,都営大江戸線「勝どき」徒歩8分,2016年11月,188000000.0,2LDK,58.94,8.42,東京,中央,109,18800.0,1053,都営大江戸線,勝どき,35.657516,139.7709587
勝どきザ・タワー,東京都中央区勝どき５,都営大江戸線「勝どき」徒歩7分,2016年11月,188000000.0,2LDK,58.94,8.42,東京,中央,109,18800.0,1053,都営大江戸線,勝どき,35.657516,139.7709587
パークシティ中央湊ザタワー,東京都中央区湊２,ＪＲ京葉線「八丁堀」徒歩6分,2017年11月,188000000.0,2LDK,51.18,12.42,東京,中央,97,18800.0,1212,ＪＲ京葉線,八丁堀,35.6709568,139.780864
パークシティ中央湊 ザ タワー,東京都中央区湊２,ＪＲ京葉線「八丁堀」徒歩5分,2017年11月,188000000.0,2LDK,51.18,12.42,東京,中央,97,18800.0,1212,ＪＲ京葉線,八丁堀,35.6709568,139.780864
勝どきザ・タワー,東京都中央区勝どき５-3-1,都営大江戸線「勝どき」徒歩7分,2016年11月,188000000.0,2LDK,58.94,8.42,東京,中央,109,18800.0,1053,都営大江戸線,勝どき,35.65665329999999,139.7725581
勝どきザ・タワー,東京都中央区勝どき５,都営大江戸線「勝どき」徒歩7分,2016年11月,188000000.0,2LDK,58.94,8.42,東京,中央,109,18800.0,1053,都営大江戸線,勝どき,35.657516,139.7709587
キャピタルマークタワー,東京都港区芝浦４,ＪＲ山手線「田町」徒歩8分,2007年10月,188000000.0,1LDK+S（納戸）,75.59,14.01,東京,港,218,18800.0,821,ＪＲ山手線,田町,35.6400662,139.7460429
パークタワー西新宿,東京都新宿区西新宿５,都営大江戸線「西新宿五丁目」徒歩6分,2024年11月,188800000.0,2LDK,60.45,12.07,東京,新宿,13,18880.0,1031,都営大江戸線,西新宿五丁目,35.6948318,139.6866706
セントラルレジデンス新宿シティタワー,東京都新宿区西新宿７-7-19,ＪＲ山手線「新宿」徒歩11分,2001年12月,188800000.0,3LDK,78.65,15.89,東京,新宿,288,18880.0,792,ＪＲ山手線,新宿,35.697327,139.6968084
キャピタルマークタワー,東京都港区芝浦４,ＪＲ山手線「田町」徒歩9分,2007年10月,188800000.0,2LDK,75.59,14.01,東京,港,218,18880.0,824,ＪＲ山手線,田町,35.6400662,139.7460429
【 パークタワー西新宿 】～居住するSDGs～,東京都新宿区西新宿５-6-1,都営大江戸線「西新宿五丁目」徒歩6分,2024年11月,188800000.0,2LDK,60.45,12.07,東京,新宿,13,18880.0,1031,都営大江戸線,西新宿五丁目,35.6932238,139.6866502
ＴＯＫＹＯ　ＳＥＡ　ＳＯＵＴＨ　ブランファーレ,東京都港区港南４,ＪＲ山手線「品川」徒歩12分,2004年6月,189000000.0,3LDK,87.52,6.57,東京,港,258,18900.0,713,ＪＲ山手線,品川,35.6273113,139.7485979
ワールドシティタワーズ　アクアタワー,東京都港区港南４,ＪＲ山手線「品川」徒歩15分,2005年10月,189000000.0,2LDK,84.11,4.82,東京,港,242,18900.0,742,ＪＲ山手線,品川,35.6273113,139.7485979
ザ・パークハウス三田ガーデンタワー,東京都港区三田５,東京メトロ南北線「白金高輪」徒歩8分,2021年10月,189000000.0,2LDK,58.65,9.6,東京,港,50,18900.0,1063,東京メトロ南北線,白金高輪,35.6464953,139.73774
ドゥ・トゥール　ＥＡＳＴ,東京都中央区晴海３,都営大江戸線「勝どき」徒歩5分,2015年9月,189000000.0,3LDK,72.95,7.57,東京,中央,123,18900.0,855,都営大江戸線,勝どき,35.6548467,139.7786272
東京シーサウスブランファーレ,東京都港区港南４,ＪＲ山手線「品川」徒歩13分,2004年6月,189000000.0,3LDK,87.52,6.57,東京,港,258,18900.0,713,ＪＲ山手線,品川,35.6273113,139.7485979
パークタワー西新宿,東京都新宿区西新宿５,都営大江戸線「西新宿五丁目」徒歩6分,2024年11月,189000000.0,1LDK,61.93,10.46,東京,新宿,13,18900.0,1007,都営大江戸線,西新宿五丁目,35.6948318,139.6866706
ザ・パークハウス三田ガーデン タワー棟,東京都港区三田５,東京メトロ南北線「白金高輪」徒歩8分,2021年10月,189000000.0,2LDK,58.65,9.6,東京,港,50,18900.0,1063,東京メトロ南北線,白金高輪,35.6464953,139.73774
ワールドシティタワーズ　アクアタワー,東京都港区港南４,ＪＲ山手線「品川」徒歩15分,2005年10月,189000000.0,2LDK,84.11,4.82,東京,港,242,18900.0,742,ＪＲ山手線,品川,35.6273113,139.7485979
シティタワーズ豊洲ザ・シンボル,東京都江東区豊洲３,東京メトロ有楽町線「豊洲」徒歩7分,2009年11月,189000000.0,2LDK,80.02,5.68,東京,江東,193,18900.0,779,東京メトロ有楽町線,豊洲,35.6585681,139.7965242
シティタワーズ東京ベイ　セントラルタワー,東京都江東区有明２,新交通ゆりかもめ「有明」徒歩4分,2019年7月,189000000.0,3LDK,70.27,19.85,東京,江東,77,18900.0,888,新交通ゆりかもめ,有明,35.6388488,139.7946064
アーバンドック　パークシティ豊洲　タワーＢ,東京都江東区豊洲２,東京メトロ有楽町線「豊洲」徒歩6分,2007年11月,189000000.0,2LDK,80.23,39.62,東京,江東,217,18900.0,777,東京メトロ有楽町線,豊洲,35.6553723,139.7914102
シティタワーズ豊洲ザ・シンボル,東京都江東区豊洲３,東京メトロ有楽町線「豊洲」徒歩6分,2009年11月,189000000.0,2LDK,82.17,0.0,東京,江東,193,18900.0,759,東京メトロ有楽町線,豊洲,35.6585681,139.7965242
ＨＡＲＵＭＩ　ＦＬＡＧ　ＰＡＲＫ　ＶＩＬＬＡＧＥ　Ｔ…,東京都中央区晴海５,都営大江戸線「勝どき」徒歩15分,2025年8月,189800000.0,3LDK,71.45,18.1,東京,中央,4,18980.0,877,都営大江戸線,勝どき,35.6490356,139.7741538
スカイズ　タワー＆ガーデン,東京都江東区豊洲６,新交通ゆりかもめ「新豊洲」徒歩5分,2014年8月,189800000.0,3LDK,77.73,18.88,東京,江東,136,18980.0,806,新交通ゆりかもめ,新豊洲,35.6456038,139.7856575
大崎ウエストシティタワーズ,東京都品川区大崎２,ＪＲ山手線「大崎」徒歩4分,2009年9月,189800000.0,2LDK,60.63,6.88,東京,品川,195,18980.0,1033,ＪＲ山手線,大崎,35.6177742,139.7262455
シティタワー武蔵小山,東京都品川区小山３,東急目黒線「武蔵小山」徒歩2分,2021年4月,189800000.0,2LDK,60.39,18.7,東京,品川,56,18980.0,1037,東急目黒線,武蔵小山,35.6205453,139.7045399
パークタワー品川ベイワード,東京都港区港南３,ＪＲ山手線「品川」徒歩14分,2005年11月,189800000.0,3LDK,95.06,22.0,東京,港,241,18980.0,659,ＪＲ山手線,品川,35.633247,139.7505142
コンシェリア西新宿ＴＯＷＥＲ’Ｓ　ＷＥＳＴ,東京都新宿区西新宿６,都営大江戸線「西新宿五丁目」徒歩6分,2008年1月,189800000.0,2LDK,77.51,14.3,東京,新宿,215,18980.0,808,都営大江戸線,西新宿五丁目,35.6929304,139.6904993
ワールドシティタワーズ　アクアタワー,東京都港区港南４,ＪＲ山手線「品川」徒歩14分,2005年10月,189900000.0,3LDK,91.06,11.07,東京,港,242,18990.0,688,ＪＲ山手線,品川,35.6273113,139.7485979
ローレルタワールネ浜松町,東京都港区海岸２-5-1,新交通ゆりかもめ「日の出」徒歩1分,2020年1月,189900000.0,2LDK,66.34,6.0,東京,港,71,18990.0,945,新交通ゆりかもめ,日の出,35.6481536,139.75829
ドゥトゥールＥＡＳＴ,東京都中央区晴海３,都営大江戸線「勝どき」徒歩5分,2015年9月,189900000.0,3LDK,70.98,5.08,東京,中央,123,18990.0,883,都営大江戸線,勝どき,35.6548467,139.7786272
ローレルタワールネ浜松町,東京都港区海岸２-5-1,新交通ゆりかもめ「日の出」徒歩1分,2020年1月,189900000.0,2LDK,66.34,6.0,東京,港,71,18990.0,945,新交通ゆりかもめ,日の出,35.6481536,139.75829
ローレルタワールネ浜松町,東京都港区海岸２,新交通ゆりかもめ「日の出」徒歩2分,2020年1月,189900000.0,2LDK,66.34,6.0,東京,港,71,18990.0,945,新交通ゆりかもめ,日の出,35.6501388,139.7589234
ブランズタワー芝浦,東京都港区芝浦２-9-1,ＪＲ山手線「田町」徒歩8分,2021年9月,190000000.0,2LDK,65.22,14.43,東京,港,51,19000.0,961,ＪＲ山手線,田町,35.6435355,139.7530128
ザ・パークハウス三軒茶屋タワー,東京都世田谷区上馬１,東急田園都市線「三軒茶屋」徒歩9分,2012年2月,190000000.0,3LDK,71.3,8.92,東京,世田谷,166,19000.0,879,東急田園都市線,三軒茶屋,35.6383248,139.6688067
シティタワーズ東京ベイ　イーストタワー,東京都江東区有明２,新交通ゆりかもめ「有明」徒歩6分,2019年7月,190000000.0,3LDK,72.92,21.72,東京,江東,77,19000.0,860,新交通ゆりかもめ,有明,35.6388488,139.7946064
パークタワー西新宿,東京都新宿区西新宿５,都営大江戸線「西新宿五丁目」徒歩6分,2024年11月,190000000.0,2LDK,62.18,12.23,東京,新宿,13,19000.0,1008,都営大江戸線,西新宿五丁目,35.6948318,139.6866706
グランドミレーニア,東京都豊島区南池袋１,ＪＲ山手線「池袋」徒歩6分,2015年2月,190000000.0,3LDK,67.45,5.64,東京,豊島,130,19000.0,930,ＪＲ山手線,池袋,35.7275147,139.7109231
パークタワー西新宿,東京都新宿区西新宿５,都営大江戸線「西新宿五丁目」徒歩6分,2024年11月,190000000.0,2LDK,60.45,12.07,東京,新宿,13,19000.0,1037,都営大江戸線,西新宿五丁目,35.6948318,139.6866706
シティタワー銀座東,東京都中央区湊２,ＪＲ京葉線「八丁堀」徒歩5分,2019年1月,190000000.0,2LDK,72.63,6.0,東京,中央,83,19000.0,863,ＪＲ京葉線,八丁堀,35.6709568,139.780864
パークタワー西新宿,東京都新宿区西新宿５,都営大江戸線「西新宿五丁目」徒歩6分,2024年11月,190000000.0,2LDK,62.18,12.23,東京,新宿,13,19000.0,1008,都営大江戸線,西新宿五丁目,35.6948318,139.6866706
ブランズタワー豊洲,東京都江東区豊洲５,東京メトロ有楽町線「豊洲」徒歩5分,2021年10月,190000000.0,2LDK,63.0,13.14,東京,江東,50,19000.0,995,東京メトロ有楽町線,豊洲,35.6505285,139.7965242
パークタワー西新宿,東京都新宿区西新宿５,都営大江戸線「西新宿五丁目」徒歩6分,2024年11月,190000000.0,2LDK,62.18,12.23,東京,新宿,13,19000.0,1008,都営大江戸線,西新宿五丁目,35.6948318,139.6866706
WコンフォートタワーズWEST,東京都江東区東雲１,東京メトロ有楽町線「辰巳」徒歩12分,2005年2月,190000000.0,2LDK+S（納戸）,111.54,30.8,東京,江東,250,19000.0,562,東京メトロ有楽町線,辰巳,35.6465138,139.802278
HARUMI FLAG PARK VILLAGE T…,東京都中央区晴海５-6-7,都営大江戸線「勝どき」徒歩16分,2025年10月,190000000.0,3LDK,71.45,18.1,東京,中央,2,19000.0,878,都営大江戸線,勝どき,35.6497754,139.7745565
ドゥ・トゥール　ＥＡＳＴ,東京都中央区晴海３,都営大江戸線「勝どき」徒歩5分,2015年10月,190000000.0,2LDK,70.98,5.08,東京,中央,122,19000.0,883,都営大江戸線,勝どき,35.6548467,139.7786272
Ｗコンフォートタワーズ　ウエスト　,東京都江東区東雲１,東京メトロ有楽町線「辰巳」徒歩8分,2005年2月,190000000.0,3LDK,111.54,30.8,東京,江東,250,19000.0,562,東京メトロ有楽町線,辰巳,35.6465138,139.802278
パークタワー西新宿,東京都新宿区西新宿５,都営大江戸線「西新宿五丁目」徒歩6分,2024年11月,190000000.0,2LDK,60.45,12.07,東京,新宿,13,19000.0,1037,都営大江戸線,西新宿五丁目,35.6948318,139.6866706
Ｗ　Ｃｏｍｆｏｒｔ　Ｔｏｗｅｒｓ　ＷＥＳＴ,東京都江東区東雲１,東京メトロ有楽町線「辰巳」徒歩8分,2005年2月,190000000.0,3LDK,111.54,30.8,東京,江東,250,19000.0,562,東京メトロ有楽町線,辰巳,35.6465138,139.802278
ブランズタワー芝浦,東京都港区芝浦２,ＪＲ山手線「田町」徒歩8分,2021年9月,190000000.0,2LDK+S（納戸）,65.22,14.43,東京,港,51,19000.0,961,ＪＲ山手線,田町,35.6446055,139.7530694
カテリーナ三田タワースイートウェストアーク,東京都港区芝４,都営三田線「三田」徒歩3分,2006年8月,190000000.0,1LDK,55.82,10.03,東京,港,232,19000.0,1123,都営三田線,三田,35.6481737,139.7505142
ワールドシティタワーズ　キャピタルタワー,東京都港区港南４-6-8,ＪＲ山手線「品川」徒歩14分,2006年10月,191000000.0,2LDK,80.45,5.95,東京,港,230,19100.0,783,ＪＲ山手線,品川,35.6278646,139.7506623
ワールドシティタワーズキャピタルタワー,東京都港区港南４,ＪＲ山手線「品川」徒歩15分,2006年10月,191000000.0,2LDK,80.45,5.95,東京,港,230,19100.0,783,ＪＲ山手線,品川,35.6273113,139.7485979
ワールドシティタワーズ　キャピタルタワー,東京都港区港南４,ＪＲ山手線「品川」徒歩14分,2006年10月,191000000.0,2LDK,80.45,5.95,東京,港,230,19100.0,783,ＪＲ山手線,品川,35.6273113,139.7485979
アーバンドックパークシティ豊洲タワー A,東京都江東区豊洲２,東京メトロ有楽町線「豊洲」徒歩6分,2008年2月,192000000.0,2LDK,70.55,17.6,東京,江東,214,19200.0,898,東京メトロ有楽町線,豊洲,35.6553723,139.7914102
パークホームズ豊洲ザ レジデンス,東京都江東区豊洲５-6-29,東京メトロ有楽町線「豊洲」徒歩5分,2016年10月,192000000.0,3LDK,81.27,18.7,東京,江東,110,19200.0,780,東京メトロ有楽町線,豊洲,35.6511139,139.7967133
ワールドシティタワーズ・アクアタワー,東京都港区港南４-6-1,東京モノレール「天王洲アイル」徒歩5分,2005年10月,192000000.0,3LDK,86.85,6.1,東京,港,242,19200.0,730,東京モノレール,天王洲アイル,35.6268248,139.7515922
WORLD CITY TOWERS -AquaTOW…,東京都港区港南４,東京モノレール「天王洲アイル」徒歩4分,2005年10月,192000000.0,3LDK,86.85,6.1,東京,港,242,19200.0,730,東京モノレール,天王洲アイル,35.6273113,139.7485979
ＨＡＲＵＭＩ　ＦＬＡＧ　ＰＡＲＫ　ＶＩＬＬＡＧＥ　Ｔ…,東京都中央区晴海５,都営大江戸線「勝どき」徒歩15分,2025年8月,192600000.0,3LDK,70.14,15.9,東京,中央,4,19260.0,906,都営大江戸線,勝どき,35.6490356,139.7741538
パークタワー西新宿,東京都新宿区西新宿５,都営大江戸線「西新宿五丁目」徒歩6分,2024年11月,192800000.0,1LDK,61.93,10.46,東京,新宿,13,19280.0,1027,都営大江戸線,西新宿五丁目,35.6948318,139.6866706
アーバンドック　パークシティ豊洲　タワーＢ,東京都江東区豊洲２,東京メトロ有楽町線「豊洲」徒歩6分,2007年11月,192800000.0,3LDK,70.23,20.6,東京,江東,217,19280.0,906,東京メトロ有楽町線,豊洲,35.6553723,139.7914102
スカイフォレストレジデンス,東京都新宿区大久保３,ＪＲ山手線「高田馬場」徒歩7分,2014年12月,193800000.0,3LDK,76.29,5.6,東京,新宿,132,19380.0,838,ＪＲ山手線,高田馬場,35.7066016,139.7045399
ドゥ・トゥール　ＥＡＳＴ,東京都中央区晴海３,都営大江戸線「勝どき」徒歩5分,2015年10月,193900000.0,2LDK,70.98,5.08,東京,中央,122,19390.0,901,都営大江戸線,勝どき,35.6548467,139.7786272
ＷコンフォートタワーズＥＡＳＴ,東京都江東区東雲１,東京メトロ有楽町線「辰巳」徒歩8分,2004年10月,194000000.0,3LDK,113.02,17.08,東京,江東,254,19400.0,566,東京メトロ有楽町線,辰巳,35.6465138,139.802278
Brillia THE TOWER TOKYO YA…,東京都中央区新川２,ＪＲ京葉線「八丁堀」徒歩1分,2017年9月,194800000.0,2LDK+S（納戸）,71.16,7.95,東京,中央,99,19480.0,903,ＪＲ京葉線,八丁堀,35.6736061,139.7824618
ミッドタワーグランド,東京都中央区月島１,東京メトロ有楽町線「月島」徒歩2分,2020年10月,194800000.0,2LDK,65.0,15.29,東京,中央,62,19480.0,989,東京メトロ有楽町線,月島,35.6644207,139.7824618
ブリリアザタワー東京八重洲アベニュー,東京都中央区新川２,ＪＲ京葉線「八丁堀」徒歩1分,2017年9月,194800000.0,2LDK,71.16,7.95,東京,中央,99,19480.0,903,ＪＲ京葉線,八丁堀,35.6736061,139.7824618
パークタワー晴海,東京都中央区晴海２,東京メトロ有楽町線「月島」徒歩12分,2019年2月,194800000.0,3LDK,70.5,15.5,東京,中央,82,19480.0,912,東京メトロ有楽町線,月島,35.6564518,139.7869359
ブランズタワー芝浦,東京都港区芝浦２,ＪＲ山手線「田町」徒歩8分,2021年8月,194800000.0,3LDK,68.44,12.05,東京,港,52,19480.0,939,ＪＲ山手線,田町,35.6446055,139.7530694
プラウドタワー東池袋,東京都豊島区東池袋５,東京メトロ有楽町線「東池袋」徒歩5分,2019年2月,194800000.0,3LDK,81.72,15.38,東京,豊島,82,19480.0,787,東京メトロ有楽町線,東池袋,35.727424,139.7249685
勝どきザ・タワー,東京都中央区勝どき５,都営大江戸線「勝どき」徒歩7分,2016年11月,194800000.0,3LDK,72.85,12.2,東京,中央,109,19480.0,882,都営大江戸線,勝どき,35.657516,139.7709587
パークタワー西新宿,東京都新宿区西新宿５,都営大江戸線「西新宿五丁目」徒歩6分,2024年11月,194800000.0,2LDK,60.45,12.07,東京,新宿,13,19480.0,1063,都営大江戸線,西新宿五丁目,35.6948318,139.6866706
Ｂｒｉｌｌｉａタワー東京,東京都墨田区太平４,東京メトロ半蔵門線「錦糸町」徒歩4分,2006年2月,194900000.0,2LDK,78.51,6.43,東京,墨田,238,19490.0,819,東京メトロ半蔵門線,錦糸町,35.7012067,139.8169845
ワールドシティタワーズアクアタワー,東京都港区港南４-61,東海道新幹線「品川」徒歩15分,2005年10月,195000000.0,3LDK,80.92,12.96,東京,港,242,19500.0,795,東海道新幹線,品川,35.6273113,139.7485979
■■ワールドシティタワーズキャピタルタワー■■～喧噪…,東京都港区港南４,東京モノレール「天王洲アイル」徒歩4分,2006年10月,195000000.0,3LDK,84.17,5.7,東京,港,230,19500.0,765,東京モノレール,天王洲アイル,35.6273113,139.7485979
THE TOKYO TOWERS SEA TOWER,東京都中央区勝どき６,都営大江戸線「勝どき」徒歩7分,2008年1月,195000000.0,2LDK+S（納戸）,78.47,6.48,東京,中央,215,19500.0,820,都営大江戸線,勝どき,35.6550953,139.7735148
THE TOKYO TOWERS SEA TOWER,東京都中央区勝どき６-３－１,都営大江戸線「勝どき」徒歩7分,2008年1月,195000000.0,2LDK+S（納戸）,78.47,6.48,東京,中央,215,19500.0,820,都営大江戸線,勝どき,35.6552789,139.77462
ドゥ・トゥール　ＥＡＳＴ,東京都中央区晴海３,都営大江戸線「勝どき」徒歩5分,2015年10月,195000000.0,2LDK,70.98,5.08,東京,中央,122,19500.0,907,都営大江戸線,勝どき,35.6548467,139.7786272
ＨＡＲＵＭＩ　ＦＬＡＧ　ＰＡＲＫ　ＶＩＬＬＡＧＥ　Ｔ…,東京都中央区晴海５,都営大江戸線「勝どき」徒歩18分,2025年8月,195000000.0,3LDK,70.14,15.9,東京,中央,4,19500.0,917,都営大江戸線,勝どき,35.6490356,139.7741538
THE TOKYO TOWERS SEA TOWER,東京都中央区勝どき６,都営大江戸線「勝どき」徒歩7分,2008年1月,195000000.0,2LDK+S（納戸）,78.47,6.48,東京,中央,215,19500.0,820,都営大江戸線,勝どき,35.6550953,139.7735148
THE TOKYO TOWERS SEA TOWER,東京都中央区勝どき６,都営大江戸線「勝どき」徒歩7分,2008年1月,195000000.0,2LDK+S（納戸）,78.47,78.47,東京,中央,215,19500.0,820,都営大江戸線,勝どき,35.6550953,139.7735148
THE TOKYO TOWERS SEA TOWER,東京都中央区勝どき６,都営大江戸線「勝どき」徒歩7分,2008年1月,195000000.0,2LDK+S（納戸）,78.47,6.48,東京,中央,215,19500.0,820,都営大江戸線,勝どき,35.6550953,139.7735148
ワールドシティタワーズアクアタワー,東京都港区港南４-6-1,ＪＲ東海道本線「品川」徒歩15分,2005年10月,195000000.0,3LDK,80.92,12.96,東京,港,242,19500.0,795,ＪＲ東海道本線,品川,35.6268248,139.7515922
ザ・東京タワーズ　シータワー,東京都中央区勝どき６,都営大江戸線「勝どき」徒歩7分,2008年1月,195000000.0,2LDK+S（納戸）,78.47,6.48,東京,中央,215,19500.0,820,都営大江戸線,勝どき,35.6550953,139.7735148
ワールドシティタワーズアクアタワー,東京都港区港南４,ＪＲ山手線「品川」徒歩15分,2005年10月,195000000.0,3LDK,80.92,12.96,東京,港,242,19500.0,795,ＪＲ山手線,品川,35.6273113,139.7485979
ワールドシティタワーズ　キャピタルタワー,東京都港区港南４,ＪＲ山手線「品川」徒歩14分,2006年10月,195000000.0,3LDK,84.17,5.7,東京,港,230,19500.0,765,ＪＲ山手線,品川,35.6273113,139.7485979
ワールドシティタワーズ　ブリーズタワー,東京都港区港南４,ＪＲ山手線「品川」徒歩15分,2006年10月,195000000.0,2LDK,81.84,8.95,東京,港,230,19500.0,786,ＪＲ山手線,品川,35.6273113,139.7485979
カテリーナ三田タワースイート　イーストアーク,東京都港区芝４,都営三田線「三田」徒歩3分,2006年8月,195000000.0,1LDK,53.1,9.36,東京,港,232,19500.0,1212,都営三田線,三田,35.6481737,139.7505142
ワールドシティタワーズ　キャピタルタワーズ,東京都港区港南４,ＪＲ山手線「品川」徒歩14分,2006年10月,195000000.0,3LDK,84.17,5.7,東京,港,230,19500.0,765,ＪＲ山手線,品川,35.6273113,139.7485979
THE TOKYO TOWERS SEA TOWER,東京都中央区勝どき６,都営大江戸線「勝どき」徒歩7分,2008年1月,195000000.0,2LDK+S（納戸）,78.47,6.48,東京,中央,215,19500.0,820,都営大江戸線,勝どき,35.6550953,139.7735148
ＴＨＥ　ＴＯＫＹＯ　ＴＯＷＥＲＳ　ＳＥＡ　ＴＯＷＥＲ,東京都中央区勝どき６-3-1,都営大江戸線「勝どき」徒歩7分,2008年1月,196000000.0,2LDK,86.86,7.39,東京,中央,215,19600.0,745,都営大江戸線,勝どき,35.6552789,139.77462
ＴＨＥ　ＴＯＫＹＯ　ＴＯＷＥＲＳ　ＳＥＡ　ＴＯＷＥＲ,東京都中央区勝どき６,都営大江戸線「勝どき」徒歩7分,2008年1月,196000000.0,2LDK,86.86,7.39,東京,中央,215,19600.0,745,都営大江戸線,勝どき,35.6550953,139.7735148
THE TOKYO TOWERS SEA TOWER,東京都中央区勝どき６,都営大江戸線「勝どき」徒歩7分,2008年1月,196000000.0,2LDK,86.86,7.39,東京,中央,215,19600.0,745,都営大江戸線,勝どき,35.6550953,139.7735148
THE TOKYO TOWERS SEA TOWER,東京都中央区勝どき６-3-1,都営大江戸線「勝どき」徒歩7分,2008年1月,196000000.0,2LDK,86.86,7.39,東京,中央,215,19600.0,745,都営大江戸線,勝どき,35.6552789,139.77462
ＴＨＥ　ＴＯＫＹＯ　ＴＯＷＥＲＳ　ＳＥＡ　ＴＯＷＥＲ,東京都中央区勝どき６,都営大江戸線「勝どき」徒歩7分,2008年1月,196000000.0,2LDK,86.86,7.39,東京,中央,215,19600.0,745,都営大江戸線,勝どき,35.6550953,139.7735148
THE TOKYO TOWERS SEA TOWER,東京都中央区勝どき６,都営大江戸線「勝どき」徒歩7分,2008年1月,196000000.0,2LDK,86.86,7.39,東京,中央,215,19600.0,745,都営大江戸線,勝どき,35.6550953,139.7735148
ＴＨＥ　ＴＯＫＹＯ　ＴＯＷＥＲＳ　ＳＥＡ　ＴＯＷＥＲ,東京都中央区勝どき６,都営大江戸線「勝どき」徒歩9分,2008年1月,196000000.0,2LDK,86.86,7.39,東京,中央,215,19600.0,745,都営大江戸線,勝どき,35.6550953,139.7735148
ＴＨＥ　ＴＯＫＹＯ　ＴＯＷＥＲＳ　シータワー,東京都中央区勝どき６,都営大江戸線「勝どき」徒歩8分,2008年1月,196000000.0,2LDK,86.86,7.39,東京,中央,215,19600.0,745,都営大江戸線,勝どき,35.6550953,139.7735148
THE TOKYO TOWERS SEA　TOWER,東京都中央区勝どき６,都営大江戸線「勝どき」徒歩7分,2008年1月,196000000.0,2LDK,86.86,7.39,東京,中央,215,19600.0,745,都営大江戸線,勝どき,35.6550953,139.7735148
THE TOKYO TOWERS SEA TOWER,東京都中央区勝どき６,都営大江戸線「勝どき」徒歩8分,2008年1月,196000000.0,2LDK,86.86,7.39,東京,中央,215,19600.0,745,都営大江戸線,勝どき,35.6550953,139.7735148
ザ・タワー十条,東京都北区上十条２,ＪＲ埼京線「十条」徒歩1分,2024年10月,196500000.0,3LDK,92.9,20.65,東京,北,14,19650.0,698,ＪＲ埼京線,十条,35.7591353,139.7211376
ブリリア有明シティタワー,東京都江東区有明１,新交通ゆりかもめ「有明テニスの森」徒歩9分,2014年12月,196800000.0,2LDK,75.91,42.0,東京,江東,132,19680.0,856,新交通ゆりかもめ,有明テニスの森,35.6403728,139.7869359
ブリリア有明シティタワー,東京都江東区有明１,新交通ゆりかもめ「有明テニスの森」徒歩9分,2014年12月,196800000.0,2LDK,75.91,42.0,東京,江東,132,19680.0,856,新交通ゆりかもめ,有明テニスの森,35.6403728,139.7869359
■■ブリリア有明シティタワー■■角部屋住戸の二面採光…,東京都江東区有明１,新交通ゆりかもめ「有明テニスの森」徒歩8分,2014年12月,196800000.0,2LDK,75.91,42.0,東京,江東,132,19680.0,856,新交通ゆりかもめ,有明テニスの森,35.6403728,139.7869359
ブリリアタワー池袋ウエスト,東京都豊島区池袋３,東京メトロ有楽町線「要町」徒歩3分,2024年1月,197000000.0,3LDK,72.49,13.46,東京,豊島,23,19700.0,897,東京メトロ有楽町線,要町,35.7364147,139.7045399
ドゥ・トゥール　ＥＡＳＴ,東京都中央区晴海３,都営大江戸線「勝どき」徒歩5分,2015年9月,197000000.0,2LDK,72.95,7.57,東京,中央,123,19700.0,891,都営大江戸線,勝どき,35.6548467,139.7786272
ＭＩＤ　ＴＯＷＥＲ　ＧＲＡＮＤ,東京都中央区月島１,東京メトロ有楽町線「月島」徒歩2分,2020年10月,197500000.0,2LDK,57.79,9.0,東京,中央,62,19750.0,1128,東京メトロ有楽町線,月島,35.6644207,139.7824618
ドゥ・トゥール　ＥＡＳＴ,東京都中央区晴海３,都営大江戸線「勝どき」徒歩5分,2015年10月,197800000.0,2LDK,70.98,5.08,東京,中央,122,19780.0,920,都営大江戸線,勝どき,35.6548467,139.7786272
ＷコンフォートタワーズＷＥＳＴ,東京都江東区東雲１-9-31,東京メトロ有楽町線「辰巳」徒歩8分,2005年2月,198000000.0,3LDK,121.26,30.8,東京,江東,250,19800.0,539,東京メトロ有楽町線,辰巳,35.6452474,139.8039239
富久クロス　コンフォートタワー,東京都新宿区富久町15-1,東京メトロ丸ノ内線「新宿御苑前」徒歩7分,2015年4月,198000000.0,3LDK,70.12,12.08,東京,新宿,128,19800.0,932,東京メトロ丸ノ内線,新宿御苑前,35.6919473,139.7139397
カテリーナ三田タワースイート　ウエストアーク,東京都港区芝４,都営三田線「三田」徒歩3分,2006年10月,198000000.0,2LDK,66.53,11.37,東京,港,230,19800.0,982,都営三田線,三田,35.6481737,139.7505142
ザ・パークハウス晴海タワーズ　クロノレジデンス,東京都中央区晴海２,都営大江戸線「勝どき」徒歩12分,2013年10月,198000000.0,3LDK,83.45,20.92,東京,中央,146,19800.0,783,都営大江戸線,勝どき,35.6564518,139.7869359
Ｗ Ｃｏｍｆｏｒｔ Ｔｏｗｅｒｓ ＷＥＳＴ,東京都江東区東雲１,東京メトロ有楽町線「辰巳」徒歩8分,2005年2月,198000000.0,3LDK,121.26,30.8,東京,江東,250,19800.0,539,東京メトロ有楽町線,辰巳,35.6465138,139.802278
ザ・パークハウス晴海タワーズ ティアロレジデンス,東京都中央区晴海２,都営大江戸線「勝どき」徒歩13分,2016年3月,198000000.0,2LDK,81.94,13.06,東京,中央,117,19800.0,797,都営大江戸線,勝どき,35.6564518,139.7869359
ザ・パークハウス晴海タワーズ　ティアロレジデンス,東京都中央区晴海２,都営大江戸線「勝どき」徒歩13分,2016年3月,198000000.0,2LDK,81.94,13.06,東京,中央,117,19800.0,797,都営大江戸線,勝どき,35.6564518,139.7869359
ＨＡＲＵＭＩ　ＦＬＡＧ　ＰＡＲＫ　ＶＩＬＬＡＧＥ　Ｔ…,東京都中央区晴海５,都営大江戸線「勝どき」徒歩15分,2025年8月,198000000.0,3LDK,72.27,17.66,東京,中央,4,19800.0,904,都営大江戸線,勝どき,35.6490356,139.7741538
パークタワー晴海,東京都中央区晴海２-2-42,都営大江戸線「月島」徒歩12分,2019年2月,198000000.0,3LDK+S（納戸）,90.21,19.71,東京,中央,82,19800.0,724,都営大江戸線,月島,35.6569192,139.7867489
パークタワー晴海,東京都中央区晴海２,東京メトロ有楽町線「月島」徒歩11分,2019年2月,198000000.0,3LDK,77.61,19.62,東京,中央,82,19800.0,842,東京メトロ有楽町線,月島,35.6564518,139.7869359
パークタワー晴海,東京都中央区晴海２,東京メトロ有楽町線「月島」徒歩11分,2019年2月,198000000.0,3LDK,70.09,12.09,東京,中央,82,19800.0,932,東京メトロ有楽町線,月島,35.6564518,139.7869359
富久クロスコンフォートタワー48階,東京都新宿区富久町,東京メトロ丸ノ内線「新宿御苑前」徒歩7分,2015年4月,198000000.0,1LDK+S（納戸）,60.0,10.95,東京,新宿,128,19800.0,1089,東京メトロ丸ノ内線,新宿御苑前,35.6934999,139.7147533
ザ・パークハウス晴海タワーズ　ティアロレジデンス,東京都中央区晴海２-3-2,都営大江戸線「勝どき」徒歩13分,2016年4月,198000000.0,3LDK,81.89,17.88,東京,中央,116,19800.0,798,都営大江戸線,勝どき,35.6561262,139.7858853
パークタワー西新宿,東京都新宿区西新宿５-5-9,都営大江戸線「西新宿五丁目」徒歩6分,2025年3月,198000000.0,2LDK,62.18,12.23,東京,新宿,9,19800.0,1051,都営大江戸線,西新宿五丁目,35.6921725,139.7100653
HARUMI FLAG PARK VILLAGE T…,東京都中央区晴海５-6,都営大江戸線「勝どき」徒歩18分,2025年9月,198000000.0,3LDK,72.76,34.48,東京,中央,3,19800.0,898,都営大江戸線,勝どき,35.6492486,139.7737587
スカイフォレストレジデンス,東京都新宿区大久保３,ＪＲ山手線「高田馬場」徒歩7分,2014年12月,198000000.0,2LDK,58.56,0.0,東京,新宿,132,19800.0,1116,ＪＲ山手線,高田馬場,35.7066016,139.7045399
パークタワー晴海,東京都中央区晴海２,東京メトロ有楽町線「月島」徒歩12分,2019年2月,198000000.0,3LDK,70.09,12.89,東京,中央,82,19800.0,932,東京メトロ有楽町線,月島,35.6564518,139.7869359
ザ・パークハウス晴海タワーズクロノレジデンス,東京都中央区晴海２,都営大江戸線「勝どき」徒歩11分,2013年10月,198000000.0,2LDK,75.29,18.41,東京,中央,146,19800.0,868,都営大江戸線,勝どき,35.6564518,139.7869359
富久クロス　コンフォートタワー,東京都新宿区富久町,東京メトロ丸ノ内線「新宿御苑前」徒歩7分,2015年4月,198000000.0,3LDK,70.12,12.08,東京,新宿,128,19800.0,932,東京メトロ丸ノ内線,新宿御苑前,35.6934999,139.7147533
アイ・マークタワー,東京都中央区月島１,東京メトロ有楽町線「月島」徒歩2分,2003年8月,198000000.0,3LDK,89.83,36.2,東京,中央,268,19800.0,727,東京メトロ有楽町線,月島,35.6644207,139.7824618
Ｂｒｉｌｌｉａ　Ｔｏｗｅｒ　池袋　Ｗｅｓｔ,東京都豊島区池袋３-1-1,ＪＲ山手線「池袋」徒歩11分,2024年1月,198000000.0,2LDK,67.57,14.6,東京,豊島,23,19800.0,967,ＪＲ山手線,池袋,35.7330706,139.7025491
ザ・パークハウス晴海タワーズクロノレジデンス,東京都中央区晴海２-3-30,都営大江戸線「勝どき」徒歩12分,2013年10月,198000000.0,3LDK,83.45,20.92,東京,中央,146,19800.0,783,都営大江戸線,勝どき,35.6552841,139.7848325
スカイフォレストレジデンス,東京都新宿区大久保３-8-1,ＪＲ山手線「高田馬場」徒歩6分,2014年12月,198000000.0,3LDK,72.57,6.2,東京,新宿,132,19800.0,900,ＪＲ山手線,高田馬場,35.7072254,139.7027394
シティタワーズ豊洲ザ・ツインサウスタワー,東京都江東区豊洲３,東京メトロ有楽町線「豊洲」徒歩7分,2009年2月,198000000.0,2LDK,87.44,5.21,東京,江東,202,19800.0,747,東京メトロ有楽町線,豊洲,35.6585681,139.7965242
Ｂｒｉｌｌｉａ　Ｔｏｗｅｒ　池袋　Ｗｅｓｔ,東京都豊島区池袋３,東京メトロ有楽町線「要町」徒歩3分,2024年1月,198000000.0,2LDK,67.57,14.6,東京,豊島,23,19800.0,967,東京メトロ有楽町線,要町,35.7364147,139.7045399
スカイフォレストレジデンス,東京都新宿区大久保３,ＪＲ山手線「高田馬場」徒歩7分,2014年12月,198000000.0,3LDK,72.57,6.2,東京,新宿,132,19800.0,900,ＪＲ山手線,高田馬場,35.7066016,139.7045399
ザ・パークハウス晴海タワーズクロノレジデンス,東京都中央区晴海２,都営大江戸線「勝どき」徒歩11分,2013年10月,198000000.0,3LDK,83.45,20.92,東京,中央,146,19800.0,783,都営大江戸線,勝どき,35.6564518,139.7869359
パークタワー渋谷本町,東京都渋谷区本町３,都営大江戸線「西新宿五丁目」徒歩6分,2013年9月,198000000.0,2LDK,73.1,12.9,東京,渋谷,147,19800.0,894,都営大江戸線,西新宿五丁目,35.6953137,139.676462
勝どきザ・タワー,東京都中央区勝どき５,都営大江戸線「勝どき」徒歩6分,2016年11月,198000000.0,2LDK,72.09,11.95,東京,中央,109,19800.0,906,都営大江戸線,勝どき,35.657516,139.7709587
グランスイート虎ノ門,東京都港区虎ノ門１,東京メトロ日比谷線「虎ノ門ヒルズ」徒歩1分,2007年3月,198000000.0,2LDK,52.46,25.9,東京,港,225,19800.0,1246,東京メトロ日比谷線,虎ノ門ヒルズ,35.668325,139.7492367
ＢｒｉｌｌｉａＭａｒｅ有明ＴＯＷＥＲ＆ＧＡＲＤＥＮ,東京都江東区有明１,新交通ゆりかもめ「有明テニスの森」徒歩5分,2008年12月,198000000.0,3LDK,92.76,12.96,東京,江東,204,19800.0,704,新交通ゆりかもめ,有明テニスの森,35.6403728,139.7869359
ザ・パークハウス晴海タワーズ　クロノレジデンス,東京都中央区晴海２,都営大江戸線「勝どき」徒歩12分,2013年10月,198000000.0,2LDK,75.29,18.41,東京,中央,146,19800.0,868,都営大江戸線,勝どき,35.6564518,139.7869359
芝浦アイランド　グローヴタワー,東京都港区芝浦４,ＪＲ山手線「田町」徒歩8分,2006年11月,198000000.0,2LDK,74.31,7.85,東京,港,229,19800.0,879,ＪＲ山手線,田町,35.6400662,139.7460429
ザ・パークハウス晴海タワーズクロノレジデンス,東京都中央区晴海２,都営大江戸線「勝どき」徒歩11分,2013年10月,198000000.0,3LDK,83.45,20.92,東京,中央,146,19800.0,783,都営大江戸線,勝どき,35.6564518,139.7869359
グランスイート虎ノ門【リノベ渡し！駅前！南東角住戸！…,東京都港区虎ノ門１,東京メトロ日比谷線「虎ノ門ヒルズ」徒歩1分,2007年3月,198000000.0,2LDK,52.46,25.9,東京,港,225,19800.0,1246,東京メトロ日比谷線,虎ノ門ヒルズ,35.668325,139.7492367
ファミール新宿グランスィートタワー,東京都渋谷区代々木２,ＪＲ山手線「新宿」徒歩7分,2002年2月,198000000.0,2LDK,60.74,8.87,東京,渋谷,286,19800.0,1076,ＪＲ山手線,新宿,35.6856856,139.6981574
ザ・パークハウス晴海タワーズクロノレジデンス,東京都中央区晴海２,都営大江戸線「勝どき」徒歩11分,2013年10月,198000000.0,2LDK,75.29,18.41,東京,中央,146,19800.0,868,都営大江戸線,勝どき,35.6564518,139.7869359
品川イーストシティタワー,東京都品川区東品川５,東京モノレール「天王洲アイル」徒歩5分,2018年7月,198000000.0,2LDK,70.18,25.36,東京,品川,89,19800.0,931,東京モノレール,天王洲アイル,35.6211959,139.7562635
品川Vタワー,東京都港区港南２,ＪＲ山手線「品川」徒歩6分,2003年3月,198000000.0,1LDK+S（納戸）,65.31,3.96,東京,港,273,19800.0,1000,ＪＲ山手線,品川,35.6275595,139.7434881
スカイフォレストレジデンス,東京都新宿区大久保３,ＪＲ山手線「高田馬場」徒歩6分,2014年12月,198000000.0,3LDK,72.57,6.2,東京,新宿,132,19800.0,900,ＪＲ山手線,高田馬場,35.7066016,139.7045399
グランスイート虎ノ門,東京都港区虎ノ門１,東京メトロ日比谷線「虎ノ門ヒルズ」徒歩1分,2007年3月,198000000.0,2LDK,52.46,25.9,東京,港,225,19800.0,1246,東京メトロ日比谷線,虎ノ門ヒルズ,35.668325,139.7492367
ザ・パークハウス晴海タワーズティアロレジデンス,東京都中央区晴海２,東京メトロ有楽町線「月島」徒歩13分,2016年3月,198000000.0,3LDK,81.89,17.88,東京,中央,117,19800.0,798,東京メトロ有楽町線,月島,35.6564518,139.7869359
ＷコンフォートタワーズWEST,東京都江東区東雲１,東京メトロ有楽町線「辰巳」徒歩8分,2005年2月,198000000.0,3LDK,121.26,30.8,東京,江東,250,19800.0,539,東京メトロ有楽町線,辰巳,35.6465138,139.802278
ザ・パ-クハウス晴海タソ-ズ　ティアロレジデンス,東京都中央区晴海２,都営大江戸線「月島」徒歩13分,2016年3月,198000000.0,3LDK,81.89,17.88,東京,中央,117,19800.0,798,都営大江戸線,月島,35.6564518,139.7869359
ザ・クレストタワー,東京都中央区佃２,東京メトロ有楽町線「月島」徒歩3分,2004年9月,198000000.0,2LDK,85.13,28.7,東京,中央,255,19800.0,768,東京メトロ有楽町線,月島,35.6682531,139.7862967
ドゥ・トゥール　ＥＡＳＴ,東京都中央区晴海３,都営大江戸線「勝どき」徒歩5分,2015年9月,198000000.0,2LDK,70.7,5.08,東京,中央,123,19800.0,924,都営大江戸線,勝どき,35.6548467,139.7786272
ザ・パークハウス西新宿タワー６０,東京都新宿区西新宿５,都営大江戸線「西新宿五丁目」徒歩7分,2017年8月,198000000.0,2LDK,76.46,12.25,東京,新宿,100,19800.0,855,都営大江戸線,西新宿五丁目,35.6948318,139.6866706
スカイフォレストレジデンス,東京都新宿区大久保３,ＪＲ山手線「高田馬場」徒歩6分,2014年12月,198000000.0,3LDK,72.57,6.2,東京,新宿,132,19800.0,900,ＪＲ山手線,高田馬場,35.7066016,139.7045399
Ｂｒｉｌｌｉａ　Ｍａｒｅ有明ＴＯＷＥＲ＆ＧＡＲＤＥＮ,東京都江東区有明１,新交通ゆりかもめ「有明テニスの森」徒歩5分,2008年12月,198000000.0,3LDK,92.76,12.96,東京,江東,204,19800.0,704,新交通ゆりかもめ,有明テニスの森,35.6403728,139.7869359
パークタワー晴海,東京都中央区晴海２,東京メトロ有楽町線「月島」徒歩12分,2019年2月,198000000.0,3LDK,77.61,19.22,東京,中央,82,19800.0,842,東京メトロ有楽町線,月島,35.6564518,139.7869359
パークタワー西新宿,東京都新宿区西新宿５,都営大江戸線「西新宿五丁目」徒歩6分,2024年11月,198000000.0,2LDK,62.18,12.23,東京,新宿,13,19800.0,1051,都営大江戸線,西新宿五丁目,35.6948318,139.6866706
二子玉川ライズタワー＆レジデンスタワーイースト,東京都世田谷区玉川１,東急田園都市線「二子玉川」徒歩8分,2010年7月,198000000.0,2LDK,76.4,18.0,東京,世田谷,185,19800.0,855,東急田園都市線,二子玉川,35.6091664,139.6305452
グランスイート虎ノ門,東京都港区虎ノ門１-21-10,東京メトロ日比谷線「虎ノ門ヒルズ」徒歩1分,2007年3月,198000000.0,2LDK,52.46,25.9,東京,港,225,19800.0,1246,東京メトロ日比谷線,虎ノ門ヒルズ,35.6678258,139.7488011
グランスイート虎ノ門,東京都港区虎ノ門１,東京メトロ日比谷線「虎ノ門ヒルズ」徒歩1分,2007年3月,198000000.0,2LDK,52.46,25.9,東京,港,225,19800.0,1246,東京メトロ日比谷線,虎ノ門ヒルズ,35.668325,139.7492367
スカイフォレストレジデンス,東京都新宿区大久保３-8-1,ＪＲ山手線「高田馬場」徒歩6分,2014年12月,198000000.0,3LDK,72.57,6.2,東京,新宿,132,19800.0,900,ＪＲ山手線,高田馬場,35.7072254,139.7027394
グランスイート虎ノ門,東京都港区虎ノ門１,東京メトロ日比谷線「虎ノ門ヒルズ」徒歩1分,2007年3月,198000000.0,2LDK,52.46,25.9,東京,港,225,19800.0,1246,東京メトロ日比谷線,虎ノ門ヒルズ,35.668325,139.7492367
ワールドシティタワーズ　ブリーズタワー,東京都港区港南４,東京モノレール「天王洲アイル」徒歩9分,2006年10月,198000000.0,3LDK,84.63,12.6,東京,港,230,19800.0,772,東京モノレール,天王洲アイル,35.6273113,139.7485979
ザ・パークハウス晴海タワーズティアロレジデンス,東京都中央区晴海２,都営大江戸線「月島」徒歩13分,2016年3月,198000000.0,3LDK,81.89,17.88,東京,中央,117,19800.0,798,都営大江戸線,月島,35.6564518,139.7869359
パークタワー西新宿,東京都新宿区西新宿５,都営大江戸線「西新宿五丁目」徒歩6分,2024年11月,198000000.0,2LDK,62.18,12.23,東京,新宿,13,19800.0,1051,都営大江戸線,西新宿五丁目,35.6948318,139.6866706
WコンフォートタワーズWEST,東京都江東区東雲１,東京メトロ有楽町線「辰巳」徒歩8分,2005年2月,198000000.0,3LDK+S（納戸）,121.26,30.8,東京,江東,250,19800.0,539,東京メトロ有楽町線,辰巳,35.6465138,139.802278
グランスイート虎ノ門,東京都港区虎ノ門１,東京メトロ日比谷線「虎ノ門ヒルズ」徒歩1分,2007年3月,198000000.0,2LDK,52.46,25.9,東京,港,225,19800.0,1246,東京メトロ日比谷線,虎ノ門ヒルズ,35.668325,139.7492367
WコンフォートタワーズWEST,東京都江東区東雲１,りんかい線「東雲」徒歩9分,2005年2月,198000000.0,3LDK,121.26,30.8,東京,江東,250,19800.0,539,りんかい線,東雲,35.6465138,139.802278
グランスイート虎ノ門,東京都港区虎ノ門１,東京メトロ日比谷線「虎ノ門ヒルズ」徒歩1分,2007年3月,198000000.0,2LDK,52.46,25.9,東京,港,225,19800.0,1246,東京メトロ日比谷線,虎ノ門ヒルズ,35.668325,139.7492367
グランスイート虎ノ門,東京都港区虎ノ門１,東京メトロ日比谷線「虎ノ門ヒルズ」徒歩1分,2007年3月,198000000.0,2LDK,52.46,25.9,東京,港,225,19800.0,1246,東京メトロ日比谷線,虎ノ門ヒルズ,35.668325,139.7492367
グランスイート虎ノ門,東京都港区虎ノ門１,東京メトロ日比谷線「虎ノ門ヒルズ」徒歩1分,2007年4月,198000000.0,2LDK,52.46,25.9,東京,港,224,19800.0,1246,東京メトロ日比谷線,虎ノ門ヒルズ,35.668325,139.7492367
ザ・パークハウス晴海タワーズ ティアロレジデンス,東京都中央区晴海２,都営大江戸線「月島」徒歩13分,2016年3月,198000000.0,3LDK,81.24,17.88,東京,中央,117,19800.0,804,都営大江戸線,月島,35.6564518,139.7869359
ルミナリータワー池袋,東京都豊島区池袋２-52-3,ＪＲ山手線「池袋」徒歩4分,2013年2月,198800000.0,3LDK,70.12,19.1,東京,豊島,154,19880.0,936,ＪＲ山手線,池袋,35.7331081,139.7087169
ルミナリータワー池袋,東京都豊島区池袋２,ＪＲ山手線「池袋」徒歩4分,2013年2月,198800000.0,3LDK,70.12,19.1,東京,豊島,154,19880.0,936,ＪＲ山手線,池袋,35.7333681,139.7083697
ドゥ・トゥールＷＥＳＴ,東京都中央区晴海３,都営大江戸線「勝どき」徒歩5分,2015年9月,198800000.0,2LDK,70.7,0.0,東京,中央,123,19880.0,928,都営大江戸線,勝どき,35.6548467,139.7786272
ウェリスタワー愛宕虎ノ門,東京都港区虎ノ門３,東京メトロ日比谷線「神谷町」徒歩2分,2014年2月,198800000.0,1LDK,37.63,0.0,東京,港,142,19880.0,1743,東京メトロ日比谷線,神谷町,35.6642718,139.747001
ドゥ・トゥール　ＷＥＳＴ,東京都中央区晴海３,都営大江戸線「勝どき」徒歩5分,2015年10月,198800000.0,2LDK,70.7,5.08,東京,中央,122,19880.0,928,都営大江戸線,勝どき,35.6548467,139.7786272
ルミナリータワー池袋,東京都豊島区池袋２,ＪＲ山手線「池袋」徒歩4分,2013年2月,198800000.0,3LDK,70.12,19.1,東京,豊島,154,19880.0,936,ＪＲ山手線,池袋,35.7333681,139.7083697
ルミナリータワー池袋,東京都豊島区池袋２,ＪＲ山手線「池袋」徒歩4分,2013年2月,198800000.0,2LDK,70.12,19.1,東京,豊島,154,19880.0,936,ＪＲ山手線,池袋,35.7333681,139.7083697
パークコート麻布十番ザ・タワー,東京都港区三田１-7-1,東京メトロ南北線「麻布十番」徒歩3分,2010年5月,199000000.0,1LDK,42.29,8.32,東京,港,187,19900.0,1553,東京メトロ南北線,麻布十番,35.6546741,139.7394019
スカイズタワー＆ガーデン,東京都江東区豊洲６,新交通ゆりかもめ「新豊洲」徒歩5分,2014年8月,199000000.0,3LDK,81.11,19.99,東京,江東,136,19900.0,810,新交通ゆりかもめ,新豊洲,35.6456038,139.7856575
THE TOKYO TOWERS SEA TOWER,東京都中央区勝どき６,都営大江戸線「勝どき」徒歩7分,2008年1月,199000000.0,2LDK,86.86,7.39,東京,中央,215,19900.0,756,都営大江戸線,勝どき,35.6550953,139.7735148
パークタワー西新宿,東京都新宿区西新宿５,都営大江戸線「西新宿五丁目」徒歩6分,2024年11月,199000000.0,2LDK,61.02,12.42,東京,新宿,13,19900.0,1076,都営大江戸線,西新宿五丁目,35.6948318,139.6866706
プラウドタワー白金台,東京都港区白金台２,都営浅草線「高輪台」徒歩3分,2014年7月,199000000.0,3LDK,62.74,3.22,東京,港,137,19900.0,1047,都営浅草線,高輪台,35.6342371,139.7300768
シティタワーズ豊洲ザ・ツイン　サウスタワー,東京都江東区豊洲３,東京メトロ有楽町線「豊洲」徒歩4分,2009年2月,199000000.0,3LDK,86.65,5.21,東京,江東,202,19900.0,758,東京メトロ有楽町線,豊洲,35.6585681,139.7965242
勝どきザ・タワー,東京都中央区勝どき５,都営大江戸線「勝どき」徒歩6分,2016年11月,199000000.0,2LDK,67.86,7.4,東京,中央,109,19900.0,968,都営大江戸線,勝どき,35.657516,139.7709587
勝どきザ・タワー,東京都中央区勝どき５,都営大江戸線「勝どき」徒歩7分,2016年11月,199000000.0,2LDK,67.86,7.4,東京,中央,109,19900.0,968,都営大江戸線,勝どき,35.657516,139.7709587
THE TOKYO TOWERS SEA TOWER,東京都中央区勝どき６-3-1,都営大江戸線「勝どき」徒歩7分,2008年1月,199000000.0,2LDK,86.86,7.39,東京,中央,215,19900.0,756,都営大江戸線,勝どき,35.6552789,139.77462
ワールドシティタワーズ　ブリーズタワー,東京都港区港南４,ＪＲ山手線「品川」徒歩15分,2006年10月,199000000.0,2LDK,84.76,20.45,東京,港,230,19900.0,775,ＪＲ山手線,品川,35.6273113,139.7485979
勝どきザタワー,東京都中央区勝どき５,都営大江戸線「勝どき」徒歩7分,2016年11月,199000000.0,2LDK,67.86,7.4,東京,中央,109,19900.0,968,都営大江戸線,勝どき,35.657516,139.7709587
WORLD TOWER RESIDENCE〔ワールド…,東京都港区浜松町２,ＪＲ山手線「浜松町」徒歩2分,2024年11月,199800000.0,1LDK+S（納戸）,44.14,10.46,東京,港,13,19980.0,1494,ＪＲ山手線,浜松町,35.6548149,139.7556247
ワールドシティタワーズブリーズタワー,東京都港区港南４,東京モノレール「天王洲アイル」徒歩8分,2006年10月,199800000.0,2LDK,86.0,25.15,東京,港,230,19980.0,767,東京モノレール,天王洲アイル,35.6273113,139.7485979
ドゥトゥールWEST,東京都中央区晴海３,都営大江戸線「勝どき」徒歩5分,2015年10月,199800000.0,3LDK,70.7,5.08,東京,中央,122,19980.0,933,都営大江戸線,勝どき,35.6548467,139.7786272
 ドゥ・トゥール　ウエスト,東京都中央区晴海３-13-2,都営大江戸線「勝どき」徒歩10分,2015年10月,199800000.0,3LDK,70.7,5.08,東京,中央,122,19980.0,933,都営大江戸線,勝どき,35.6548188,139.777263
パークタワー晴海,東京都中央区晴海２,東京メトロ有楽町線「月島」徒歩12分,2019年2月,199800000.0,3LDK,77.61,19.62,東京,中央,82,19980.0,850,東京メトロ有楽町線,月島,35.6564518,139.7869359
パークタワー晴海,東京都中央区晴海２,東京メトロ有楽町線「月島」徒歩12分,2019年2月,199800000.0,3LDK,81.64,22.0,東京,中央,82,19980.0,808,東京メトロ有楽町線,月島,35.6564518,139.7869359
プライムパークス品川シーサイドザ・タワー,東京都品川区東品川４,りんかい線「品川シーサイド」徒歩4分,2019年1月,199800000.0,2LDK,82.79,17.9,東京,品川,83,19980.0,796,りんかい線,品川シーサイド,35.6089355,139.7485979
ドゥ・トゥールキャナル＆スパWEST,東京都中央区晴海３,都営大江戸線「勝どき」徒歩5分,2015年10月,199800000.0,3LDK,70.7,5.08,東京,中央,122,19980.0,933,都営大江戸線,勝どき,35.6548467,139.7786272
アーバンドック　パークシティ豊洲タワーＡ,東京都江東区豊洲２-5-1,東京メトロ有楽町線「豊洲」徒歩6分,2008年2月,199900000.0,2LDK,71.38,17.6,東京,江東,214,19990.0,924,東京メトロ有楽町線,豊洲,35.6582126,139.7910888
ザ・タワーズ台場EAST棟18階/85.20㎡/2L…,東京都港区台場２,新交通ゆりかもめ「お台場海浜公園」徒歩3分,2006年5月,199900000.0,2LDK+S（納戸）,85.2,7.47,東京,港,235,19990.0,774,新交通ゆりかもめ,お台場海浜公園,35.6268958,139.7747928
アーバンドックパークシティ豊洲タワーA　【仲手半額】,東京都江東区豊洲２-5-9,東京メトロ有楽町線「豊洲」徒歩6分,2008年2月,199900000.0,2LDK,71.38,17.6,東京,江東,214,19990.0,924,東京メトロ有楽町線,豊洲,35.6553723,139.7914102
アーバンドックパークシティ豊洲 タワーA,東京都江東区豊洲２,東京メトロ有楽町線「豊洲」徒歩7分,2008年2月,199900000.0,2LDK,71.38,17.6,東京,江東,214,19990.0,924,東京メトロ有楽町線,豊洲,35.6553723,139.7914102
THE TOKYO TOWERS MID TOWER,東京都中央区勝どき６,都営大江戸線「勝どき」徒歩6分,2008年1月,199900000.0,2LDK,80.48,12.1,東京,中央,215,19990.0,820,都営大江戸線,勝どき,35.6550953,139.7735148
浅草タワー,東京都台東区西浅草３,つくばエクスプレス「浅草」徒歩5分,2012年2月,200000000.0,3LDK,80.02,15.52,東京,台東,166,20000.0,825,つくばエクスプレス,浅草,35.7162192,139.7914102
HARUMI FLAG SUN VILLAGE T棟,東京都中央区晴海５-5-7,都営大江戸線「勝どき」徒歩18分,2025年6月,200000000.0,2LDK,73.53,15.4,東京,中央,6,20000.0,898,都営大江戸線,勝どき,35.6505533,139.7736279
浅草タワー,東京都台東区西浅草３,つくばエクスプレス「浅草」徒歩4分,2012年2月,200000000.0,3LDK,80.02,15.52,東京,台東,166,20000.0,825,つくばエクスプレス,浅草,35.7162192,139.7914102
ザ・パークハウス晴海タワーズクロノレジデンス,東京都中央区晴海２-3-30,都営大江戸線「勝どき」徒歩12分,2013年10月,200000000.0,3LDK,74.0,17.46,東京,中央,146,20000.0,892,都営大江戸線,勝どき,35.6552841,139.7848325
HARUMI FLAG SUN VILLAGE T棟…,東京都中央区晴海５,都営大江戸線「勝どき」徒歩18分,2025年6月,200000000.0,2LDK,73.53,15.4,東京,中央,6,20000.0,898,都営大江戸線,勝どき,35.6490356,139.7741538
パークコート渋谷ザタワー,東京都渋谷区宇田川町,東京メトロ半蔵門線「渋谷」徒歩9分,2020年7月,201800000.0,2LDK,72.52,5.01,東京,渋谷,65,20180.0,918,東京メトロ半蔵門線,渋谷,35.661594,139.6981574
ブランズタワー芝浦,東京都港区芝浦２-9-1,ＪＲ山手線「田町」徒歩9分,2021年8月,202000000.0,2LDK,63.91,18.44,東京,港,52,20200.0,1043,ＪＲ山手線,田町,35.6435355,139.7530128
THE TOKYO TOWERS SEA TOWER,東京都中央区勝どき６,都営大江戸線「勝どき」徒歩7分,2008年1月,202000000.0,2LDK+S（納戸）,86.86,7.39,東京,中央,215,20200.0,767,都営大江戸線,勝どき,35.6550953,139.7735148
パークタワー勝どきミッド,東京都中央区勝どき４,都営大江戸線「勝どき」徒歩1分,2023年8月,203000000.0,2LDK,56.97,11.88,東京,中央,28,20300.0,1176,都営大江戸線,勝どき,35.6572676,139.7760709
HARUMI FLAG SUN VILLAGE T棟,東京都中央区晴海５-5-7,都営大江戸線「勝どき」徒歩14分,2025年10月,204800000.0,3LDK,73.53,15.4,東京,中央,2,20480.0,919,都営大江戸線,勝どき,35.6505533,139.7736279
ワールドシティタワーズ　アクアタワー,東京都港区港南４,ＪＲ山手線「品川」徒歩15分,2005年10月,205000000.0,3LDK,93.84,9.89,東京,港,242,20500.0,721,ＪＲ山手線,品川,35.6273113,139.7485979
ザ・パークハウス西新宿タワー,東京都新宿区西新宿５-５－１,都営大江戸線「西新宿五丁目」徒歩7分,2017年8月,205000000.0,2LDK,76.46,12.25,東京,新宿,100,20500.0,885,都営大江戸線,西新宿五丁目,35.6918758,139.7100852
パークタワー勝どきサウス,東京都中央区勝どき４,都営大江戸線「勝どき」徒歩2分,2023年8月,205000000.0,1LDK,57.99,10.65,東京,中央,28,20500.0,1167,都営大江戸線,勝どき,35.6572676,139.7760709
東京レジデンス,東京都千代田区飯田橋２,東京メトロ半蔵門線「九段下」徒歩4分,2003年2月,205000000.0,1LDK+S（納戸）,66.9,12.9,東京,千代田,274,20500.0,1011,東京メトロ半蔵門線,九段下,35.6990911,139.7508336
ドゥ・トゥール　ＷＥＳＴ,東京都中央区晴海３,都営大江戸線「勝どき」徒歩5分,2015年10月,205000000.0,3LDK,70.7,5.08,東京,中央,122,20500.0,957,都営大江戸線,勝どき,35.6548467,139.7786272
シティタワー銀座東,東京都中央区湊２,ＪＲ京葉線「八丁堀」徒歩5分,2019年3月,205000000.0,3LDK,72.63,6.0,東京,中央,81,20500.0,931,ＪＲ京葉線,八丁堀,35.6709568,139.780864
東京レジデンス,東京都千代田区飯田橋２,東京メトロ東西線「九段下」徒歩7分,2003年2月,205000000.0,3LDK,66.9,12.9,東京,千代田,274,20500.0,1011,東京メトロ東西線,九段下,35.6990911,139.7508336
パークタワー西新宿,東京都新宿区西新宿５,都営大江戸線「西新宿五丁目」徒歩6分,2024年11月,206000000.0,2LDK,61.02,12.42,東京,新宿,13,20600.0,1114,都営大江戸線,西新宿五丁目,35.6948318,139.6866706
パークタワー西新宿,東京都新宿区西新宿５,都営大江戸線「西新宿五丁目」徒歩6分,2024年11月,207000000.0,2LDK,62.18,12.23,東京,新宿,13,20700.0,1099,都営大江戸線,西新宿五丁目,35.6948318,139.6866706
ワールドシティタワーズ　アクアタワー,東京都港区港南４,ＪＲ山手線「品川」徒歩15分,2005年10月,207000000.0,3LDK,87.93,4.43,東京,港,242,20700.0,777,ＪＲ山手線,品川,35.6273113,139.7485979
ＣＡＰＩＴＡＬ　ＧＡＴＥ　ＰＬＡＣＥ　ＴＨＥ　ＴＯＷ…,東京都中央区月島１,東京メトロ有楽町線「月島」徒歩1分,2015年7月,207800000.0,3LDK,76.02,17.23,東京,中央,125,20780.0,902,東京メトロ有楽町線,月島,35.6644207,139.7824618
パークタワー晴海,東京都中央区晴海２,東京メトロ有楽町線「月島」徒歩11分,2019年2月,208000000.0,2LDK,82.27,18.49,東京,中央,82,20800.0,834,東京メトロ有楽町線,月島,35.6564518,139.7869359
品川Vタワー,東京都港区港南２-１６－７,ＪＲ山手線「品川」徒歩6分,2003年3月,208000000.0,2LDK,70.26,5.19,東京,港,273,20800.0,977,ＪＲ山手線,品川,35.624498,139.7401251
ドゥ・トゥール　ＥＡＳＴ,東京都中央区晴海３,都営大江戸線「勝どき」徒歩5分,2015年10月,208000000.0,2LDK,74.75,6.83,東京,中央,122,20800.0,918,都営大江戸線,勝どき,35.6548467,139.7786272
ザ・パークハウス晴海タワーズティアロレジデンス,東京都中央区晴海２,都営大江戸線「勝どき」徒歩13分,2016年3月,208000000.0,3LDK,102.12,20.75,東京,中央,117,20800.0,672,都営大江戸線,勝どき,35.6564518,139.7869359
品川V-TOWER 20階,東京都港区港南２,ＪＲ山手線「品川」徒歩6分,2003年3月,208000000.0,2LDK,70.26,5.19,東京,港,273,20800.0,977,ＪＲ山手線,品川,35.6275595,139.7434881
ザ・ヒルトップタワー高輪台,東京都港区高輪３,都営浅草線「高輪台」徒歩1分,2010年3月,208000000.0,2LDK,67.26,4.11,東京,港,189,20800.0,1021,都営浅草線,高輪台,35.6326476,139.7332697
品川Ｖタワー,東京都港区港南２,ＪＲ山手線「品川」徒歩6分,2003年3月,208000000.0,2LDK,70.26,5.19,東京,港,273,20800.0,977,ＪＲ山手線,品川,35.6275595,139.7434881
ザ・ヒルトップタワー高輪台,東京都港区高輪３,都営浅草線「高輪台」徒歩1分,2010年5月,208000000.0,2LDK,67.26,4.11,東京,港,187,20800.0,1021,都営浅草線,高輪台,35.6326476,139.7332697
ザ・ヒルトップタワー高輪台,東京都港区高輪３,都営浅草線「高輪台」徒歩1分,2010年3月,208000000.0,2LDK,67.26,4.11,東京,港,189,20800.0,1021,都営浅草線,高輪台,35.6326476,139.7332697
プラウドタワー目黒ＭＡＲＣ,東京都品川区西五反田３,ＪＲ山手線「目黒」徒歩9分,2023年8月,208800000.0,2LDK,61.76,16.38,東京,品川,28,20880.0,1116,ＪＲ山手線,目黒,35.6279656,139.717307
パークタワー晴海,東京都中央区晴海２,東京メトロ有楽町線「月島」徒歩12分,2019年2月,208800000.0,3LDK,81.64,22.0,東京,中央,82,20880.0,844,東京メトロ有楽町線,月島,35.6564518,139.7869359
パークタワー晴海,東京都中央区晴海２,東京メトロ有楽町線「月島」徒歩12分,2019年2月,208800000.0,3LDK,81.64,22.0,東京,中央,82,20880.0,844,東京メトロ有楽町線,月島,35.6564518,139.7869359
ザ・レジデンス三田,東京都港区三田２,都営大江戸線「赤羽橋」徒歩6分,2014年11月,209000000.0,1LDK+S（納戸）,56.08,4.0,東京,港,133,20900.0,1230,都営大江戸線,赤羽橋,35.6494981,139.7409333
HARUMI FLAG PARKVILLAGE T棟,東京都中央区晴海５,都営大江戸線「勝どき」徒歩15分,2025年9月,209000000.0,3LDK,75.25,17.7,東京,中央,3,20900.0,917,都営大江戸線,勝どき,35.6490356,139.7741538
パークタワー晴海,東京都中央区晴海２,東京メトロ有楽町線「月島」徒歩12分,2019年2月,209000000.0,3LDK,70.09,12.89,東京,中央,82,20900.0,984,東京メトロ有楽町線,月島,35.6564518,139.7869359
パークタワー晴海,東京都中央区晴海２,東京メトロ有楽町線「月島」徒歩12分,2019年2月,209000000.0,3LDK,70.09,12.89,東京,中央,82,20900.0,984,東京メトロ有楽町線,月島,35.6564518,139.7869359
ＴＨＥ　ＣＥＮＴＥＲ　ＴＯＫＹＯ,東京都新宿区市谷本村町,都営新宿線「曙橋」徒歩5分,2007年11月,209000000.0,3LDK,84.35,4.98,東京,新宿,217,20900.0,818,都営新宿線,曙橋,35.6927695,139.7300768
スカイフォレストレジデンス,東京都新宿区大久保３-8-1,ＪＲ山手線「高田馬場」徒歩6分,2014年12月,209800000.0,2LDK,72.57,6.2,東京,新宿,132,20980.0,954,ＪＲ山手線,高田馬場,35.7072254,139.7027394
パークタワー晴海,東京都中央区晴海２,東京メトロ有楽町線「月島」徒歩12分,2019年2月,209800000.0,3LDK,78.59,18.93,東京,中央,82,20980.0,881,東京メトロ有楽町線,月島,35.6564518,139.7869359
パークタワー上野池之端,東京都台東区池之端２,東京メトロ千代田線「根津」徒歩7分,2010年7月,209800000.0,2LDK,61.24,7.44,東京,台東,185,20980.0,1131,東京メトロ千代田線,根津,35.7145177,139.7671248
アーバンドックパークシティ豊洲タワーＡ,東京都江東区豊洲２,東京メトロ有楽町線「豊洲」徒歩6分,2008年2月,209800000.0,3LDK,81.34,17.6,東京,江東,214,20980.0,851,東京メトロ有楽町線,豊洲,35.6553723,139.7914102
パークコート渋谷ザ・タワー ,東京都渋谷区宇田川町,東京メトロ千代田線「明治神宮前」徒歩12分,2020年7月,209800000.0,2LDK,74.46,5.25,東京,渋谷,65,20980.0,930,東京メトロ千代田線,明治神宮前,35.661594,139.6981574
アーバンドック　パークシティ豊洲　タワーＡ,東京都江東区豊洲２,東京メトロ有楽町線「豊洲」徒歩6分,2008年2月,209800000.0,3LDK,81.34,17.6,東京,江東,214,20980.0,851,東京メトロ有楽町線,豊洲,35.6553723,139.7914102
カテリーナ三田タワースイート　ウエストアーク,東京都港区芝４,都営浅草線「三田」徒歩3分,2006年8月,209800000.0,2LDK,67.12,10.31,東京,港,232,20980.0,1031,都営浅草線,三田,35.6481737,139.7505142
パークコート渋谷ザ タワー,東京都渋谷区宇田川町1-12,東京メトロ副都心線「渋谷」徒歩8分,2020年7月,209800000.0,2LDK,74.46,5.25,東京,渋谷,65,20980.0,930,東京メトロ副都心線,渋谷,35.6642304,139.6977585
パークコート渋谷ザタワー,東京都渋谷区宇田川町,東京メトロ半蔵門線「渋谷」徒歩9分,2020年7月,209800000.0,2LDK,74.46,5.25,東京,渋谷,65,20980.0,930,東京メトロ半蔵門線,渋谷,35.661594,139.6981574
パークコート渋谷ザ・タワー,東京都渋谷区宇田川町1-12,東急東横線「渋谷」徒歩8分,2020年7月,209800000.0,2LDK,74.46,5.25,東京,渋谷,65,20980.0,930,東急東横線,渋谷,35.6642304,139.6977585
大崎ウエストシティタワーズ　Ｅ棟,東京都品川区大崎２,ＪＲ山手線「大崎」徒歩4分,2009年9月,209800000.0,2LDK,68.25,4.98,東京,品川,195,20980.0,1014,ＪＲ山手線,大崎,35.6177742,139.7262455
パークタワー勝どきミッド,東京都中央区勝どき４,都営大江戸線「勝どき」徒歩1分,2023年8月,209800000.0,2LDK,64.0,7.64,東京,中央,28,20980.0,1082,都営大江戸線,勝どき,35.6572676,139.7760709
勝どきザ・タワー,東京都中央区勝どき５,都営大江戸線「勝どき」徒歩7分,2016年11月,209800000.0,3LDK,72.09,11.95,東京,中央,109,20980.0,960,都営大江戸線,勝どき,35.657516,139.7709587
パークタワー勝どきミッド,東京都中央区勝どき４,都営大江戸線「勝どき」徒歩1分,2023年8月,209800000.0,2LDK,64.0,7.64,東京,中央,28,20980.0,1082,都営大江戸線,勝どき,35.6572676,139.7760709
アーバンドックパークシティ豊洲タワーA棟,東京都江東区豊洲２,東京メトロ有楽町線「豊洲」徒歩6分,2008年2月,209900000.0,3LDK,80.38,17.6,東京,江東,214,20990.0,862,東京メトロ有楽町線,豊洲,35.6553723,139.7914102
コスモポリス品川,東京都港区港南３-6-21,ＪＲ山手線「品川」徒歩11分,2005年2月,210000000.0,2LDK,90.41,21.96,東京,港,250,21000.0,767,ＪＲ山手線,品川,35.632002,139.7478536
コスモポリス品川,東京都港区港南３,ＪＲ山手線「品川」徒歩11分,2005年2月,210000000.0,2LDK,90.41,16.39,東京,港,250,21000.0,767,ＪＲ山手線,品川,35.633247,139.7505142
コスモポリス品川,東京都港区港南３,ＪＲ山手線「品川」徒歩11分,2005年2月,210000000.0,2LDK,90.41,16.39,東京,港,250,21000.0,767,ＪＲ山手線,品川,35.633247,139.7505142
シティタワーズ豊洲ザ・ツイン,東京都江東区豊洲３,東京メトロ有楽町線「豊洲」徒歩5分,2009年2月,210000000.0,2LDK,85.13,5.21,東京,江東,202,21000.0,814,東京メトロ有楽町線,豊洲,35.6585681,139.7965242
コスモポリス品川,東京都港区港南３,ＪＲ山手線「品川」徒歩11分,2005年2月,210000000.0,2LDK,90.41,21.96,東京,港,250,21000.0,767,ＪＲ山手線,品川,35.633247,139.7505142
コスモポリス品川,東京都港区港南３-6-21,ＪＲ山手線「品川」徒歩10分,2005年2月,210000000.0,2LDK,90.41,16.39,東京,港,250,21000.0,767,ＪＲ山手線,品川,35.632002,139.7478536
コスモポリス品川,東京都港区港南３,ＪＲ山手線「品川」徒歩11分,2005年2月,210000000.0,2LDK,90.41,16.39,東京,港,250,21000.0,767,ＪＲ山手線,品川,35.633247,139.7505142
TOKYO SEA SOUTH ブランファーレ,東京都港区港南４,ＪＲ山手線「品川」徒歩13分,2004年6月,210000000.0,3LDK,98.43,14.35,東京,港,258,21000.0,704,ＪＲ山手線,品川,35.6273113,139.7485979
コスモポリス品川,東京都港区港南３,ＪＲ山手線「品川」徒歩11分,2005年2月,210000000.0,2LDK,90.41,21.96,東京,港,250,21000.0,767,ＪＲ山手線,品川,35.633247,139.7505142
コスモポリス品川,東京都港区港南３-6-21,ＪＲ山手線「品川」徒歩13分,2005年2月,210000000.0,2LDK,90.41,16.39,東京,港,250,21000.0,767,ＪＲ山手線,品川,35.632002,139.7478536
コスモポリス品川,東京都港区港南３,ＪＲ山手線「品川」徒歩11分,2005年2月,210000000.0,2LDK,90.41,16.39,東京,港,250,21000.0,767,ＪＲ山手線,品川,35.633247,139.7505142
コスモポリス品川,東京都港区港南３,ＪＲ山手線「品川」徒歩11分,2005年2月,210000000.0,2LDK,90.41,16.39,東京,港,250,21000.0,767,ＪＲ山手線,品川,35.633247,139.7505142
ザ・パークハウス晴海タワーズ　クロノレジデンス,東京都中央区晴海２,都営大江戸線「勝どき」徒歩11分,2013年10月,210000000.0,2LDK,85.1,18.21,東京,中央,146,21000.0,814,都営大江戸線,勝どき,35.6564518,139.7869359
ブランズタワー芝浦,東京都港区芝浦２,ＪＲ山手線「田町」徒歩8分,2021年8月,210000000.0,2LDK,65.16,14.49,東京,港,52,21000.0,1064,ＪＲ山手線,田町,35.6446055,139.7530694
HARUMI FLAG PARK VILLAGE T…,東京都中央区晴海５-6-7,都営大江戸線「勝どき」徒歩16分,2025年10月,210000000.0,3LDK,86.66,38.78,東京,中央,2,21000.0,800,都営大江戸線,勝どき,35.6497754,139.7745565
コスモポリス品川,東京都港区港南３,ＪＲ山手線「品川」徒歩11分,2005年2月,210000000.0,2LDK,90.41,16.39,東京,港,250,21000.0,767,ＪＲ山手線,品川,35.633247,139.7505142
ザ・パークハウス晴海タワーズクロノレジデンス,東京都中央区晴海２,都営大江戸線「勝どき」徒歩11分,2013年10月,210000000.0,2LDK,85.1,18.21,東京,中央,146,21000.0,814,都営大江戸線,勝どき,35.6564518,139.7869359
THE TOKYO TOWERS SEA TOWER,東京都中央区勝どき６,都営大江戸線「勝どき」徒歩6分,2008年1月,210000000.0,3LDK+S（納戸）,91.58,8.66,東京,中央,215,21000.0,757,都営大江戸線,勝どき,35.6550953,139.7735148
キャナルファーストタワー,東京都江東区東雲１,東京メトロ有楽町線「辰巳」徒歩9分,2008年1月,210000000.0,3LDK,101.25,20.94,東京,江東,215,21000.0,684,東京メトロ有楽町線,辰巳,35.6465138,139.802278
ＷＯＲＬＤ　ＴＯＷＥＲ　ＲＥＳＩＤＥＮＣＥ,東京都港区浜松町２,ＪＲ山手線「浜松町」徒歩2分,2024年11月,210000000.0,1LDK,44.14,10.46,東京,港,13,21000.0,1570,ＪＲ山手線,浜松町,35.6548149,139.7556247
コスモポリス品川,東京都港区港南３,ＪＲ山手線「品川」徒歩11分,2005年2月,210000000.0,2LDK,90.41,16.39,東京,港,250,21000.0,767,ＪＲ山手線,品川,35.633247,139.7505142
芝浦アイランドグローヴタワー,東京都港区芝浦４-21－1,ＪＲ山手線「田町」徒歩8分,2006年11月,210000000.0,2LDK,83.8,12.2,東京,港,229,21000.0,827,ＪＲ山手線,田町,35.6405594,139.7512802
ブリリアザタワー東京八重洲アベニュー,東京都中央区新川２,東京メトロ日比谷線「八丁堀」徒歩4分,2017年9月,210000000.0,2LDK,72.86,14.7,東京,中央,99,21000.0,951,東京メトロ日比谷線,八丁堀,35.6736061,139.7824618
ＴＨＥ　ＴＯＫＹＯ　ＴＯＷＥＲＳ　ＳＥＡ　ＴＯＷＥＲ,東京都中央区勝どき６-3-1,都営大江戸線「勝どき」徒歩7分,2008年1月,213000000.0,2LDK+S（納戸）,89.14,9.54,東京,中央,215,21300.0,789,都営大江戸線,勝どき,35.6552789,139.77462
THE TOKYO TOWERS SEA TOWER,東京都中央区勝どき６-3-1,都営大江戸線「勝どき」徒歩7分,2008年1月,213000000.0,2LDK+S（納戸）,89.14,9.54,東京,中央,215,21300.0,789,都営大江戸線,勝どき,35.6552789,139.77462
THE TOKYO TOWERS SEA TOWER,東京都中央区勝どき６,都営大江戸線「勝どき」徒歩7分,2008年1月,213000000.0,2LDK+S（納戸）,89.14,9.54,東京,中央,215,21300.0,789,都営大江戸線,勝どき,35.6550953,139.7735148
THE TOKYO TOWERS SEA TOWER,東京都中央区勝どき６,都営大江戸線「勝どき」徒歩7分,2008年1月,213000000.0,2LDK+S（納戸）,89.14,9.54,東京,中央,215,21300.0,789,都営大江戸線,勝どき,35.6550953,139.7735148
THE TOKYO TOWERS  SEA TOWE…,東京都中央区勝どき６,都営大江戸線「勝どき」徒歩7分,2008年1月,213000000.0,2LDK+S（納戸）,89.14,9.54,東京,中央,215,21300.0,789,都営大江戸線,勝どき,35.6550953,139.7735148
THE　TOKYO　TOWERS　SEA　TOWER,東京都中央区勝どき６,都営大江戸線「勝どき」徒歩7分,2008年1月,213000000.0,2LDK+S（納戸）,89.14,9.54,東京,中央,215,21300.0,789,都営大江戸線,勝どき,35.6550953,139.7735148
THE TOKYO TOWERS SEA TOWER,東京都中央区勝どき６,都営大江戸線「勝どき」徒歩8分,2008年1月,213000000.0,2LDK+S（納戸）,89.14,9.54,東京,中央,215,21300.0,789,都営大江戸線,勝どき,35.6550953,139.7735148
THE TOKYO TOWERS SEA TOWER,東京都中央区勝どき６,都営大江戸線「勝どき」徒歩7分,2008年1月,213000000.0,2LDK+S（納戸）,89.14,9.54,東京,中央,215,21300.0,789,都営大江戸線,勝どき,35.6550953,139.7735148
ザ・パークタワー東京サウス,東京都品川区東五反田２,ＪＲ山手線「大崎」徒歩6分,2001年6月,213000000.0,3LDK,82.58,29.35,東京,品川,294,21300.0,851,ＪＲ山手線,大崎,35.6233916,139.7287997
ＴＨＥ　ＴＯＫＹＯ　ＴＯＷＥＲＳ　ＳＥＡ　ＴＯＷＥＲ,東京都中央区勝どき６,都営大江戸線「勝どき」徒歩7分,2008年1月,213000000.0,2LDK+S（納戸）,89.14,9.54,東京,中央,215,21300.0,789,都営大江戸線,勝どき,35.6550953,139.7735148
THE TOKYO TOWERS SEA TOWER,東京都中央区勝どき６,都営大江戸線「勝どき」徒歩7分,2008年1月,213000000.0,2LDK+S（納戸）,89.14,9.54,東京,中央,215,21300.0,789,都営大江戸線,勝どき,35.6550953,139.7735148
アーバンドック　パークシティ豊洲,東京都江東区豊洲２,東京メトロ有楽町線「豊洲」徒歩8分,2008年2月,214800000.0,3LDK,80.18,22.6,東京,江東,214,21480.0,884,東京メトロ有楽町線,豊洲,35.6553723,139.7914102
パークハウス芝タワー,東京都港区芝３-21-10,都営三田線「芝公園」徒歩2分,2004年9月,214800000.0,2LDK,69.1,12.5,東京,港,255,21480.0,1026,都営三田線,芝公園,35.6517804,139.7480735
センチュリーパークタワー,東京都中央区佃２,東京メトロ有楽町線「月島」徒歩9分,1999年1月,214900000.0,3LDK+S（納戸）,90.15,4.2,東京,中央,323,21490.0,787,東京メトロ有楽町線,月島,35.6682531,139.7862967
センチュリーパークタワー,東京都中央区佃２,東京メトロ有楽町線「月島」徒歩9分,1999年3月,214900000.0,3LDK,90.15,4.2,東京,中央,321,21490.0,787,東京メトロ有楽町線,月島,35.6682531,139.7862967
ザ・パークハウス西新宿タワー６０,東京都新宿区西新宿５,都営大江戸線「西新宿五丁目」徒歩7分,2017年8月,215000000.0,2LDK,83.37,15.94,東京,新宿,100,21500.0,851,都営大江戸線,西新宿五丁目,35.6948318,139.6866706
アーバンドックパークシティ豊洲タワーＡ,東京都江東区豊洲２-5-1,東京メトロ有楽町線「豊洲」徒歩6分,2008年3月,215000000.0,3LDK,80.38,17.6,東京,江東,213,21500.0,883,東京メトロ有楽町線,豊洲,35.6582126,139.7910888
HARUMI FLAG SUN VILLAGE T棟,東京都中央区晴海５,都営大江戸線「勝どき」徒歩18分,2025年10月,215000000.0,3LDK+S（納戸）,83.2,19.47,東京,中央,2,21500.0,853,都営大江戸線,勝どき,35.6490356,139.7741538
アーバンドックパークシティ豊洲タワーA,東京都江東区豊洲２,東京メトロ有楽町線「豊洲」徒歩6分,2008年3月,215000000.0,3LDK,80.38,17.6,東京,江東,213,21500.0,883,東京メトロ有楽町線,豊洲,35.6553723,139.7914102
アーバンドックパークシティ豊洲タワーＡ,東京都江東区豊洲２,東京メトロ有楽町線「豊洲」徒歩6分,2008年2月,215000000.0,3LDK,80.38,17.6,東京,江東,214,21500.0,883,東京メトロ有楽町線,豊洲,35.6553723,139.7914102
HARUMI FLAG　SUN VILLAGE　T棟,東京都中央区晴海５,都営大江戸線「勝どき」徒歩14分,2025年10月,215000000.0,3LDK,83.2,19.47,東京,中央,2,21500.0,853,都営大江戸線,勝どき,35.6490356,139.7741538
HARUMI FLAG SUN VILLAGE T棟,東京都中央区晴海５-5-7,都営大江戸線「勝どき」徒歩15分,2025年9月,215000000.0,3LDK,83.2,19.47,東京,中央,3,21500.0,853,都営大江戸線,勝どき,35.6505533,139.7736279
アーバンドックパークシティ豊洲タワーA棟,東京都江東区豊洲２,東京メトロ有楽町線「豊洲」徒歩6分,2008年2月,215000000.0,3LDK,80.38,17.6,東京,江東,214,21500.0,883,東京メトロ有楽町線,豊洲,35.6553723,139.7914102
TOKYO SEA SOUTH ブランファーレ,東京都港区港南４,ＪＲ山手線「品川」徒歩12分,2004年6月,216000000.0,3LDK,78.75,14.17,東京,港,258,21600.0,905,ＪＲ山手線,品川,35.6273113,139.7485979
パークタワー晴海,東京都中央区晴海２,東京メトロ有楽町線「月島」徒歩12分,2019年2月,216800000.0,3LDK,81.64,22.0,東京,中央,82,21680.0,876,東京メトロ有楽町線,月島,35.6564518,139.7869359
ライオンズ四谷タワーゲート,東京都新宿区四谷４,東京メトロ丸ノ内線「四谷三丁目」徒歩5分,2007年5月,218000000.0,2LDK,79.02,4.22,東京,新宿,223,21800.0,910,東京メトロ丸ノ内線,四谷三丁目,35.6894241,139.7160301
クロスエアタワー,東京都目黒区大橋１,東急田園都市線「池尻大橋」徒歩5分,2013年1月,218000000.0,2LDK,77.56,17.64,東京,目黒,155,21800.0,928,東急田園都市線,池尻大橋,35.6510223,139.6882659
東京ツインパークス　ライトウィング,東京都港区東新橋１-10,都営大江戸線「汐留」徒歩3分,2002年10月,218000000.0,1LDK+S（納戸）,53.7,7.62,東京,港,278,21800.0,1340,都営大江戸線,汐留,35.6626922,139.7599637
ＨＡＲＵＭＩ　ＦＬＡＧ　ＰＡＲＫ　ＶＩＬＬＡＧＥ　Ｔ…,東京都中央区晴海５,都営大江戸線「勝どき」徒歩15分,2025年8月,218000000.0,2LDK,71.01,18.6,東京,中央,4,21800.0,1013,都営大江戸線,勝どき,35.6490356,139.7741538
芝浦アイランドグローヴタワー,東京都港区芝浦４,ＪＲ山手線「田町」徒歩8分,2006年11月,218000000.0,3LDK,87.35,14.64,東京,港,229,21800.0,824,ＪＲ山手線,田町,35.6400662,139.7460429
ＨＡＲＵＭＩ　ＦＬＡＧ　ＰＡＲＫ　ＶＩＬＬＡＧＥ　Ｔ…,東京都中央区晴海５,都営大江戸線「勝どき」徒歩15分,2025年8月,218000000.0,2LDK,71.01,18.6,東京,中央,4,21800.0,1013,都営大江戸線,勝どき,35.6490356,139.7741538
アーバンドックパークシティ豊洲タワーＡ,東京都江東区豊洲２,東京メトロ有楽町線「豊洲」徒歩6分,2008年2月,218000000.0,3LDK,80.07,23.81,東京,江東,214,21800.0,898,東京メトロ有楽町線,豊洲,35.6553723,139.7914102
クレストプライムタワー芝,東京都港区芝１,ＪＲ山手線「浜松町」徒歩6分,2007年8月,218000000.0,2LDK,56.18,13.3,東京,港,220,21800.0,1281,ＪＲ山手線,浜松町,35.65127349999999,139.7546664
ザ・パークハウス西新宿タワー６０,東京都新宿区西新宿５,都営大江戸線「西新宿五丁目」徒歩7分,2017年8月,218000000.0,3LDK,79.45,9.63,東京,新宿,100,21800.0,905,都営大江戸線,西新宿五丁目,35.6948318,139.6866706
芝浦アイランドグローヴタワー,東京都港区芝浦４,ＪＲ山手線「田町」徒歩8分,2006年11月,218000000.0,3LDK,87.35,14.64,東京,港,229,21800.0,824,ＪＲ山手線,田町,35.6400662,139.7460429
マークスタワー,東京都荒川区荒川７,東京メトロ千代田線「町屋」徒歩1分,2006年3月,218000000.0,4LDK,124.07,32.08,東京,荒川,237,21800.0,580,東京メトロ千代田線,町屋,35.7418313,139.7837401
アウルタワー,東京都豊島区東池袋４,東京メトロ有楽町線「東池袋」徒歩2分,2011年1月,218000000.0,2LDK,66.36,13.2,東京,豊島,179,21800.0,1084,東京メトロ有楽町線,東池袋,35.727032,139.7211376
東京ツインパークス　ライトウィング,東京都港区東新橋１,都営大江戸線「汐留」徒歩3分,2002年9月,218000000.0,1LDK+S（納戸）,53.7,7.62,東京,港,279,21800.0,1340,都営大江戸線,汐留,35.664582,139.7613745
ワールドタワーレジデンス,東京都港区浜松町２,ＪＲ山手線「浜松町」徒歩2分,2024年11月,218000000.0,1LDK,44.14,10.46,東京,港,13,21800.0,1630,ＪＲ山手線,浜松町,35.6548149,139.7556247
東京ツインパークスライトウイング,東京都港区東新橋１,都営大江戸線「汐留」徒歩3分,2002年9月,218000000.0,1LDK+S（納戸）,53.7,7.62,東京,港,279,21800.0,1340,都営大江戸線,汐留,35.664582,139.7613745
東京ツインパークスライトウイング,東京都港区東新橋１,新交通ゆりかもめ「汐留」徒歩5分,2002年9月,218000000.0,1LDK+S（納戸）,53.7,7.62,東京,港,279,21800.0,1340,新交通ゆりかもめ,汐留,35.664582,139.7613745
東京ツインパークス　ライトウイング,東京都港区東新橋１,都営大江戸線「汐留」徒歩3分,2002年9月,218000000.0,1LDK+S（納戸）,53.7,7.62,東京,港,279,21800.0,1340,都営大江戸線,汐留,35.664582,139.7613745
イーストコア曳舟二番館,東京都墨田区京島１,東武伊勢崎線「曳舟」徒歩2分,2009年11月,218000000.0,2LDK+S（納戸）,90.13,73.53,東京,墨田,193,21800.0,798,東武伊勢崎線,曳舟,35.71715500000001,139.8195425
東京ツインパークス ライトウイング,東京都港区東新橋１,都営大江戸線「汐留」徒歩5分,2002年9月,218000000.0,1LDK+S（納戸）,53.7,7.62,東京,港,279,21800.0,1340,都営大江戸線,汐留,35.664582,139.7613745
赤坂タワーレジデンス　トップ　オブ　ザ　ヒル,東京都港区赤坂２-2,東京メトロ千代田線「赤坂」徒歩5分,2008年4月,218000000.0,1LDK,49.83,8.25,東京,港,212,21800.0,1444,東京メトロ千代田線,赤坂,35.6711124,139.7390173
ローレルコート新宿タワー,東京都新宿区富久町,東京メトロ丸ノ内線「新宿御苑前」徒歩9分,2002年9月,218900000.0,2LDK,84.47,12.48,東京,新宿,279,21890.0,855,東京メトロ丸ノ内線,新宿御苑前,35.6934999,139.7147533
HARUMI FLAG PARKVILLAGE T棟,東京都中央区晴海５,都営大江戸線「勝どき」徒歩15分,2025年9月,219000000.0,3LDK,77.3,17.9,東京,中央,3,21900.0,935,都営大江戸線,勝どき,35.6490356,139.7741538
ザ・パークハウス大森タワー,東京都大田区大森北１,ＪＲ京浜東北線「大森」徒歩3分,2024年11月,219800000.0,3LDK,76.28,21.4,東京,大田,13,21980.0,951,ＪＲ京浜東北線,大森,35.5866413,139.7287997
CAPITAL GATE PLACE（ザ・タワー）,東京都中央区月島１-5-1,東京メトロ有楽町線「月島」徒歩1分,2015年7月,219800000.0,3LDK,78.73,13.0,東京,中央,125,21980.0,921,東京メトロ有楽町線,月島,35.6643102,139.7840768
ザ・パークハウス西新宿タワー６０,東京都新宿区西新宿５,都営大江戸線「西新宿五丁目」徒歩7分,2017年8月,219800000.0,3LDK,83.37,15.94,東京,新宿,100,21980.0,870,都営大江戸線,西新宿五丁目,35.6948318,139.6866706
ザ・パークハウス大森タワー,東京都大田区大森北１,ＪＲ京浜東北線「大森」徒歩3分,2024年11月,219800000.0,3LDK,76.28,21.4,東京,大田,13,21980.0,951,ＪＲ京浜東北線,大森,35.5866413,139.7287997
ザ・パークハウス西新宿タワー６０,東京都新宿区西新宿５,都営大江戸線「西新宿五丁目」徒歩7分,2017年8月,219800000.0,3LDK,83.37,15.94,東京,新宿,100,21980.0,870,都営大江戸線,西新宿五丁目,35.6948318,139.6866706
パークタワー品川ベイワード,東京都港区港南３,ＪＲ山手線「品川」徒歩14分,2005年11月,219800000.0,3LDK,91.26,21.1,東京,港,241,21980.0,795,ＪＲ山手線,品川,35.633247,139.7505142
ファミール新宿グランスィートタワー,東京都渋谷区代々木２,都営新宿線「新宿」徒歩2分,2002年2月,219800000.0,3LDK,86.24,12.06,東京,渋谷,286,21980.0,841,都営新宿線,新宿,35.6856856,139.6981574
アーバンドックパークシティ豊洲タワー,東京都江東区豊洲２,東京メトロ有楽町線「豊洲」徒歩6分,2008年2月,219800000.0,2LDK,80.38,17.6,東京,江東,214,21980.0,902,東京メトロ有楽町線,豊洲,35.6553723,139.7914102
プラウドタワー芝浦,東京都港区芝浦４,ＪＲ山手線「田町」徒歩11分,2023年1月,219800000.0,2LDK,72.58,5.75,東京,港,35,21980.0,999,ＪＲ山手線,田町,35.6400662,139.7460429
東京ツインパークス　ライトウイング,東京都港区東新橋１,都営大江戸線「汐留」徒歩3分,2002年9月,219800000.0,1LDK+S（納戸）,53.7,7.62,東京,港,279,21980.0,1351,都営大江戸線,汐留,35.664582,139.7613745
ザ・パークハウス大森タワー２３階,東京都大田区大森北１,ＪＲ京浜東北線「大森」徒歩3分,2024年11月,219800000.0,3LDK,76.28,21.4,東京,大田,13,21980.0,951,ＪＲ京浜東北線,大森,35.5866413,139.7287997
リガーレ日本橋人形町,東京都中央区日本橋人形町１,東京メトロ日比谷線「人形町」徒歩3分,2007年10月,219900000.0,2LDK+S（納戸）,74.91,0.0,東京,中央,218,21990.0,969,東京メトロ日比谷線,人形町,35.6846715,139.7821423
リガーレ日本橋人形町,東京都中央区日本橋人形町１,東京メトロ日比谷線「人形町」徒歩4分,2007年10月,219900000.0,2LDK+S（納戸）,74.91,1.0,東京,中央,218,21990.0,969,東京メトロ日比谷線,人形町,35.6846715,139.7821423
リガーレ日本橋人形町,東京都中央区日本橋人形町１,東京メトロ日比谷線「人形町」徒歩3分,2007年10月,219900000.0,2LDK+S（納戸）,74.91,0.0,東京,中央,218,21990.0,969,東京メトロ日比谷線,人形町,35.6846715,139.7821423
シティタワー九段下,東京都千代田区飯田橋２,東京メトロ半蔵門線「九段下」徒歩6分,2007年3月,219900000.0,2LDK,62.18,3.96,東京,千代田,225,21990.0,1167,東京メトロ半蔵門線,九段下,35.6990911,139.7508336
ファミール月島グランスイートタワー,東京都中央区佃２,東京メトロ有楽町線「月島」徒歩2分,2002年6月,220000000.0,2LDK,87.04,16.12,東京,中央,282,22000.0,834,東京メトロ有楽町線,月島,35.6682531,139.7862967
勝どきザ・タワー,東京都中央区勝どき５-3-1,都営大江戸線「勝どき」徒歩6分,2016年11月,220000000.0,2LDK,73.32,12.28,東京,中央,109,22000.0,990,都営大江戸線,勝どき,35.65665329999999,139.7725581
THE TOKYO TOWERS SEA TOWER,東京都中央区勝どき６,都営大江戸線「勝どき」徒歩7分,2008年1月,220000000.0,2LDK+S（納戸）,89.14,0.0,東京,中央,215,22000.0,814,都営大江戸線,勝どき,35.6550953,139.7735148
勝どきザ・タワー,東京都中央区勝どき５,都営大江戸線「勝どき」徒歩7分,2016年11月,220000000.0,2LDK,73.32,12.28,東京,中央,109,22000.0,990,都営大江戸線,勝どき,35.657516,139.7709587
富久クロスコンフォートタワー,東京都新宿区富久町,東京メトロ丸ノ内線「新宿御苑前」徒歩7分,2015年4月,220000000.0,3LDK,70.12,12.08,東京,新宿,128,22000.0,1035,東京メトロ丸ノ内線,新宿御苑前,35.6934999,139.7147533
パークシティ大崎　ザ　タワー,東京都品川区北品川５,ＪＲ山手線「大崎」徒歩6分,2015年4月,220000000.0,3LDK,69.42,11.75,東京,品川,128,22000.0,1046,ＪＲ山手線,大崎,35.6214836,139.7326311
品川イーストシティタワー,東京都品川区東品川５,東京モノレール「天王洲アイル」徒歩5分,2018年7月,220000000.0,3LDK,70.18,25.15,東京,品川,89,22000.0,1034,東京モノレール,天王洲アイル,35.6211959,139.7562635
勝どきザ・タワー,東京都中央区勝どき５,都営大江戸線「勝どき」徒歩8分,2016年11月,220000000.0,2LDK,73.32,12.28,東京,中央,109,22000.0,990,都営大江戸線,勝どき,35.657516,139.7709587
スカイフォレストレジデンス,東京都新宿区大久保３,ＪＲ山手線「高田馬場」徒歩7分,2014年2月,220000000.0,2LDK,76.72,5.9,東京,新宿,142,22000.0,946,ＪＲ山手線,高田馬場,35.7066016,139.7045399
勝どきザ・タワー,東京都中央区勝どき５,都営大江戸線「勝どき」徒歩7分,2016年11月,220000000.0,2LDK,73.32,12.28,東京,中央,109,22000.0,990,都営大江戸線,勝どき,35.657516,139.7709587
品川イーストシティタワー,東京都品川区東品川５,東京モノレール「天王洲アイル」徒歩5分,2018年7月,220000000.0,3LDK,70.18,25.15,東京,品川,89,22000.0,1034,東京モノレール,天王洲アイル,35.6211959,139.7562635
晴海フラッグHARUMI FLAG PARK VIL…,東京都中央区晴海５-6-7,都営大江戸線「勝どき」徒歩18分,2025年9月,220000000.0,3LDK,77.3,17.9,東京,中央,3,22000.0,939,都営大江戸線,勝どき,35.6497754,139.7745565
ＨＡＲＵＭＩ　ＦＬＡＧ　ＰＡＲＫ　ＶＩＬＬＡＧＥ　Ｔ…,東京都中央区晴海５,都営大江戸線「勝どき」徒歩15分,2025年8月,220000000.0,3LDK,77.3,17.9,東京,中央,4,22000.0,939,都営大江戸線,勝どき,35.6490356,139.7741538
ＨＡＲＵＭＩ　ＦＬＡＧ　ＰＡＲＫ　ＶＩＬＬＡＧＥ　Ｔ…,東京都中央区晴海５,都営大江戸線「勝どき」徒歩15分,2025年8月,220000000.0,3LDK,77.3,17.9,東京,中央,4,22000.0,939,都営大江戸線,勝どき,35.6490356,139.7741538
ブランズタワー芝浦,東京都港区芝浦２,ＪＲ山手線「田町」徒歩10分,2021年8月,220000000.0,3LDK,68.44,12.05,東京,港,52,22000.0,1061,ＪＲ山手線,田町,35.6446055,139.7530694
勝どきザ・タワー,東京都中央区勝どき５-3-1,都営大江戸線「勝どき」徒歩7分,2016年11月,220000000.0,2LDK,73.32,12.28,東京,中央,109,22000.0,990,都営大江戸線,勝どき,35.65665329999999,139.7725581
ブリリアタワー有明ミッドクロス/32階（最上階）/南…,東京都江東区有明１,新交通ゆりかもめ「お台場海浜公園」徒歩9分,2021年6月,220000000.0,1LDK,89.99,21.24,東京,江東,54,22000.0,807,新交通ゆりかもめ,お台場海浜公園,35.6403728,139.7869359
勝どきザ・タワー,東京都中央区勝どき５,都営大江戸線「勝どき」徒歩6分,2016年11月,220000000.0,2LDK,73.32,12.28,東京,中央,109,22000.0,990,都営大江戸線,勝どき,35.657516,139.7709587
パークタワー晴海,東京都中央区晴海２,東京メトロ有楽町線「月島」徒歩11分,2019年2月,223000000.0,2LDK,78.67,17.74,東京,中央,82,22300.0,935,東京メトロ有楽町線,月島,35.6564518,139.7869359
パークタワー西新宿,東京都新宿区西新宿５,都営大江戸線「西新宿五丁目」徒歩6分,2024年11月,223000000.0,3LDK,75.32,14.98,東京,新宿,13,22300.0,977,都営大江戸線,西新宿五丁目,35.6948318,139.6866706
芝浦アイランドグローヴタワー,東京都港区芝浦４,ＪＲ山手線「田町」徒歩8分,2006年11月,224900000.0,2LDK,83.8,12.2,東京,港,229,22490.0,886,ＪＲ山手線,田町,35.6400662,139.7460429
芝浦アイランドグローヴタワー　41階,東京都港区芝浦４,ＪＲ山手線「田町」徒歩8分,2006年11月,224900000.0,2LDK,83.8,12.2,東京,港,229,22490.0,886,ＪＲ山手線,田町,35.6400662,139.7460429
ＴＯＫＹＯ　ＳＥＡ　ＳＯＵＴＨ　ブランファーレ,東京都港区港南４-7-55,ＪＲ山手線「品川」徒歩12分,2004年6月,225000000.0,2LDK,98.43,14.35,東京,港,258,22500.0,754,ＪＲ山手線,品川,35.6293674,139.750761
TOKYO SEA SOUTHブランファーレ,東京都港区港南４-7-55,ＪＲ山手線「品川」徒歩12分,2004年6月,225000000.0,2LDK,98.43,14.35,東京,港,258,22500.0,754,ＪＲ山手線,品川,35.6293674,139.750761
グランドメゾン白金の杜ザ・タワー,東京都港区白金６,東京メトロ南北線「白金台」徒歩10分,2015年5月,225000000.0,2LDK,58.18,11.98,東京,港,127,22500.0,1276,東京メトロ南北線,白金台,35.6431552,139.7236915
TOKYO　SEA　SOUTH　ブランファーレ,東京都港区港南４,ＪＲ山手線「品川」徒歩13分,2004年6月,225000000.0,2LDK,98.43,14.35,東京,港,258,22500.0,754,ＪＲ山手線,品川,35.6273113,139.7485979
ＴＯＫＹＯ　ＳＥＡ　ＳＯＵＴＨ　ブランファーレ,東京都港区港南４,東京モノレール「天王洲アイル」徒歩9分,2004年6月,225000000.0,2LDK,98.43,14.35,東京,港,258,22500.0,754,東京モノレール,天王洲アイル,35.6273113,139.7485979
TOKYO SEA SOUTH ブランファーレ,東京都港区港南４-7-55,ＪＲ山手線「品川」徒歩12分,2004年6月,225000000.0,2LDK,98.43,14.35,東京,港,258,22500.0,754,ＪＲ山手線,品川,35.6293674,139.750761
二子玉川ライズ　タワー＆レジデンス　タワーウエスト,東京都世田谷区玉川１,東急田園都市線「二子玉川」徒歩7分,2010年5月,225000000.0,2LDK,70.74,16.5,東京,世田谷,187,22500.0,1050,東急田園都市線,二子玉川,35.6091664,139.6305452
TOKYO　SEA　SOUTH　ブランファーレ,東京都港区港南４,ＪＲ山手線「品川」徒歩12分,2004年6月,225000000.0,2LDK,98.43,14.35,東京,港,258,22500.0,754,ＪＲ山手線,品川,35.6273113,139.7485979
ＴＯＫＹＯ　ＳＥＡ　ＳＯＵＴＨ　ブランファーレ,東京都港区港南４,ＪＲ山手線「品川」徒歩15分,2004年6月,225000000.0,2LDK,98.43,14.35,東京,港,258,22500.0,754,ＪＲ山手線,品川,35.6273113,139.7485979
ＴＯＫＹＯ　ＳＥＡ　ＳＯＵＴＨブランファーレ,東京都港区港南４,ＪＲ山手線「品川」徒歩13分,2004年6月,225000000.0,2LDK,98.43,14.35,東京,港,258,22500.0,754,ＪＲ山手線,品川,35.6273113,139.7485979
TOKYO SEA SOUTH ブランファーレ(東京…,東京都港区港南４,ＪＲ山手線「品川」徒歩12分,2004年6月,225000000.0,2LDK,98.43,14.35,東京,港,258,22500.0,754,ＪＲ山手線,品川,35.6273113,139.7485979
エアライズタワー,東京都豊島区東池袋４,東京メトロ有楽町線「東池袋」徒歩1分,2007年1月,225000000.0,3LDK,80.03,11.08,東京,豊島,227,22500.0,928,東京メトロ有楽町線,東池袋,35.727032,139.7211376
TOKYO　SEA　SOUTH　ブランファーレ,東京都港区港南４,東京モノレール「天王洲アイル」徒歩9分,2004年6月,225000000.0,2LDK,98.43,14.35,東京,港,258,22500.0,754,東京モノレール,天王洲アイル,35.6273113,139.7485979
TOKYO　SEA　SOUTH　ブランファーレ,東京都港区港南４,ＪＲ山手線「品川」徒歩12分,2004年6月,225000000.0,2LDK,98.43,14.35,東京,港,258,22500.0,754,ＪＲ山手線,品川,35.6273113,139.7485979
TOKYO SEA SOUTH ブランファーレ,東京都港区港南４,東京モノレール「天王洲アイル」徒歩9分,2004年6月,225000000.0,2LDK,98.43,14.35,東京,港,258,22500.0,754,東京モノレール,天王洲アイル,35.6273113,139.7485979
パークタワー晴海,東京都中央区晴海２-2-42,東京メトロ有楽町線「豊洲」徒歩15分,2019年2月,225000000.0,4LDK,89.95,21.24,東京,中央,82,22500.0,825,東京メトロ有楽町線,豊洲,35.6569192,139.7867489
グランドメゾン白金の杜ザ・タワー,東京都港区白金６,都営三田線「白金台」徒歩10分,2015年5月,225000000.0,2LDK,58.18,11.98,東京,港,127,22500.0,1276,都営三田線,白金台,35.6431552,139.7236915
パークタワー晴海,東京都中央区晴海２-2-42,東京メトロ有楽町線「月島」徒歩12分,2019年2月,225000000.0,4LDK,89.95,21.24,東京,中央,82,22500.0,825,東京メトロ有楽町線,月島,35.6569192,139.7867489
ザ・パークハウス西新宿タワー６０,東京都新宿区西新宿５-5-1,都営大江戸線「西新宿五丁目」徒歩7分,2017年8月,225000000.0,3LDK,83.37,0.0,東京,新宿,100,22500.0,891,都営大江戸線,西新宿五丁目,35.6918758,139.7100852
HARUMI FLAG SUN VILLAGE T棟,東京都中央区晴海５-5-7,都営大江戸線「勝どき」徒歩14分,2025年9月,225000000.0,3LDK,83.2,19.47,東京,中央,3,22500.0,892,都営大江戸線,勝どき,35.6505533,139.7736279
ＨＡＲＵＭＩ　ＦＬＡＧ　ＳＵＮ　ＶＩＬＬＡＧＥ　Ｔ棟,東京都中央区晴海５,都営大江戸線「勝どき」徒歩14分,2025年8月,225000000.0,3LDK,76.75,40.32,東京,中央,4,22500.0,967,都営大江戸線,勝どき,35.6490356,139.7741538
TOKYO SEA SOUTH ブランファーレ,東京都港区港南４,ＪＲ山手線「品川」徒歩12分,2004年6月,225000000.0,2LDK,98.43,14.35,東京,港,258,22500.0,754,ＪＲ山手線,品川,35.6273113,139.7485979
TOKYO SEA SOUTH ブランファーレ,東京都港区港南４,ＪＲ山手線「品川」徒歩12分,2004年6月,225000000.0,2LDK,98.43,14.35,東京,港,258,22500.0,754,ＪＲ山手線,品川,35.6273113,139.7485979
ＴＯＫＹＯ　ＳＥＡ　ＳＯＵＴＨ　ブランファーレ,東京都港区港南４,ＪＲ山手線「品川」徒歩12分,2004年6月,225000000.0,2LDK,98.43,14.35,東京,港,258,22500.0,754,ＪＲ山手線,品川,35.6273113,139.7485979
東京ツインパークス　ライトウイング,東京都港区東新橋１,都営大江戸線「汐留」徒歩3分,2002年9月,225000000.0,2LDK,68.8,0.0,東京,港,279,22500.0,1079,都営大江戸線,汐留,35.664582,139.7613745
TOKYO SEA SOUTH ブランファーレ,東京都港区港南４,東京モノレール「天王洲アイル」徒歩9分,2004年6月,225000000.0,2LDK,98.43,14.35,東京,港,258,22500.0,754,東京モノレール,天王洲アイル,35.6273113,139.7485979
東京ツインパークス ライトウィング,東京都港区東新橋１,都営大江戸線「汐留」徒歩3分,2002年9月,225000000.0,2LDK,68.8,13.08,東京,港,279,22500.0,1079,都営大江戸線,汐留,35.664582,139.7613745
ワールドシティタワーズブリーズタワー,東京都港区港南４,ＪＲ山手線「品川」徒歩14分,2006年10月,225000000.0,3LDK,86.21,4.5,東京,港,230,22500.0,861,ＪＲ山手線,品川,35.6273113,139.7485979
西新宿タワー・賃貸用にもご自宅用としても利用可,東京都新宿区西新宿５,都営大江戸線「西新宿五丁目」徒歩7分,2017年8月,225000000.0,3LDK,83.37,15.94,東京,新宿,100,22500.0,891,都営大江戸線,西新宿五丁目,35.6948318,139.6866706
TOKYO SEA SOUTHブランファーレ,東京都港区港南４,ＪＲ山手線「品川」徒歩12分,2004年6月,225000000.0,2LDK,98.43,14.35,東京,港,258,22500.0,754,ＪＲ山手線,品川,35.6273113,139.7485979
プラウドタワー芝浦,東京都港区芝浦４,ＪＲ山手線「田町」徒歩11分,2023年1月,225550000.0,3LDK,72.58,5.75,東京,港,35,22555.0,1026,ＪＲ山手線,田町,35.6400662,139.7460429
プラウドタワー芝浦,東京都港区芝浦４,ＪＲ山手線「田町」徒歩11分,2023年1月,225550000.0,3LDK,72.58,5.75,東京,港,35,22555.0,1026,ＪＲ山手線,田町,35.6400662,139.7460429
プラウドタワー芝浦,東京都港区芝浦４,ＪＲ山手線「田町」徒歩13分,2023年1月,225550000.0,3LDK,72.58,5.75,東京,港,35,22555.0,1026,ＪＲ山手線,田町,35.6400662,139.7460429
ザ・レジデンス三田,東京都港区三田２,都営大江戸線「赤羽橋」徒歩6分,2014年11月,225800000.0,2LDK,58.21,0.0,東京,港,133,22580.0,1280,都営大江戸線,赤羽橋,35.6494981,139.7409333
シティタワー新宿新都心,東京都新宿区西新宿４,都営大江戸線「西新宿五丁目」徒歩2分,2005年2月,228000000.0,2LDK,85.08,16.74,東京,新宿,250,22800.0,884,都営大江戸線,西新宿五丁目,35.6879506,139.6866706
シティタワーズ東京ベイ,東京都江東区有明２,新交通ゆりかもめ「有明」徒歩3分,2019年7月,228000000.0,3LDK,81.19,34.97,東京,江東,77,22800.0,927,新交通ゆりかもめ,有明,35.6388488,139.7946064
アーバンドックパークシティ豊洲タワーＡ,東京都江東区豊洲２-５－１,東京メトロ有楽町線「豊洲」徒歩8分,2008年2月,228000000.0,3LDK,80.38,17.6,東京,江東,214,22800.0,936,東京メトロ有楽町線,豊洲,35.6582126,139.7910888
クラッシィタワー東中野,東京都中野区東中野４,都営大江戸線「東中野」徒歩1分,2015年1月,228000000.0,3LDK,78.75,11.39,東京,中野,131,22800.0,955,都営大江戸線,東中野,35.7092259,139.6853944
高輪ザ・レジデンス,東京都港区高輪１,都営浅草線「高輪台」徒歩6分,2005年10月,228000000.0,2LDK,80.66,3.7,東京,港,242,22800.0,933,都営浅草線,高輪台,35.6403663,139.7339083
クラッシィタワー東中野,東京都中野区東中野４,ＪＲ中央線「東中野」徒歩2分,2015年4月,228000000.0,3LDK,78.75,11.39,東京,中野,128,22800.0,955,ＪＲ中央線,東中野,35.7092259,139.6853944
白金ザ・スカイ　西棟,東京都港区白金１,東京メトロ南北線「白金高輪」徒歩3分,2023年2月,228000000.0,2LDK,56.46,6.4,東京,港,34,22800.0,1333,東京メトロ南北線,白金高輪,35.6449583,139.7339083
ザ・パークハウス晴海タワーズティアロレジデンス,東京都中央区晴海２,東京メトロ有楽町線「月島」徒歩13分,2016年4月,228000000.0,3LDK,85.73,33.42,東京,中央,116,22800.0,878,東京メトロ有楽町線,月島,35.6564518,139.7869359
ＴＨＥ　ＴＯＫＹＯ　ＴＯＷＥＲＳ　ＭＩＤ　ＴＯＷＥＲ,東京都中央区勝どき６,都営大江戸線「勝どき」徒歩6分,2008年1月,228000000.0,4LDK,91.51,12.83,東京,中央,215,22800.0,822,都営大江戸線,勝どき,35.6550953,139.7735148
ブランズ渋谷桜丘,東京都渋谷区桜丘町,ＪＲ山手線「渋谷」徒歩4分,2023年11月,228000000.0,1LDK,40.6,8.98,東京,渋谷,25,22800.0,1853,ＪＲ山手線,渋谷,35.6557349,139.7007103
ザ・パークハウス西新宿タワー６０,東京都新宿区西新宿５,都営大江戸線「西新宿五丁目」徒歩7分,2017年8月,228000000.0,2LDK,83.37,15.94,東京,新宿,100,22800.0,902,都営大江戸線,西新宿五丁目,35.6948318,139.6866706
THE　TOYOSU　TOWER,東京都江東区豊洲３,東京メトロ有楽町線「豊洲」徒歩9分,2008年10月,228000000.0,3LDK,90.24,8.4,東京,江東,206,22800.0,834,東京メトロ有楽町線,豊洲,35.6585681,139.7965242
プラウドタワー東雲キャナルコート,東京都江東区東雲１,東京メトロ有楽町線「豊洲」徒歩12分,2012年12月,228500000.0,2LDK+S（納戸）,91.37,19.29,東京,江東,156,22850.0,825,東京メトロ有楽町線,豊洲,35.6465138,139.802278
プラウドタワー東雲キャナルコート,東京都江東区東雲１,東京メトロ有楽町線「辰巳」徒歩11分,2012年12月,228500000.0,2LDK,91.37,19.29,東京,江東,156,22850.0,825,東京メトロ有楽町線,辰巳,35.6465138,139.802278
プラウドタワー東雲キャナルコート　ペントハウス,東京都江東区東雲１,東京メトロ有楽町線「辰巳」徒歩11分,2012年12月,228500000.0,2LDK+S（納戸）,91.37,20.5,東京,江東,156,22850.0,825,東京メトロ有楽町線,辰巳,35.6465138,139.802278
スカイズタワー＆ガーデン,東京都江東区豊洲６,新交通ゆりかもめ「新豊洲」徒歩5分,2014年8月,228800000.0,3LDK,84.94,10.74,東京,江東,136,22880.0,889,新交通ゆりかもめ,新豊洲,35.6456038,139.7856575
パークタワーグランスカイ,東京都品川区東五反田２,ＪＲ山手線「大崎」徒歩6分,2010年6月,228800000.0,2LDK,66.06,13.71,東京,品川,186,22880.0,1143,ＪＲ山手線,大崎,35.6233916,139.7287997
勝どきザ・タワー,東京都中央区勝どき５,都営大江戸線「勝どき」徒歩7分,2016年12月,229000000.0,3LDK,77.55,12.99,東京,中央,108,22900.0,974,都営大江戸線,勝どき,35.657516,139.7709587
パークシティ武蔵小山ザタワー,東京都品川区小山３,東急目黒線「武蔵小山」徒歩1分,2019年12月,229800000.0,2LDK,67.3,17.79,東京,品川,72,22980.0,1127,東急目黒線,武蔵小山,35.6205453,139.7045399
ザ・パークハウス西新宿タワー60,東京都新宿区西新宿５-5,都営大江戸線「西新宿五丁目」徒歩7分,2017年8月,229800000.0,2LDK,85.35,12.4,東京,新宿,100,22980.0,889,都営大江戸線,西新宿五丁目,35.6913457,139.69369
富久クロスコンフォートタワー,東京都新宿区富久町,東京メトロ丸ノ内線「新宿御苑前」徒歩5分,2015年4月,229800000.0,2LDK,60.0,10.0,東京,新宿,128,22980.0,1264,東京メトロ丸ノ内線,新宿御苑前,35.6934999,139.7147533
富久クロスコンフォートタワー,東京都新宿区富久町,東京メトロ丸ノ内線「新宿御苑前」徒歩7分,2015年4月,229800000.0,2LDK,60.0,10.95,東京,新宿,128,22980.0,1264,東京メトロ丸ノ内線,新宿御苑前,35.6934999,139.7147533
富久クロスコンフォートタワー,東京都新宿区富久町,東京メトロ丸ノ内線「新宿御苑前」徒歩7分,2015年4月,229800000.0,2LDK,60.0,10.0,東京,新宿,128,22980.0,1264,東京メトロ丸ノ内線,新宿御苑前,35.6934999,139.7147533
ＭＩＤ　ＴＯＷＥＲ　ＧＲＡＮＤ,東京都中央区月島１,東京メトロ有楽町線「月島」徒歩2分,2020年10月,229800000.0,2LDK,69.49,16.15,東京,中央,62,22980.0,1091,東京メトロ有楽町線,月島,35.6644207,139.7824618
パークタワー晴海,東京都中央区晴海２,東京メトロ有楽町線「月島」徒歩12分,2019年2月,229800000.0,3LDK,82.05,21.56,東京,中央,82,22980.0,924,東京メトロ有楽町線,月島,35.6564518,139.7869359
富久クロスコンフォートタワー,東京都新宿区富久町,東京メトロ丸ノ内線「新宿御苑前」徒歩7分,2015年1月,229800000.0,2LDK,60.0,10.95,東京,新宿,131,22980.0,1264,東京メトロ丸ノ内線,新宿御苑前,35.6934999,139.7147533
アイマークタワー,東京都中央区月島１,東京メトロ有楽町線「月島」徒歩1分,2003年8月,229800000.0,3LDK,85.43,28.52,東京,中央,268,22980.0,888,東京メトロ有楽町線,月島,35.6644207,139.7824618
プラウドタワー芝浦,東京都港区芝浦４-15-1,ＪＲ京浜東北線「田町」徒歩12分,2023年1月,229980000.0,3LDK,72.58,5.75,東京,港,35,22998.0,1046,ＪＲ京浜東北線,田町,35.6390427,139.7477289
プラウドタワー芝浦,東京都港区芝浦４,都営浅草線「泉岳寺」徒歩17分,2023年1月,229980000.0,3LDK,75.77,5.75,東京,港,35,22998.0,1002,都営浅草線,泉岳寺,35.6400662,139.7460429
ブランズタワー豊洲,東京都江東区豊洲５,東京メトロ有楽町線「豊洲」徒歩5分,2021年10月,230000000.0,2LDK,70.39,7.85,東京,江東,50,23000.0,1078,東京メトロ有楽町線,豊洲,35.6505285,139.7965242
アイ・マークタワー,東京都中央区月島１-8-1,東京メトロ有楽町線「月島」徒歩1分,2003年8月,230000000.0,2LDK,96.61,16.19,東京,中央,268,23000.0,786,東京メトロ有楽町線,月島,35.6645596,139.7830807
パークタワー勝どきサウス,東京都中央区勝どき４,都営大江戸線「勝どき」徒歩2分,2023年8月,230000000.0,2LDK,61.6,9.23,東京,中央,28,23000.0,1232,都営大江戸線,勝どき,35.6572676,139.7760709
シティタワー武蔵小山,東京都品川区小山３,東急目黒線「武蔵小山」徒歩2分,2021年4月,230000000.0,2LDK,72.51,4.98,東京,品川,56,23000.0,1047,東急目黒線,武蔵小山,35.6205453,139.7045399
シティタワー武蔵小山　タワー棟,東京都品川区小山３,東急目黒線「武蔵小山」徒歩2分,2021年4月,230000000.0,2LDK,72.51,4.98,東京,品川,56,23000.0,1047,東急目黒線,武蔵小山,35.6205453,139.7045399
プラウドタワー東池袋ステーションアリーナ,東京都豊島区東池袋４,東京メトロ有楽町線「東池袋」徒歩1分,2022年1月,230000000.0,3LDK+S（納戸）,75.01,9.89,東京,豊島,47,23000.0,1012,東京メトロ有楽町線,東池袋,35.727032,139.7211376
ブリリアマーレ有明,東京都江東区有明１,新交通ゆりかもめ「有明テニスの森」徒歩5分,2008年12月,230000000.0,2LDK,83.39,13.52,東京,江東,204,23000.0,910,新交通ゆりかもめ,有明テニスの森,35.6403728,139.7869359
アーバンドックパークシティ豊洲タワーＡ,東京都江東区豊洲２,東京メトロ有楽町線「豊洲」徒歩8分,2008年2月,230000000.0,2LDK,96.05,28.43,東京,江東,214,23000.0,790,東京メトロ有楽町線,豊洲,35.6553723,139.7914102
ブランズタワー豊洲,東京都江東区豊洲５-1-13,東京メトロ有楽町線「豊洲」徒歩4分,2021年10月,230000000.0,2LDK,73.79,15.21,東京,江東,50,23000.0,1029,東京メトロ有楽町線,豊洲,35.6520776,139.7941746
ザ・パークハウス　晴海タワーズティアロレジデンス,東京都中央区晴海２,都営大江戸線「月島」徒歩13分,2016年3月,230000000.0,3LDK,101.8,20.75,東京,中央,117,23000.0,746,都営大江戸線,月島,35.6564518,139.7869359
キャピタルマークタワー,東京都港区芝浦４,ＪＲ山手線「田町」徒歩8分,2007年10月,230000000.0,3LDK,85.98,14.54,東京,港,218,23000.0,883,ＪＲ山手線,田町,35.6400662,139.7460429
シティータワー高輪,東京都港区高輪１,東京メトロ南北線「白金高輪」徒歩7分,2004年1月,230000000.0,2LDK,81.99,9.38,東京,港,263,23000.0,926,東京メトロ南北線,白金高輪,35.6403663,139.7339083
キャピタルマークタワー,東京都港区芝浦４-10-1,ＪＲ山手線「田町」徒歩8分,2007年10月,230000000.0,3LDK,85.98,14.54,東京,港,218,23000.0,883,ＪＲ山手線,田町,35.6410037,139.7461427
ワールドシティタワーズ アクアタワー,東京都港区港南４,東京モノレール「天王洲アイル」徒歩6分,2005年10月,230000000.0,2LDK,90.94,5.9,東京,港,242,23000.0,835,東京モノレール,天王洲アイル,35.6273113,139.7485979
ブリリアタワー浜離宮（BrilliaTower浜離宮…,東京都港区海岸１,ＪＲ山手線「浜松町」徒歩6分,2023年9月,231900000.0,2LDK,58.91,20.45,東京,港,27,23190.0,1299,ＪＲ山手線,浜松町,35.6553975,139.7613745
クロスエアタワー,東京都目黒区大橋１,東急田園都市線「池尻大橋」徒歩5分,2013年1月,232000000.0,1LDK+S（納戸）,68.14,14.25,東京,目黒,155,23200.0,1124,東急田園都市線,池尻大橋,35.6510223,139.6882659
クロスエアタワー,東京都目黒区大橋１,東急田園都市線「池尻大橋」徒歩5分,2013年1月,232000000.0,1LDK+S（納戸）,68.14,14.25,東京,目黒,155,23200.0,1124,東急田園都市線,池尻大橋,35.6510223,139.6882659
クロスエアタワー,東京都目黒区大橋１,東急田園都市線「池尻大橋」徒歩5分,2013年1月,232000000.0,1LDK+S（納戸）,68.14,14.25,東京,目黒,155,23200.0,1124,東急田園都市線,池尻大橋,35.6510223,139.6882659
クロスエアタワー　28階　☆リノベーション済×内見受…,東京都目黒区大橋１-5－1,東急田園都市線「池尻大橋」徒歩5分,2013年1月,232000000.0,1LDK+S（納戸）,68.14,14.25,東京,目黒,155,23200.0,1124,東急田園都市線,池尻大橋,35.6517041,139.6885234
クロスエアタワー,東京都目黒区大橋１,東急田園都市線「池尻大橋」徒歩5分,2013年1月,232000000.0,1LDK+S（納戸）,68.14,14.25,東京,目黒,155,23200.0,1124,東急田園都市線,池尻大橋,35.6510223,139.6882659
クロスエアタワー,東京都目黒区大橋１,東急田園都市線「池尻大橋」徒歩5分,2013年1月,232000000.0,1LDK,68.14,14.25,東京,目黒,155,23200.0,1124,東急田園都市線,池尻大橋,35.6510223,139.6882659
クロスエアタワー,東京都目黒区大橋１,東急田園都市線「池尻大橋」徒歩5分,2013年1月,232000000.0,1LDK+S（納戸）,68.14,14.25,東京,目黒,155,23200.0,1124,東急田園都市線,池尻大橋,35.6510223,139.6882659
クロスエアタワー,東京都目黒区大橋１,東急田園都市線「池尻大橋」徒歩5分,2013年1月,232000000.0,1LDK+S（納戸）,68.14,14.25,東京,目黒,155,23200.0,1124,東急田園都市線,池尻大橋,35.6510223,139.6882659
クロスエアタワー,東京都目黒区大橋１,東急田園都市線「池尻大橋」徒歩5分,2013年1月,232000000.0,1LDK+S（納戸）,68.14,14.25,東京,目黒,155,23200.0,1124,東急田園都市線,池尻大橋,35.6510223,139.6882659
ザ・パークタワー東京サウス,東京都品川区東五反田２,ＪＲ山手線「大崎」徒歩5分,2001年6月,232000000.0,2LDK,83.84,9.23,東京,品川,294,23200.0,913,ＪＲ山手線,大崎,35.6233916,139.7287997
アップルタワー（東京キャナルコート）,東京都江東区東雲１,東京メトロ有楽町線「辰巳」徒歩11分,2007年2月,233000000.0,4LDK,130.07,19.63,東京,江東,226,23300.0,591,東京メトロ有楽町線,辰巳,35.6465138,139.802278
ザ・ヒルトップタワー高輪台,東京都港区高輪３,都営浅草線「高輪台」徒歩1分,2010年3月,233800000.0,2LDK,68.26,5.03,東京,港,189,23380.0,1130,都営浅草線,高輪台,35.6326476,139.7332697
グランドミレーニア,東京都豊島区南池袋１,ＪＲ埼京線「池袋」徒歩4分,2015年2月,234800000.0,3LDK,67.45,5.64,東京,豊島,130,23480.0,1149,ＪＲ埼京線,池袋,35.7275147,139.7109231
アーバンドック　パークシティ豊洲　タワーＡ,東京都江東区豊洲２,東京メトロ有楽町線「豊洲」徒歩6分,2008年2月,234800000.0,2LDK,90.75,23.81,東京,江東,214,23480.0,854,東京メトロ有楽町線,豊洲,35.6553723,139.7914102
クロスエアタワー,東京都目黒区大橋１-5-1,東急田園都市線「池尻大橋」徒歩5分,2013年1月,235000000.0,2LDK,68.41,12.87,東京,目黒,155,23500.0,1134,東急田園都市線,池尻大橋,35.6517041,139.6885234
クロスエアタワー,東京都目黒区大橋１,東急田園都市線「池尻大橋」徒歩6分,2013年1月,235000000.0,2LDK,68.41,12.87,東京,目黒,155,23500.0,1134,東急田園都市線,池尻大橋,35.6510223,139.6882659
クロスエアタワー,東京都目黒区大橋１,東急田園都市線「池尻大橋」徒歩5分,2013年1月,235000000.0,2LDK,68.41,12.87,東京,目黒,155,23500.0,1134,東急田園都市線,池尻大橋,35.6510223,139.6882659
クロスエアタワー,東京都目黒区大橋１,東急田園都市線「池尻大橋」徒歩5分,2013年1月,235000000.0,2LDK,68.41,12.87,東京,目黒,155,23500.0,1134,東急田園都市線,池尻大橋,35.6510223,139.6882659
クロスエアタワー,東京都目黒区大橋１,東急田園都市線「池尻大橋」徒歩5分,2013年1月,235000000.0,2LDK,68.41,12.87,東京,目黒,155,23500.0,1134,東急田園都市線,池尻大橋,35.6510223,139.6882659
高輪ザ・レジデンス1014号室,東京都港区高輪１-27番37号,都営浅草線「高輪台」徒歩7分,2005年10月,235000000.0,2LDK,78.53,7.89,東京,港,242,23500.0,988,都営浅草線,高輪台,35.6360687,139.7316993
クロスエアタワー,東京都目黒区大橋１,東急田園都市線「池尻大橋」徒歩5分,2013年1月,235000000.0,2LDK,68.41,12.87,東京,目黒,155,23500.0,1134,東急田園都市線,池尻大橋,35.6510223,139.6882659
クロスエアタワー,東京都目黒区大橋１,東急田園都市線「池尻大橋」徒歩5分,2013年1月,235000000.0,2LDK,68.41,12.87,東京,目黒,155,23500.0,1134,東急田園都市線,池尻大橋,35.6510223,139.6882659
クロスエアタワー,東京都目黒区大橋１-５-１,東急田園都市線「池尻大橋」徒歩5分,2013年1月,235000000.0,2LDK,68.41,12.87,東京,目黒,155,23500.0,1134,東急田園都市線,池尻大橋,35.6517041,139.6885234
THE TOKYO TOWERS SEA TOWER,東京都中央区勝どき６,都営大江戸線「勝どき」徒歩8分,2008年1月,235000000.0,2LDK,99.02,15.4,東京,中央,215,23500.0,783,都営大江戸線,勝どき,35.6550953,139.7735148
クロスエアタワー,東京都目黒区大橋１-5-1,東急田園都市線「池尻大橋」徒歩5分,2013年1月,235000000.0,2LDK,68.41,12.87,東京,目黒,155,23500.0,1134,東急田園都市線,池尻大橋,35.6517041,139.6885234
ライオンズタワー月島,東京都中央区佃２,東京メトロ有楽町線「月島」徒歩1分,2005年10月,235000000.0,3LDK,86.38,12.59,東京,中央,242,23500.0,898,東京メトロ有楽町線,月島,35.6682531,139.7862967
クロスエアタワー,東京都目黒区大橋１-5-1,東急田園都市線「池尻大橋」徒歩5分,2013年1月,235000000.0,2LDK,68.41,12.87,東京,目黒,155,23500.0,1134,東急田園都市線,池尻大橋,35.6517041,139.6885234
クロスエアタワー,東京都目黒区大橋１,東急田園都市線「池尻大橋」徒歩5分,2013年1月,235000000.0,2LDK,68.41,12.87,東京,目黒,155,23500.0,1134,東急田園都市線,池尻大橋,35.6510223,139.6882659
クロスエアタワー,東京都目黒区大橋１,東急田園都市線「池尻大橋」徒歩5分,2013年1月,235000000.0,2LDK,68.41,12.87,東京,目黒,155,23500.0,1134,東急田園都市線,池尻大橋,35.6510223,139.6882659
クロスエアタワー,東京都目黒区大橋１-5-1,東急田園都市線「池尻大橋」徒歩6分,2013年1月,235000000.0,2LDK,68.41,12.87,東京,目黒,155,23500.0,1134,東急田園都市線,池尻大橋,35.6517041,139.6885234
クロスエアタワー,東京都目黒区大橋１,東急田園都市線「池尻大橋」徒歩5分,2013年1月,235000000.0,2LDK,68.41,12.87,東京,目黒,155,23500.0,1134,東急田園都市線,池尻大橋,35.6510223,139.6882659
クロスエアタワー　36階　☆リノベーション済×マンシ…,東京都目黒区大橋１,東急田園都市線「池尻大橋」徒歩5分,2013年1月,235000000.0,2LDK,68.41,12.87,東京,目黒,155,23500.0,1134,東急田園都市線,池尻大橋,35.6510223,139.6882659
クロスエアタワー,東京都目黒区大橋１-5-1,東急田園都市線「池尻大橋」徒歩5分,2013年2月,235000000.0,2LDK,68.41,12.87,東京,目黒,154,23500.0,1134,東急田園都市線,池尻大橋,35.6517041,139.6885234
クロスエアタワー,東京都目黒区大橋１,東急田園都市線「池尻大橋」徒歩5分,2013年1月,235000000.0,2LDK,68.41,12.87,東京,目黒,155,23500.0,1134,東急田園都市線,池尻大橋,35.6510223,139.6882659
中目黒駅　クロスエアタワー36階　2LDK,東京都目黒区大橋１,東急田園都市線「池尻大橋」徒歩5分,2013年1月,235000000.0,2LDK,68.41,12.87,東京,目黒,155,23500.0,1134,東急田園都市線,池尻大橋,35.6510223,139.6882659
クロスエアタワー,東京都目黒区大橋１,東急田園都市線「池尻大橋」徒歩5分,2013年1月,235000000.0,2LDK,68.41,12.87,東京,目黒,155,23500.0,1134,東急田園都市線,池尻大橋,35.6510223,139.6882659
ＨＡＲＵＭＩ　ＦＬＡＧ　ＰＡＲＫ　ＶＩＬＬＡＧＥ　Ｔ…,東京都中央区晴海５,都営大江戸線「勝どき」徒歩15分,2025年8月,235000000.0,3LDK,77.3,17.9,東京,中央,4,23500.0,1003,都営大江戸線,勝どき,35.6490356,139.7741538
勝どきザ・タワー,東京都中央区勝どき５,都営大江戸線「勝どき」徒歩7分,2016年11月,235000000.0,2LDK,90.57,8.74,東京,中央,109,23500.0,856,都営大江戸線,勝どき,35.657516,139.7709587
パークタワー勝どきサウス,東京都中央区勝どき４,都営大江戸線「勝どき」徒歩2分,2023年8月,235000000.0,3LDK,72.38,10.83,東京,中央,28,23500.0,1071,都営大江戸線,勝どき,35.6572676,139.7760709
ザ・パークハウス西新宿タワー60,東京都新宿区西新宿５,東京メトロ丸ノ内線「西新宿」徒歩9分,2017年8月,235000000.0,2LDK+S（納戸）,89.86,14.87,東京,新宿,100,23500.0,863,東京メトロ丸ノ内線,西新宿,35.6948318,139.6866706
ＨＡＲＵＭＩ　ＦＬＡＧ　ＰＡＲＫ　ＶＩＬＬＡＧＥ　Ｔ…,東京都中央区晴海５,都営大江戸線「勝どき」徒歩15分,2025年10月,235000000.0,3LDK,86.66,38.78,東京,中央,2,23500.0,895,都営大江戸線,勝どき,35.6490356,139.7741538
プレイス白金ブライトレジデンス,東京都港区白金１,東京メトロ南北線「白金高輪」徒歩3分,2005年6月,235000000.0,2LDK+S（納戸）,71.05,11.8,東京,港,246,23500.0,1091,東京メトロ南北線,白金高輪,35.6449583,139.7339083
クロスエアタワー,東京都目黒区大橋１,東急田園都市線「池尻大橋」徒歩5分,2013年1月,235000000.0,2LDK,68.41,12.87,東京,目黒,155,23500.0,1134,東急田園都市線,池尻大橋,35.6510223,139.6882659
HARUMI FLAG PARK VILLAGE T…,東京都中央区晴海５-6-7,都営大江戸線「勝どき」徒歩16分,2025年10月,235000000.0,3LDK,86.66,38.78,東京,中央,2,23500.0,895,都営大江戸線,勝どき,35.6497754,139.7745565
クロスエアタワー,東京都目黒区大橋１,東急田園都市線「池尻大橋」徒歩6分,2013年1月,235000000.0,2LDK,68.41,12.87,東京,目黒,155,23500.0,1134,東急田園都市線,池尻大橋,35.6510223,139.6882659
クロスエアタワー,東京都目黒区大橋１,東急田園都市線「池尻大橋」徒歩6分,2013年1月,235000000.0,1LDK,68.14,14.25,東京,目黒,155,23500.0,1138,東急田園都市線,池尻大橋,35.6510223,139.6882659
ＨＡＲＵＭＩ　ＦＬＡＧ　ＰＡＲＫ　ＶＩＬＬＡＧＥ　Ｔ…,東京都中央区晴海５,都営大江戸線「勝どき」徒歩15分,2025年8月,235000000.0,3LDK,86.66,38.78,東京,中央,4,23500.0,895,都営大江戸線,勝どき,35.6490356,139.7741538
クロスエアタワー,東京都目黒区大橋１-5-1,東急田園都市線「池尻大橋」徒歩5分,2013年1月,235000000.0,1LDK+S（納戸）,68.14,14.25,東京,目黒,155,23500.0,1138,東急田園都市線,池尻大橋,35.6517041,139.6885234
クロスエアタワー,東京都目黒区大橋１,東急田園都市線「池尻大橋」徒歩6分,2013年1月,235000000.0,2LDK,68.41,12.87,東京,目黒,155,23500.0,1134,東急田園都市線,池尻大橋,35.6510223,139.6882659
クラッシィタワー新宿御苑,東京都新宿区四谷４,東京メトロ丸ノ内線「新宿御苑前」徒歩4分,2024年11月,235700000.0,3LDK,67.06,9.98,東京,新宿,13,23570.0,1160,東京メトロ丸ノ内線,新宿御苑前,35.6894241,139.7160301
パークタワーグランスカイ,東京都品川区東五反田２,ＪＲ山手線「大崎」徒歩6分,2010年6月,235800000.0,2LDK,76.72,13.62,東京,品川,186,23580.0,1014,ＪＲ山手線,大崎,35.6233916,139.7287997
ライオンズタワー月島,東京都中央区佃２,東京メトロ有楽町線「月島」徒歩1分,2005年10月,236000000.0,3LDK,100.94,20.44,東京,中央,242,23600.0,772,東京メトロ有楽町線,月島,35.6682531,139.7862967
ＴＨＥ　ＣＯＵＲＴ神宮外苑,東京都渋谷区神宮前２,東京メトロ銀座線「外苑前」徒歩8分,2020年1月,237000000.0,1LDK,57.14,0.0,東京,渋谷,71,23700.0,1369,東京メトロ銀座線,外苑前,35.6736057,139.7109231
パークタワーグランスカイ,東京都品川区東五反田２-10-1,ＪＲ山手線「五反田」徒歩6分,2010年6月,238000000.0,2LDK,71.3,11.9,東京,品川,186,23800.0,1102,ＪＲ山手線,五反田,35.6241614,139.7269258
ブリリアザタワー東京八重洲アベニュー,東京都中央区新川２,東京メトロ日比谷線「八丁堀」徒歩5分,2017年9月,238000000.0,3LDK+S（納戸）,69.3,13.51,東京,中央,99,23800.0,1133,東京メトロ日比谷線,八丁堀,35.6736061,139.7824618
パークタワーグランスカイ,東京都品川区東五反田２-10-1,ＪＲ山手線「五反田」徒歩6分,2010年6月,238000000.0,2LDK,71.3,11.9,東京,品川,186,23800.0,1102,ＪＲ山手線,五反田,35.6241614,139.7269258
恵比寿ガーデンテラス壱番館,東京都目黒区三田１-4-3,ＪＲ山手線「恵比寿」徒歩9分,1994年7月,238000000.0,1LDK,64.05,14.88,東京,目黒,377,23800.0,1226,ＪＲ山手線,恵比寿,35.6410271,139.7149927
パークタワーグランスカイ,東京都品川区東五反田２-10-1,ＪＲ山手線「五反田」徒歩6分,2010年6月,238000000.0,2LDK,71.3,11.9,東京,品川,186,23800.0,1102,ＪＲ山手線,五反田,35.6241614,139.7269258
クロスエアタワー,東京都目黒区大橋１-５－１,東急田園都市線「池尻大橋」徒歩5分,2013年1月,238000000.0,2LDK,68.41,12.87,東京,目黒,155,23800.0,1148,東急田園都市線,池尻大橋,35.6517041,139.6885234
パークタワーグランスカイ,東京都品川区東五反田２,ＪＲ山手線「五反田」徒歩6分,2010年6月,238000000.0,2LDK,71.3,11.9,東京,品川,186,23800.0,1102,ＪＲ山手線,五反田,35.6233916,139.7287997
恵比寿ガーデンテラス壱番館,東京都目黒区三田１,ＪＲ山手線「恵比寿」徒歩9分,1994年7月,238000000.0,1LDK,64.05,14.88,東京,目黒,377,23800.0,1226,ＪＲ山手線,恵比寿,35.6407158,139.7147533
東京パークタワー,東京都千代田区神田神保町１,都営三田線「神保町」徒歩1分,2003年1月,238000000.0,2LDK,66.53,11.37,東京,千代田,275,23800.0,1181,都営三田線,神保町,35.6953781,139.7594578
パークタワーグランスカイ,東京都品川区東五反田２-2-10-1,ＪＲ山手線「五反田」徒歩4分,2010年6月,238000000.0,2LDK,71.3,11.9,東京,品川,186,23800.0,1102,ＪＲ山手線,五反田,35.6274417,139.7210977
東京パークタワー,東京都千代田区神田神保町１,東京メトロ半蔵門線「神保町」徒歩1分,2003年1月,238000000.0,2LDK,72.66,10.38,東京,千代田,275,23800.0,1081,東京メトロ半蔵門線,神保町,35.6953781,139.7594578
パークタワーグランスカイ,東京都品川区東五反田２,ＪＲ山手線「五反田」徒歩6分,2010年6月,238000000.0,2LDK,71.3,11.9,東京,品川,186,23800.0,1102,ＪＲ山手線,五反田,35.6233916,139.7287997
パークタワーグランスカイ,東京都品川区東五反田２,ＪＲ山手線「大崎」徒歩6分,2010年6月,238000000.0,2LDK,71.3,11.9,東京,品川,186,23800.0,1102,ＪＲ山手線,大崎,35.6233916,139.7287997
アップルタワー東京キャナルコート,東京都江東区東雲１-9-41,東京メトロ有楽町線「辰巳」徒歩8分,2007年2月,238000000.0,3LDK,130.07,0.0,東京,江東,226,23800.0,604,東京メトロ有楽町線,辰巳,35.64643909999999,139.805128
プラウドタワー二子玉川,東京都世田谷区玉川３,東急田園都市線「二子玉川」徒歩2分,2005年12月,238000000.0,3LDK,81.25,4.34,東京,世田谷,240,23800.0,967,東急田園都市線,二子玉川,35.6146315,139.6241707
アップルタワー東京キャナルコート,東京都江東区東雲１,東京メトロ有楽町線「辰巳」徒歩7分,2007年2月,238000000.0,3LDK,126.24,19.63,東京,江東,226,23800.0,622,東京メトロ有楽町線,辰巳,35.6465138,139.802278
アップルタワー東京キャナルコート,東京都江東区東雲１,東京メトロ有楽町線「辰巳」徒歩7分,2007年2月,238000000.0,3LDK,130.07,19.63,東京,江東,226,23800.0,604,東京メトロ有楽町線,辰巳,35.6465138,139.802278
二子玉川ライズ　タワー＆レジデンス　タワーイースト,東京都世田谷区玉川１,東急田園都市線「二子玉川」徒歩8分,2010年7月,238000000.0,3LDK,84.02,16.4,東京,世田谷,185,23800.0,935,東急田園都市線,二子玉川,35.6091664,139.6305452
パークタワーグランスカイ,東京都品川区東五反田２-１０-１,ＪＲ山手線「五反田」徒歩6分,2010年6月,238000000.0,2LDK,71.3,11.9,東京,品川,186,23800.0,1102,ＪＲ山手線,五反田,35.6241614,139.7269258
ブリリアザタワー東京八重洲アベニュー,東京都中央区新川２,東京メトロ日比谷線「八丁堀」徒歩6分,2017年9月,238000000.0,4LDK,69.3,13.51,東京,中央,99,23800.0,1133,東京メトロ日比谷線,八丁堀,35.6736061,139.7824618
パークタワーグランスカイ,東京都品川区東五反田２,ＪＲ山手線「五反田」徒歩6分,2010年6月,238000000.0,2LDK,71.3,11.9,東京,品川,186,23800.0,1102,ＪＲ山手線,五反田,35.6233916,139.7287997
ブランズ渋谷桜丘,東京都渋谷区桜丘町3-1,ＪＲ山手線「渋谷」徒歩4分,2023年11月,238000000.0,1RM,40.49,9.0,東京,渋谷,25,23800.0,1940,ＪＲ山手線,渋谷,35.6569318,139.702098
パークタワーグランスカイ,東京都品川区東五反田２,ＪＲ山手線「五反田」徒歩6分,2010年6月,238000000.0,2LDK,71.3,11.9,東京,品川,186,23800.0,1102,ＪＲ山手線,五反田,35.6233916,139.7287997
パークタワーグランスカイ,東京都品川区東五反田２,ＪＲ山手線「五反田」徒歩6分,2010年6月,238000000.0,2LDK,71.3,11.9,東京,品川,186,23800.0,1102,ＪＲ山手線,五反田,35.6233916,139.7287997
パークタワーグランスカイ,東京都品川区東五反田２,ＪＲ山手線「五反田」徒歩6分,2010年6月,238000000.0,2LDK,71.3,11.9,東京,品川,186,23800.0,1102,ＪＲ山手線,五反田,35.6233916,139.7287997
パークタワー晴海,東京都中央区晴海２,東京メトロ有楽町線「月島」徒歩12分,2019年2月,238000000.0,2LDK,82.85,20.36,東京,中央,82,23800.0,948,東京メトロ有楽町線,月島,35.6564518,139.7869359
アップルタワー東京キャナルコート,東京都江東区東雲１,東京メトロ有楽町線「辰巳」徒歩7分,2007年2月,238000000.0,3LDK,130.07,19.63,東京,江東,226,23800.0,604,東京メトロ有楽町線,辰巳,35.6465138,139.802278
アップルタワー東京キャナルコート,東京都江東区東雲１,東京メトロ有楽町線「辰巳」徒歩7分,2007年2月,238000000.0,3LDK,130.07,19.63,東京,江東,226,23800.0,604,東京メトロ有楽町線,辰巳,35.6465138,139.802278
HARUMI FLAG SUN VILLAGE　T棟,東京都中央区晴海５-5-7,都営大江戸線「勝どき」徒歩14分,2025年10月,238000000.0,3LDK+S（納戸）,84.2,38.62,東京,中央,2,23800.0,933,都営大江戸線,勝どき,35.6505533,139.7736279
パークタワーグランスカイ,東京都品川区東五反田２,ＪＲ山手線「五反田」徒歩6分,2010年6月,238000000.0,2LDK,71.3,11.9,東京,品川,186,23800.0,1102,ＪＲ山手線,五反田,35.6233916,139.7287997
パークタワーグランスカイ,東京都品川区東五反田２,ＪＲ山手線「五反田」徒歩6分,2010年6月,238000000.0,2LDK,71.3,11.9,東京,品川,186,23800.0,1102,ＪＲ山手線,五反田,35.6233916,139.7287997
ルネッサンスタワー上野池之端,東京都台東区池之端２,東京メトロ千代田線「根津」徒歩4分,2005年1月,238000000.0,3LDK,86.45,20.14,東京,台東,251,23800.0,909,東京メトロ千代田線,根津,35.7145177,139.7671248
ブランズタワー文京小日向,東京都文京区小日向４,東京メトロ丸ノ内線「茗荷谷」徒歩7分,2013年8月,238000000.0,3LDK,89.35,13.6,東京,文京,148,23800.0,879,東京メトロ丸ノ内線,茗荷谷,35.7160802,139.7374207
パークタワーグランスカイ,東京都品川区東五反田２,ＪＲ山手線「大崎」徒歩6分,2010年6月,239000000.0,2LDK,71.3,12.31,東京,品川,186,23900.0,1106,ＪＲ山手線,大崎,35.6233916,139.7287997
パークタワー晴海,東京都中央区晴海２,東京メトロ有楽町線「月島」徒歩12分,2019年2月,239000000.0,3LDK,89.95,21.24,東京,中央,82,23900.0,877,東京メトロ有楽町線,月島,35.6564518,139.7869359
白金ザ・スカイ,東京都港区白金１,都営三田線「白金高輪」徒歩3分,2023年2月,239800000.0,2LDK,56.72,6.4,東京,港,34,23980.0,1395,都営三田線,白金高輪,35.6449583,139.7339083
パークタワー西新宿,東京都新宿区西新宿５,都営大江戸線「西新宿五丁目」徒歩6分,2024年11月,239800000.0,3LDK,80.92,19.29,東京,新宿,13,23980.0,978,都営大江戸線,西新宿五丁目,35.6948318,139.6866706
パークタワー勝どきサウス,東京都中央区勝どき４,都営大江戸線「勝どき」徒歩2分,2023年8月,239800000.0,3LDK,73.94,15.01,東京,中央,28,23980.0,1070,都営大江戸線,勝どき,35.6572676,139.7760709
白金ザ・スカイWEST棟,東京都港区白金１,都営三田線「白金高輪」徒歩3分,2022年12月,239800000.0,2LDK,56.72,6.4,東京,港,36,23980.0,1395,都営三田線,白金高輪,35.6449583,139.7339083
白金ザ・スカイ　西棟,東京都港区白金１,都営三田線「白金高輪」徒歩3分,2023年2月,239800000.0,2LDK,55.89,6.4,東京,港,34,23980.0,1416,都営三田線,白金高輪,35.6449583,139.7339083
ＨＡＲＵＭＩ　ＦＬＡＧ　ＳＵＮ　ＶＩＬＬＡＧＥ　Ｔ棟,東京都中央区晴海５,都営大江戸線「勝どき」徒歩14分,2025年8月,239800000.0,3LDK,76.75,40.32,東京,中央,4,23980.0,1031,都営大江戸線,勝どき,35.6490356,139.7741538
ザ・パークハウス晴海タワーズ　ティアロレジデンス,東京都中央区晴海２,都営大江戸線「勝どき」徒歩13分,2016年3月,239900000.0,3LDK,85.65,32.43,東京,中央,117,23990.0,924,都営大江戸線,勝どき,35.6564518,139.7869359
ワールドタワーレジデンス,東京都港区浜松町２-3-9,ＪＲ山手線「浜松町」徒歩2分,2024年11月,239990000.0,2LDK,54.8,10.59,東京,港,13,23999.0,1445,ＪＲ山手線,浜松町,35.6547787,139.7551646
ワールドタワーレジデンス,東京都港区浜松町２,ＪＲ山手線「浜松町」徒歩2分,2024年11月,239990000.0,2LDK,54.8,10.59,東京,港,13,23999.0,1445,ＪＲ山手線,浜松町,35.6548149,139.7556247
WORLD TOWER RESIDENCE,東京都港区浜松町２,ＪＲ山手線「浜松町」徒歩2分,2024年11月,239990000.0,2LDK,54.8,10.59,東京,港,13,23999.0,1445,ＪＲ山手線,浜松町,35.6548149,139.7556247
ワールドタワーレジデンス,東京都港区浜松町２,ＪＲ山手線「浜松町」徒歩2分,2024年11月,239990000.0,2LDK,54.8,10.59,東京,港,13,23999.0,1445,ＪＲ山手線,浜松町,35.6548149,139.7556247
WORLD TOWER RESIDENCE(ワールド…,東京都港区浜松町２,ＪＲ山手線「浜松町」徒歩2分,2024年11月,239990000.0,2LDK,54.8,10.59,東京,港,13,23999.0,1445,ＪＲ山手線,浜松町,35.6548149,139.7556247
WORLD TOWER RESIDENCE,東京都港区浜松町２-3-9,ＪＲ山手線「浜松町」徒歩2分,2024年11月,239990000.0,2LDK,54.8,10.59,東京,港,13,23999.0,1445,ＪＲ山手線,浜松町,35.6547787,139.7551646
白金ザ・スカイ東棟,東京都港区白金１,都営三田線「白金高輪」徒歩3分,2023年2月,240000000.0,2LDK,56.72,6.4,東京,港,34,24000.0,1396,都営三田線,白金高輪,35.6449583,139.7339083
白金ザ・スカイ　東棟,東京都港区白金１,東京メトロ南北線「白金高輪」徒歩3分,2023年2月,240000000.0,2LDK,56.72,6.4,東京,港,34,24000.0,1396,東京メトロ南北線,白金高輪,35.6449583,139.7339083
シティタワー虎ノ門,東京都港区虎ノ門３,東京メトロ日比谷線「神谷町」徒歩3分,2024年5月,240000000.0,2LDK,63.74,13.55,東京,港,19,24000.0,1243,東京メトロ日比谷線,神谷町,35.6642718,139.747001
二子玉川ライズ　タワー＆レジデンス　タワーセントラル,東京都世田谷区玉川１,東急田園都市線「二子玉川」徒歩7分,2010年5月,240000000.0,3LDK,85.41,10.2,東京,世田谷,187,24000.0,927,東急田園都市線,二子玉川,35.6091664,139.6305452
クロスエアタワー,東京都目黒区大橋１,東急田園都市線「池尻大橋」徒歩5分,2013年1月,240000000.0,2LDK,68.41,12.87,東京,目黒,155,24000.0,1158,東急田園都市線,池尻大橋,35.6510223,139.6882659
白金ザ・スカイ　Ｅ棟,東京都港区白金１,東京メトロ南北線「白金高輪」徒歩3分,2023年2月,240000000.0,2LDK,56.72,6.4,東京,港,34,24000.0,1396,東京メトロ南北線,白金高輪,35.6449583,139.7339083
シティタワー虎ノ門,東京都港区虎ノ門３,東京メトロ日比谷線「神谷町」徒歩5分,2024年6月,240000000.0,2LDK,63.74,13.55,東京,港,18,24000.0,1243,東京メトロ日比谷線,神谷町,35.6642718,139.747001
シティタワー大井町,東京都品川区大井１,ＪＲ京浜東北線「大井町」徒歩5分,2019年8月,240000000.0,3LDK,70.45,9.3,東京,品川,76,24000.0,1124,ＪＲ京浜東北線,大井町,35.6065548,139.7326311
ブランズタワー豊洲,東京都江東区豊洲５,東京メトロ有楽町線「豊洲」徒歩5分,2021年10月,240000000.0,3LDK,73.49,14.09,東京,江東,50,24000.0,1078,東京メトロ有楽町線,豊洲,35.6505285,139.7965242
ザ・パークハウス西新宿タワー60,東京都新宿区西新宿５,都営大江戸線「西新宿五丁目」徒歩7分,2017年8月,240000000.0,2LDK,87.49,14.35,東京,新宿,100,24000.0,905,都営大江戸線,西新宿五丁目,35.6948318,139.6866706
シティタワー虎ノ門,東京都港区虎ノ門３,東京メトロ日比谷線「神谷町」徒歩3分,2024年6月,240000000.0,2LDK,63.74,13.55,東京,港,18,24000.0,1243,東京メトロ日比谷線,神谷町,35.6642718,139.747001
シティタワー大井町,東京都品川区大井１,ＪＲ京浜東北線「大井町」徒歩5分,2019年8月,240000000.0,3LDK,70.56,8.1,東京,品川,76,24000.0,1122,ＪＲ京浜東北線,大井町,35.6065548,139.7326311
パークタワー晴海,東京都中央区晴海２,東京メトロ有楽町線「月島」徒歩12分,2019年2月,242000000.0,3LDK,78.59,18.93,東京,中央,82,24200.0,1016,東京メトロ有楽町線,月島,35.6564518,139.7869359
富久クロスコンフォートタワー,東京都新宿区富久町,東京メトロ丸ノ内線「新宿御苑前」徒歩7分,2015年4月,243000000.0,2LDK,70.05,12.37,東京,新宿,128,24300.0,1145,東京メトロ丸ノ内線,新宿御苑前,35.6934999,139.7147533
シティタワー麻布十番,東京都港区三田１-6-3,東京メトロ南北線「麻布十番」徒歩5分,2009年6月,243000000.0,1LDK,55.7,5.52,東京,港,198,24300.0,1440,東京メトロ南北線,麻布十番,35.6541969,139.740574
富久クロスコンフォートタワー,東京都新宿区富久町,東京メトロ丸ノ内線「新宿御苑前」徒歩6分,2015年4月,243000000.0,2LDK,70.05,6.2,東京,新宿,128,24300.0,1145,東京メトロ丸ノ内線,新宿御苑前,35.6934999,139.7147533
晴海フラッグパークヴィレッジT棟,東京都中央区晴海５,都営大江戸線「勝どき」徒歩14分,2025年9月,244800000.0,3LDK,82.74,39.4,東京,中央,3,24480.0,976,都営大江戸線,勝どき,35.6490356,139.7741538
プラウドタワー芝浦,東京都港区芝浦４,ＪＲ山手線「田町」徒歩11分,2023年1月,244800000.0,2LDK,72.58,5.75,東京,港,35,24480.0,1113,ＪＲ山手線,田町,35.6400662,139.7460429
パークタワー勝どきサウス,東京都中央区勝どき４,都営大江戸線「勝どき」徒歩2分,2023年8月,245000000.0,3LDK,72.75,9.98,東京,中央,28,24500.0,1111,都営大江戸線,勝どき,35.6572676,139.7760709
パークタワー晴海,東京都中央区晴海２,東京メトロ有楽町線「月島」徒歩12分,2019年2月,245000000.0,3LDK,82.05,21.56,東京,中央,82,24500.0,985,東京メトロ有楽町線,月島,35.6564518,139.7869359
パークタワー勝どきサウス,東京都中央区勝どき４,都営大江戸線「勝どき」徒歩2分,2023年8月,245000000.0,3LDK,72.75,9.98,東京,中央,28,24500.0,1111,都営大江戸線,勝どき,35.6572676,139.7760709
高輪ザ・レジデンス × 東京タワーを臨む北西角住戸,東京都港区高輪１,都営浅草線「高輪台」徒歩6分,2005年10月,246700000.0,2LDK+S（納戸）,84.82,4.71,東京,港,242,24670.0,960,都営浅草線,高輪台,35.6403663,139.7339083
ブリリアタワーズ目黒　ノースレジデンス,東京都品川区上大崎３,ＪＲ山手線「目黒」徒歩2分,2017年9月,247200000.0,2LDK,56.45,7.68,東京,品川,99,24720.0,1445,ＪＲ山手線,目黒,35.631922,139.7185838
パークタワー勝どきミッド,東京都中央区勝どき４,都営大江戸線「勝どき」徒歩1分,2023年8月,247800000.0,3LDK,74.88,14.94,東京,中央,28,24780.0,1092,都営大江戸線,勝どき,35.6572676,139.7760709
シティタワーズ東京ベイ　ウエストタワー,東京都江東区有明２,新交通ゆりかもめ「有明」徒歩3分,2019年7月,248000000.0,2LDK,81.19,34.97,東京,江東,77,24800.0,1008,新交通ゆりかもめ,有明,35.6388488,139.7946064
パークタワー晴海,東京都中央区晴海２,東京メトロ有楽町線「月島」徒歩12分,2019年2月,248000000.0,3LDK,78.67,17.74,東京,中央,82,24800.0,1040,東京メトロ有楽町線,月島,35.6564518,139.7869359
パークタワー西新宿,東京都新宿区西新宿５,都営大江戸線「西新宿五丁目」徒歩6分,2025年4月,248000000.0,2LDK,64.82,12.88,東京,新宿,8,24800.0,1263,都営大江戸線,西新宿五丁目,35.6948318,139.6866706
Brillia THE TOWER TOKYO YA…,東京都中央区新川２,ＪＲ京葉線「八丁堀」徒歩1分,2017年9月,248000000.0,2LDK+S（納戸）,72.86,14.7,東京,中央,99,24800.0,1123,ＪＲ京葉線,八丁堀,35.6736061,139.7824618
パークタワー晴海,東京都中央区晴海２,東京メトロ有楽町線「月島」徒歩12分,2019年2月,248000000.0,3LDK,82.85,20.36,東京,中央,82,24800.0,988,東京メトロ有楽町線,月島,35.6564518,139.7869359
パークタワー晴海,東京都中央区晴海２,東京メトロ有楽町線「月島」徒歩12分,2019年2月,248000000.0,3LDK,78.67,17.74,東京,中央,82,24800.0,1040,東京メトロ有楽町線,月島,35.6564518,139.7869359
センチュリーパークタワー,東京都中央区佃２,東京メトロ有楽町線「月島」徒歩8分,1999年1月,248000000.0,3LDK,109.63,12.52,東京,中央,323,24800.0,747,東京メトロ有楽町線,月島,35.6682531,139.7862967
【 ベイズタワー&ガーデン 】～運河に囲まれた水と緑…,東京都江東区豊洲６-2-29,新交通ゆりかもめ「新豊洲」徒歩6分,2016年6月,248000000.0,2LDK,86.41,31.46,東京,江東,114,24800.0,947,新交通ゆりかもめ,新豊洲,35.6481256,139.7940939
ＴＨＥ　ＴＯＫＹＯ　ＴＯＷＥＲＳ　ＳＥＡ　ＴＯＷＥＲ,東京都中央区勝どき６,都営大江戸線「勝どき」徒歩7分,2008年1月,248000000.0,4LDK,105.86,8.33,東京,中央,215,24800.0,773,都営大江戸線,勝どき,35.6550953,139.7735148
ＨＡＲＵＭＩ　ＦＬＡＧ　ＰＡＲＫ　ＶＩＬＬＡＧＥ　Ｔ…,東京都中央区晴海５,都営大江戸線「勝どき」徒歩15分,2025年8月,248000000.0,3LDK,84.04,19.65,東京,中央,4,24800.0,974,都営大江戸線,勝どき,35.6490356,139.7741538
ベイズタワー＆ガーデン,東京都江東区豊洲６,新交通ゆりかもめ「新豊洲」徒歩6分,2016年6月,248000000.0,2LDK,88.67,21.95,東京,江東,114,24800.0,923,新交通ゆりかもめ,新豊洲,35.6456038,139.7856575
ベイズ　タワー＆ガーデン,東京都江東区豊洲６,新交通ゆりかもめ「新豊洲」徒歩6分,2016年6月,248000000.0,2LDK,86.41,31.46,東京,江東,114,24800.0,947,新交通ゆりかもめ,新豊洲,35.6456038,139.7856575
シティタワーズ東京ベイ  セントラルタワー,東京都江東区有明２,新交通ゆりかもめ「有明」徒歩5分,2019年7月,248000000.0,2LDK,79.88,23.37,東京,江東,77,24800.0,1025,新交通ゆりかもめ,有明,35.6388488,139.7946064
ＨＡＲＵＭＩ　ＦＬＡＧ　ＰＡＲＫ　ＶＩＬＬＡＧＥ　Ｔ…,東京都中央区晴海５,都営大江戸線「勝どき」徒歩15分,2025年9月,248000000.0,3LDK,84.04,19.65,東京,中央,3,24800.0,974,都営大江戸線,勝どき,35.6490356,139.7741538
白金タワー　タワー棟,東京都港区白金１,東京メトロ南北線「白金高輪」徒歩1分,2005年9月,248000000.0,2LDK,72.8,4.97,東京,港,243,24800.0,1124,東京メトロ南北線,白金高輪,35.6449583,139.7339083
HARUMI FLAG PARK VILLAGE T…,東京都中央区晴海５,都営大江戸線「勝どき」徒歩15分,2025年9月,248000000.0,3LDK,84.04,19.65,東京,中央,3,24800.0,974,都営大江戸線,勝どき,35.6490356,139.7741538
パークタワー晴海,東京都中央区晴海２,東京メトロ有楽町線「月島」徒歩12分,2019年2月,248000000.0,3LDK,82.85,20.36,東京,中央,82,24800.0,988,東京メトロ有楽町線,月島,35.6564518,139.7869359
ＭＩＤ　ＴＯＷＥＲ　ＧＲＡＮＤ,東京都中央区月島１,東京メトロ有楽町線「月島」徒歩2分,2020年10月,248000000.0,3LDK,72.97,11.58,東京,中央,62,24800.0,1122,東京メトロ有楽町線,月島,35.6644207,139.7824618
パークタワー晴海,東京都中央区晴海２,東京メトロ有楽町線「月島」徒歩12分,2019年2月,248000000.0,3LDK,82.85,20.36,東京,中央,82,24800.0,988,東京メトロ有楽町線,月島,35.6564518,139.7869359
パークコート虎ノ門,東京都港区虎ノ門４,東京メトロ日比谷線「神谷町」徒歩4分,2021年11月,248000000.0,1LDK,44.26,7.47,東京,港,49,24800.0,1849,東京メトロ日比谷線,神谷町,35.6651277,139.7441268
シティタワーズ東京ベイ　セントラルタワー,東京都江東区有明２,新交通ゆりかもめ「有明」徒歩4分,2019年7月,248000000.0,2LDK,79.88,23.37,東京,江東,77,24800.0,1025,新交通ゆりかもめ,有明,35.6388488,139.7946064
シティタワーズ東京ベイセントラルタワー,東京都江東区有明２,新交通ゆりかもめ「有明」徒歩8分,2019年7月,248000000.0,2LDK,79.88,23.37,東京,江東,77,24800.0,1025,新交通ゆりかもめ,有明,35.6388488,139.7946064
シティタワーズ東京ベイ　セントラルタワー,東京都江東区有明２,新交通ゆりかもめ「有明」徒歩4分,2019年7月,248000000.0,2LDK,79.88,23.37,東京,江東,77,24800.0,1025,新交通ゆりかもめ,有明,35.6388488,139.7946064
グローバルフロントタワー〔GLOBAL FRONT …,東京都港区芝浦１,ＪＲ山手線「田町」徒歩10分,2015年9月,248000000.0,3LDK+S（納戸）,77.11,7.48,東京,港,123,24800.0,1061,ＪＲ山手線,田町,35.6485621,139.754347
HARUMI FLAG PARK VILLAGE,東京都中央区晴海５,都営大江戸線「勝どき」徒歩15分,2025年9月,248000000.0,3LDK,84.04,19.65,東京,中央,3,24800.0,974,都営大江戸線,勝どき,35.6490356,139.7741538
HARUMI FLAG PARK VILLAGE,東京都中央区晴海５,都営大江戸線「勝どき」徒歩15分,2025年9月,248000000.0,3LDK,84.04,19.65,東京,中央,3,24800.0,974,都営大江戸線,勝どき,35.6490356,139.7741538
ワールドタワーレジデンス,東京都港区浜松町２,東京モノレール「浜松町」徒歩2分,2024年11月,248500000.0,2LDK,54.8,10.59,東京,港,13,24850.0,1496,東京モノレール,浜松町,35.6548149,139.7556247
パークシティ大崎　ザ　タワー,東京都品川区北品川５,ＪＲ山手線「大崎」徒歩6分,2015年4月,248800000.0,3LDK,70.92,12.68,東京,品川,128,24880.0,1158,ＪＲ山手線,大崎,35.6214836,139.7326311
エクサージュ海岸,東京都港区海岸３,新交通ゆりかもめ「芝浦ふ頭」徒歩4分,2002年3月,249000000.0,4LDK,127.08,41.42,東京,港,285,24900.0,647,新交通ゆりかもめ,芝浦ふ頭,35.6399584,139.7600967
パークタワー西新宿,東京都新宿区西新宿５,都営大江戸線「西新宿五丁目」徒歩6分,2024年11月,249000000.0,3LDK,74.86,5.0,東京,新宿,13,24900.0,1098,都営大江戸線,西新宿五丁目,35.6948318,139.6866706
トルナーレ日本橋浜町,東京都中央区日本橋浜町３,東京メトロ半蔵門線「水天宮前」徒歩5分,2005年8月,249000000.0,2LDK+S（納戸）,90.9,12.0,東京,中央,244,24900.0,904,東京メトロ半蔵門線,水天宮前,35.684715,139.7901318
ブリリアタワーズ目黒　ノースレジデンス,東京都品川区上大崎３,ＪＲ山手線「目黒」徒歩2分,2017年9月,249800000.0,2LDK,66.76,10.51,東京,品川,99,24980.0,1235,ＪＲ山手線,目黒,35.631922,139.7185838
パークシティ大崎　ザタワー,東京都品川区北品川５,ＪＲ山手線「大崎」徒歩6分,2015年4月,249800000.0,2LDK,69.0,11.68,東京,品川,128,24980.0,1195,ＪＲ山手線,大崎,35.6214836,139.7326311
勝どきビュータワー,東京都中央区勝どき１,都営大江戸線「勝どき」徒歩1分,2010年11月,249800000.0,2LDK,82.66,21.64,東京,中央,181,24980.0,997,都営大江戸線,勝どき,35.6607124,139.7760709
ザ・パークハウス晴海タワーズ ティアロレジデンス,東京都中央区晴海２,都営大江戸線「勝どき」徒歩13分,2016年3月,249800000.0,2LDK+S（納戸）,85.65,32.43,東京,中央,117,24980.0,962,都営大江戸線,勝どき,35.6564518,139.7869359
ブランズタワー芝浦,東京都港区芝浦２,ＪＲ山手線「田町」徒歩8分,2021年8月,249800000.0,2LDK,69.8,13.2,東京,港,52,24980.0,1181,ＪＲ山手線,田町,35.6446055,139.7530694
白金ザ・スカイ EAST,東京都港区白金１,東京メトロ南北線「白金高輪」徒歩3分,2023年2月,249900000.0,2LDK,61.53,7.6,東京,港,34,24990.0,1340,東京メトロ南北線,白金高輪,35.6449583,139.7339083
白金ザ・スカイ,東京都港区白金１,東京メトロ南北線「白金高輪」徒歩3分,2023年2月,249900000.0,2LDK,53.54,6.4,東京,港,34,24990.0,1540,東京メトロ南北線,白金高輪,35.6449583,139.7339083
ザ・タワー十条,東京都北区上十条２,ＪＲ埼京線「十条」徒歩1分,2024年10月,250000000.0,3LDK,97.63,20.07,東京,北,14,25000.0,845,ＪＲ埼京線,十条,35.7591353,139.7211376
ブランズタワー豊洲,東京都江東区豊洲５,東京メトロ有楽町線「豊洲」徒歩4分,2021年10月,250000000.0,3LDK,76.91,14.79,東京,江東,50,25000.0,1073,東京メトロ有楽町線,豊洲,35.6505285,139.7965242
ザ・タワー十条,東京都北区上十条２,ＪＲ埼京線「十条」徒歩1分,2024年10月,250000000.0,3LDK,97.63,20.07,東京,北,14,25000.0,845,ＪＲ埼京線,十条,35.7591353,139.7211376
DEUX TOURS　ドゥ・トゥール　W棟,東京都中央区晴海３,都営大江戸線「勝どき」徒歩5分,2015年9月,250000000.0,3LDK+S（納戸）,100.9,7.15,東京,中央,123,25000.0,818,都営大江戸線,勝どき,35.6548467,139.7786272
ザ・パークハウス晴海ディアロレジデンス,東京都中央区晴海２-3-2,東京メトロ有楽町線「月島」徒歩13分,2016年4月,250000000.0,3LDK+S（納戸）,101.8,20.75,東京,中央,116,25000.0,810,東京メトロ有楽町線,月島,35.6561262,139.7858853
東京タイムズタワー,東京都千代田区外神田４,ＪＲ山手線「秋葉原」徒歩5分,2004年9月,250000000.0,2LDK,67.69,18.24,東京,千代田,255,25000.0,1219,ＪＲ山手線,秋葉原,35.7005017,139.7722367
ドゥ・トゥール　ＥＡＳＴ,東京都中央区晴海３,都営大江戸線「勝どき」徒歩5分,2015年9月,250000000.0,3LDK,87.3,6.83,東京,中央,123,25000.0,945,都営大江戸線,勝どき,35.6548467,139.7786272
GLOBAL FRONT TOWER,東京都港区芝浦１,都営三田線「三田」徒歩8分,2015年9月,250000000.0,1LDK,60.04,10.68,東京,港,123,25000.0,1374,都営三田線,三田,35.6485621,139.754347
 ＧＬＯＢＡＬ　　ＦＲＯＮＴ　　ＴＯＷＥＲ,東京都港区芝浦１-6-41,新交通ゆりかもめ「日の出」徒歩9分,2011年11月,250000000.0,1LDK,60.04,10.68,東京,港,169,25000.0,1374,新交通ゆりかもめ,日の出,35.6474871,139.7550651
GLOBAL FRONT TOWER,東京都港区芝浦１,ＪＲ山手線「田町」徒歩10分,2015年9月,250000000.0,1LDK,60.04,10.68,東京,港,123,25000.0,1374,ＪＲ山手線,田町,35.6485621,139.754347
プラウドタワー渋谷,東京都渋谷区渋谷３,ＪＲ山手線「渋谷」徒歩6分,2025年3月,252000000.0,2LDK,63.14,14.31,東京,渋谷,9,25200.0,1317,ＪＲ山手線,渋谷,35.6566382,139.7058165
パークタワーグランスカイ,東京都品川区東五反田２,ＪＲ山手線「五反田」徒歩6分,2010年6月,252000000.0,3LDK,80.03,14.47,東京,品川,186,25200.0,1039,ＪＲ山手線,五反田,35.6233916,139.7287997
富久クロスコンフォートタワー,東京都新宿区富久町,東京メトロ丸ノ内線「新宿御苑前」徒歩5分,2015年3月,252000000.0,3LDK+S（納戸）,60.0,10.95,東京,新宿,129,25200.0,1386,東京メトロ丸ノ内線,新宿御苑前,35.6934999,139.7147533
富久クロスコンフォートタワー,東京都新宿区富久町,東京メトロ丸ノ内線「新宿御苑前」徒歩5分,2015年3月,252000000.0,3LDK,60.0,1.0,東京,新宿,129,25200.0,1386,東京メトロ丸ノ内線,新宿御苑前,35.6934999,139.7147533
WORLD TOWER RESIDENCE,東京都港区浜松町２,ＪＲ山手線「浜松町」徒歩2分,2024年11月,254000000.0,2LDK,55.46,10.71,東京,港,13,25400.0,1511,ＪＲ山手線,浜松町,35.6548149,139.7556247
富久クロスコンフォートタワー,東京都新宿区富久町,東京メトロ丸ノ内線「新宿御苑前」徒歩5分,2015年4月,254000000.0,3LDK,76.29,4.13,東京,新宿,128,25400.0,1099,東京メトロ丸ノ内線,新宿御苑前,35.6934999,139.7147533
ＷＯＲＬＤ　ＴＯＷＥＲ　ＲＥＳＩＤＥＮＣＥ,東京都港区浜松町２,ＪＲ山手線「浜松町」徒歩2分,2024年11月,254000000.0,2LDK,55.46,10.71,東京,港,13,25400.0,1511,ＪＲ山手線,浜松町,35.6548149,139.7556247
富久クロスコンフォートタワー,東京都新宿区富久町,東京メトロ丸ノ内線「新宿御苑前」徒歩7分,2015年4月,254000000.0,3LDK,76.29,4.13,東京,新宿,128,25400.0,1099,東京メトロ丸ノ内線,新宿御苑前,35.6934999,139.7147533
富久クロスコンフォートタワー,東京都新宿区富久町,東京メトロ丸ノ内線「新宿御苑前」徒歩7分,2015年4月,254000000.0,3LDK,76.29,4.13,東京,新宿,128,25400.0,1099,東京メトロ丸ノ内線,新宿御苑前,35.6934999,139.7147533
富久クロスコンフォートタワー,東京都新宿区富久町,東京メトロ丸ノ内線「新宿御苑前」徒歩7分,2015年4月,254000000.0,3LDK+S（納戸）,76.29,4.13,東京,新宿,128,25400.0,1099,東京メトロ丸ノ内線,新宿御苑前,35.6934999,139.7147533
パークタワー西新宿,東京都新宿区西新宿５,都営大江戸線「西新宿五丁目」徒歩6分,2024年11月,254800000.0,3LDK,74.86,15.13,東京,新宿,13,25480.0,1123,都営大江戸線,西新宿五丁目,35.6948318,139.6866706
パークタワー西新宿,東京都新宿区西新宿５,都営大江戸線「西新宿五丁目」徒歩6分,2024年11月,254800000.0,3LDK,74.86,15.13,東京,新宿,13,25480.0,1123,都営大江戸線,西新宿五丁目,35.6948318,139.6866706
パークタワー勝どきミッド,東京都中央区勝どき４,都営大江戸線「勝どき」徒歩1分,2023年8月,254800000.0,2LDK,76.88,17.28,東京,中央,28,25480.0,1094,都営大江戸線,勝どき,35.6572676,139.7760709
パークタワー勝どきミッド,東京都中央区勝どき４,都営大江戸線「勝どき」徒歩1分,2023年8月,254800000.0,2LDK,76.88,17.28,東京,中央,28,25480.0,1094,都営大江戸線,勝どき,35.6572676,139.7760709
パークタワー西新宿,東京都新宿区西新宿５,都営大江戸線「西新宿五丁目」徒歩6分,2024年11月,254800000.0,3LDK,74.86,15.13,東京,新宿,13,25480.0,1123,都営大江戸線,西新宿五丁目,35.6948318,139.6866706
パークタワー勝どきミッド,東京都中央区勝どき４,都営大江戸線「勝どき」徒歩1分,2023年8月,254800000.0,2LDK,76.88,17.28,東京,中央,28,25480.0,1094,都営大江戸線,勝どき,35.6572676,139.7760709
二子玉川ライズ　タワー＆レジデンス　タワーセントラル,東京都世田谷区玉川１,東急田園都市線「二子玉川」徒歩9分,2010年5月,255000000.0,3LDK,85.41,10.21,東京,世田谷,187,25500.0,985,東急田園都市線,二子玉川,35.6091664,139.6305452
グランドヒルズ恵比寿,東京都渋谷区恵比寿１,ＪＲ山手線「恵比寿」徒歩8分,2019年3月,255000000.0,2LDK,65.12,9.1,東京,渋谷,81,25500.0,1292,ＪＲ山手線,恵比寿,35.64709,139.7134765
パークシティ武蔵小山　ザ　タワー,東京都品川区小山３,東急目黒線「武蔵小山」徒歩1分,2019年12月,256000000.0,3LDK,77.35,18.21,東京,品川,72,25600.0,1092,東急目黒線,武蔵小山,35.6205453,139.7045399
パークコート浜離宮ザタワー,東京都港区浜松町１,ＪＲ山手線「浜松町」徒歩5分,2019年2月,258000000.0,2LDK,55.07,14.1,東京,港,82,25800.0,1546,ＪＲ山手線,浜松町,35.658259,139.7556247
WORLD TOWER RESIDENCE,東京都港区浜松町２-3-9,ＪＲ山手線「浜松町」徒歩2分,2024年11月,258000000.0,1LDK,44.14,10.46,東京,港,13,25800.0,1929,ＪＲ山手線,浜松町,35.6547787,139.7551646
勝どきザ・タワー,東京都中央区勝どき５,都営大江戸線「勝どき」徒歩7分,2016年11月,258000000.0,2LDK,86.44,9.38,東京,中央,109,25800.0,985,都営大江戸線,勝どき,35.657516,139.7709587
芝浦アイランドケープタワー,東京都港区芝浦４,ＪＲ山手線「田町」徒歩12分,2006年10月,258000000.0,3LDK,104.6,15.26,東京,港,230,25800.0,814,ＪＲ山手線,田町,35.6400662,139.7460429
THE TOKYO TOWERS MID TOWER,東京都中央区勝どき６-3-2,都営大江戸線「勝どき」徒歩6分,2008年1月,258000000.0,3LDK,94.28,6.05,東京,中央,215,25800.0,903,都営大江戸線,勝どき,35.655905,139.773526
ＣＡＰＩＴＡＬ　ＧＡＴＥ　ＰＬＡＣＥ　ＴＨＥ　ＴＯＷ…,東京都中央区月島１,東京メトロ有楽町線「月島」徒歩1分,2015年7月,258000000.0,3LDK,78.75,20.3,東京,中央,125,25800.0,1081,東京メトロ有楽町線,月島,35.6644207,139.7824618
THE TOKYO TOWERS MID TOWER,東京都中央区勝どき６,都営大江戸線「勝どき」徒歩6分,2008年1月,258000000.0,3LDK,94.28,6.05,東京,中央,215,25800.0,903,都営大江戸線,勝どき,35.6550953,139.7735148
パークコート浜離宮　ザ　タワー,東京都港区浜松町１,ＪＲ京浜東北線「浜松町」徒歩5分,2019年2月,258000000.0,2LDK,55.07,14.1,東京,港,82,25800.0,1546,ＪＲ京浜東北線,浜松町,35.658259,139.7556247
芝浦アイランドケープタワー,東京都港区芝浦４,ＪＲ山手線「田町」徒歩13分,2006年10月,258000000.0,3LDK,104.6,15.26,東京,港,230,25800.0,814,ＪＲ山手線,田町,35.6400662,139.7460429
ブリリアマーレ有明タワー＆ガーデン,東京都江東区有明１,新交通ゆりかもめ「有明テニスの森」徒歩5分,2008年12月,258000000.0,2LDK,98.52,9.96,東京,江東,204,25800.0,864,新交通ゆりかもめ,有明テニスの森,35.6403728,139.7869359
勝どきザ・タワー,東京都中央区勝どき５-3-1,都営大江戸線「勝どき」徒歩7分,2016年11月,258000000.0,2LDK,86.44,9.38,東京,中央,109,25800.0,985,都営大江戸線,勝どき,35.65665329999999,139.7725581
シティタワー大崎,東京都品川区大崎５,ＪＲ山手線「大崎」徒歩3分,2004年1月,258000000.0,3LDK,90.83,8.93,東京,品川,263,25800.0,937,ＪＲ山手線,大崎,35.6222699,139.7252878
THE TOKYO TOWERS MID TOWER,東京都中央区勝どき６,都営大江戸線「勝どき」徒歩6分,2008年1月,258000000.0,3LDK,94.28,6.05,東京,中央,215,25800.0,903,都営大江戸線,勝どき,35.6550953,139.7735148
シティタワー新宿新都心,東京都新宿区西新宿４,都営大江戸線「西新宿五丁目」徒歩2分,2005年2月,258000000.0,3LDK,97.88,8.7,東京,新宿,250,25800.0,870,都営大江戸線,西新宿五丁目,35.6879506,139.6866706
キャピタルマークタワー,東京都港区芝浦４,ＪＲ山手線「田町」徒歩8分,2007年10月,258000000.0,3LDK,89.38,15.26,東京,港,218,25800.0,953,ＪＲ山手線,田町,35.6400662,139.7460429
勝どきザ・タワー,東京都中央区勝どき５,都営大江戸線「勝どき」徒歩7分,2016年11月,258000000.0,2LDK,90.57,8.74,東京,中央,109,25800.0,940,都営大江戸線,勝どき,35.657516,139.7709587
ザ・タワー十条,東京都北区上十条２,ＪＲ埼京線「十条」徒歩2分,2024年9月,258000000.0,3LDK,92.9,20.07,東京,北,15,25800.0,916,ＪＲ埼京線,十条,35.7591353,139.7211376
白金ザ・スカイ　東棟,東京都港区白金１,東京メトロ南北線「白金高輪」徒歩3分,2023年2月,258000000.0,2LDK,55.89,6.4,東京,港,34,25800.0,1523,東京メトロ南北線,白金高輪,35.6449583,139.7339083
白金ザ・スカイ　西棟,東京都港区白金１,東京メトロ南北線「白金高輪」徒歩3分,2023年2月,258000000.0,2LDK,60.04,6.4,東京,港,34,25800.0,1418,東京メトロ南北線,白金高輪,35.6449583,139.7339083
パークコート赤坂檜町ザ・タワー,東京都港区赤坂９,東京メトロ千代田線「乃木坂」徒歩3分,2018年2月,258000000.0,1LDK,35.7,9.06,東京,港,94,25800.0,2385,東京メトロ千代田線,乃木坂,35.6668899,139.7313539
ＴＨＥ　ＴＯＫＹＯ　ＴＯＷＥＲＳ　ＭＩＤ　ＴＯＷＥＲ,東京都中央区勝どき６,都営大江戸線「勝どき」徒歩6分,2008年1月,258000000.0,3LDK,94.28,6.05,東京,中央,215,25800.0,903,都営大江戸線,勝どき,35.6550953,139.7735148
パークタワーグランスカイ,東京都品川区東五反田２,ＪＲ山手線「大崎」徒歩6分,2010年6月,258800000.0,2LDK,83.84,5.29,東京,品川,186,25880.0,1019,ＪＲ山手線,大崎,35.6233916,139.7287997
パークタワー勝どきサウス,東京都中央区勝どき４,都営大江戸線「勝どき」徒歩2分,2023年8月,259000000.0,2LDK+S（納戸）,76.9,11.76,東京,中央,28,25900.0,1111,都営大江戸線,勝どき,35.6572676,139.7760709
パークシティ大崎　ザタワー,東京都品川区北品川５,ＪＲ山手線「大崎」徒歩6分,2015年4月,259000000.0,3LDK,77.48,8.04,東京,品川,128,25900.0,1103,ＪＲ山手線,大崎,35.6214836,139.7326311
パークタワー勝どきミッド,東京都中央区勝どき４,都営大江戸線「勝どき」徒歩1分,2023年8月,259800000.0,2LDK,71.32,0.0,東京,中央,28,25980.0,1202,都営大江戸線,勝どき,35.6572676,139.7760709
富久クロスコンフォートタワー,東京都新宿区富久町,東京メトロ丸ノ内線「新宿御苑前」徒歩6分,2015年4月,259800000.0,3LDK,75.84,15.66,東京,新宿,128,25980.0,1130,東京メトロ丸ノ内線,新宿御苑前,35.6934999,139.7147533
富久クロスコンフォートタワー,東京都新宿区富久町,東京メトロ丸ノ内線「新宿御苑前」徒歩6分,2015年4月,259800000.0,2LDK,75.84,15.66,東京,新宿,128,25980.0,1130,東京メトロ丸ノ内線,新宿御苑前,35.6934999,139.7147533
パークタワー勝どきミッド,東京都中央区勝どき４,都営大江戸線「勝どき」徒歩1分,2023年8月,259800000.0,3LDK,81.42,6.91,東京,中央,28,25980.0,1053,都営大江戸線,勝どき,35.6572676,139.7760709
パークシティ中央湊　ザタワー,東京都中央区湊２,ＪＲ京葉線「八丁堀」徒歩6分,2017年11月,259800000.0,2LDK,73.17,17.5,東京,中央,97,25980.0,1172,ＪＲ京葉線,八丁堀,35.6709568,139.780864
パークタワー勝どきミッド,東京都中央区勝どき４,都営大江戸線「勝どき」徒歩1分,2023年8月,259800000.0,2LDK,71.32,9.19,東京,中央,28,25980.0,1202,都営大江戸線,勝どき,35.6572676,139.7760709
パークタワー勝どきミッド,東京都中央区勝どき４,都営大江戸線「勝どき」徒歩1分,2023年8月,259800000.0,2LDK,69.92,9.19,東京,中央,28,25980.0,1226,都営大江戸線,勝どき,35.6572676,139.7760709
パークタワー芝浦ベイワードオーシャンウイング,東京都港区芝浦２,ＪＲ山手線「田町」徒歩9分,2005年5月,259800000.0,2LDK,94.04,15.61,東京,港,247,25980.0,912,ＪＲ山手線,田町,35.6446055,139.7530694
ＴＨＥ　ＴＯＷＥＲＳ　ＤＡＩＢＡ　ＥＡＳＴ,東京都港区台場２,新交通ゆりかもめ「お台場海浜公園」徒歩3分,2006年5月,259900000.0,3LDK,102.66,9.75,東京,港,235,25990.0,835,新交通ゆりかもめ,お台場海浜公園,35.6268958,139.7747928
ブリリアタワー浜離宮,東京都港区海岸１,ＪＲ山手線「浜松町」徒歩6分,2023年9月,260000000.0,1LDK,58.91,20.45,東京,港,27,26000.0,1456,ＪＲ山手線,浜松町,35.6553975,139.7613745
ザ・レジデンス三田,東京都港区三田２,都営大江戸線「赤羽橋」徒歩9分,2014年11月,260000000.0,1LDK,60.22,6.8,東京,港,133,26000.0,1425,都営大江戸線,赤羽橋,35.6494981,139.7409333
ザ・タワー・グランディア,東京都豊島区西池袋５,ＪＲ山手線「池袋」徒歩6分,2004年3月,260000000.0,2LDK,93.75,17.3,東京,豊島,261,26000.0,915,ＪＲ山手線,池袋,35.73194890000001,139.7019868
ブリリアタワー浜離宮,東京都港区海岸１,ＪＲ山手線「浜松町」徒歩5分,2023年9月,260000000.0,1LDK,58.91,20.45,東京,港,27,26000.0,1456,ＪＲ山手線,浜松町,35.6553975,139.7613745
Ｂｒｉｌｌｉａ　Ｔｏｗｅｒ　浜離宮,東京都港区海岸１,新交通ゆりかもめ「竹芝」徒歩2分,2023年9月,260000000.0,1LDK,58.91,0.0,東京,港,27,26000.0,1456,新交通ゆりかもめ,竹芝,35.6553975,139.7613745
ブリリアタワー浜離宮（BrilliaTower浜離宮…,東京都港区海岸１,ＪＲ山手線「浜松町」徒歩6分,2023年9月,260000000.0,1LDK,58.91,20.45,東京,港,27,26000.0,1456,ＪＲ山手線,浜松町,35.6553975,139.7613745
ＢｒｉｌｌｉａＴｏｗｅｒ浜離宮,東京都港区海岸１,新交通ゆりかもめ「竹芝」徒歩2分,2023年9月,260000000.0,1LDK,58.91,20.45,東京,港,27,26000.0,1456,新交通ゆりかもめ,竹芝,35.6553975,139.7613745
ワールドシティタワーズ　キャピタルタワー,東京都港区港南４,ＪＲ山手線「品川」徒歩13分,2006年10月,260000000.0,3LDK,100.36,12.65,東京,港,230,26000.0,855,ＪＲ山手線,品川,35.6273113,139.7485979
Ｂｒｉｌｌｉａ　Ｔｏｗｅｒ浜離宮,東京都港区海岸１,ＪＲ山手線「浜松町」徒歩6分,2023年9月,260000000.0,1LDK,58.91,20.45,東京,港,27,26000.0,1456,ＪＲ山手線,浜松町,35.6553975,139.7613745
クレストプライムタワー芝,東京都港区芝１,ＪＲ山手線「浜松町」徒歩7分,2007年8月,261000000.0,2LDK,86.91,10.7,東京,港,220,26100.0,991,ＪＲ山手線,浜松町,35.65127349999999,139.7546664
パークタワー高輪,東京都港区高輪３,都営浅草線「高輪台」徒歩1分,2013年1月,262000000.0,2LDK,78.5,11.18,東京,港,155,26200.0,1101,都営浅草線,高輪台,35.6326476,139.7332697
パークタワー晴海,東京都中央区晴海２,東京メトロ有楽町線「月島」徒歩11分,2019年2月,262000000.0,4LDK,83.31,21.45,東京,中央,82,26200.0,1038,東京メトロ有楽町線,月島,35.6564518,139.7869359
パークタワー晴海,東京都中央区晴海２-2-42,都営大江戸線「月島」徒歩12分,2019年5月,263000000.0,3LDK+S（納戸）,88.49,23.29,東京,中央,79,26300.0,981,都営大江戸線,月島,35.6569192,139.7867489
芝浦アイランドケープタワー,東京都港区芝浦４,ＪＲ山手線「田町」徒歩12分,2006年10月,263000000.0,3LDK+S（納戸）,104.6,15.26,東京,港,230,26300.0,830,ＪＲ山手線,田町,35.6400662,139.7460429
芝浦アイランドケープタワー,東京都港区芝浦４,ＪＲ山手線「田町」徒歩12分,2006年10月,263000000.0,3LDK,104.6,15.26,東京,港,230,26300.0,830,ＪＲ山手線,田町,35.6400662,139.7460429
ブランズタワー豊洲,東京都江東区豊洲５-1-13,東京メトロ有楽町線「豊洲」徒歩4分,2021年10月,264000000.0,3LDK,75.88,16.36,東京,江東,50,26400.0,1148,東京メトロ有楽町線,豊洲,35.6520776,139.7941746
富久クロス　コンフォートタワー,東京都新宿区富久町,東京メトロ丸ノ内線「新宿御苑前」徒歩7分,2015年4月,264800000.0,2LDK,73.51,4.25,東京,新宿,128,26480.0,1189,東京メトロ丸ノ内線,新宿御苑前,35.6934999,139.7147533
クロスエアタワー,東京都目黒区大橋１-5-1,東急田園都市線「池尻大橋」徒歩5分,2013年1月,265000000.0,2LDK,77.56,17.64,東京,目黒,155,26500.0,1128,東急田園都市線,池尻大橋,35.6517041,139.6885234
クロスエアタワー,東京都目黒区大橋１,東急田園都市線「池尻大橋」徒歩5分,2013年1月,265000000.0,2LDK,77.56,17.64,東京,目黒,155,26500.0,1128,東急田園都市線,池尻大橋,35.6510223,139.6882659
クロスエアタワー　27階　☆リノベーション済×マンシ…,東京都目黒区大橋１,東急田園都市線「池尻大橋」徒歩5分,2013年1月,265000000.0,2LDK,77.56,17.64,東京,目黒,155,26500.0,1128,東急田園都市線,池尻大橋,35.6510223,139.6882659
クロスエアタワー,東京都目黒区大橋１,東急田園都市線「池尻大橋」徒歩5分,2013年1月,265000000.0,2LDK,77.56,17.64,東京,目黒,155,26500.0,1128,東急田園都市線,池尻大橋,35.6510223,139.6882659
クロスエアタワー,東京都目黒区大橋１,東急田園都市線「池尻大橋」徒歩5分,2013年1月,265000000.0,2LDK,77.56,17.64,東京,目黒,155,26500.0,1128,東急田園都市線,池尻大橋,35.6510223,139.6882659
クロスエアタワー,東京都目黒区大橋１,東急田園都市線「池尻大橋」徒歩5分,2013年1月,265000000.0,2LDK,77.56,17.64,東京,目黒,155,26500.0,1128,東急田園都市線,池尻大橋,35.6510223,139.6882659
クロスエアタワー,東京都目黒区大橋１,東急田園都市線「池尻大橋」徒歩5分,2013年1月,265000000.0,2LDK,77.56,17.64,東京,目黒,155,26500.0,1128,東急田園都市線,池尻大橋,35.6510223,139.6882659
クロスエアタワー,東京都目黒区大橋１,東急田園都市線「池尻大橋」徒歩6分,2013年1月,265000000.0,2LDK,77.56,17.64,東京,目黒,155,26500.0,1128,東急田園都市線,池尻大橋,35.6510223,139.6882659
クロスエアタワー,東京都目黒区大橋１,東急田園都市線「池尻大橋」徒歩5分,2013年1月,265000000.0,2LDK,77.56,17.64,東京,目黒,155,26500.0,1128,東急田園都市線,池尻大橋,35.6510223,139.6882659
クロスエアタワー,東京都目黒区大橋１-5-1,東急田園都市線「池尻大橋」徒歩5分,2013年1月,265000000.0,2LDK,77.56,17.64,東京,目黒,155,26500.0,1128,東急田園都市線,池尻大橋,35.6517041,139.6885234
クレストプライムタワー芝,東京都港区芝１-2-1,ＪＲ山手線「浜松町」徒歩6分,2007年8月,265000000.0,2LDK,66.09,12.7,東京,港,220,26500.0,1323,ＪＲ山手線,浜松町,35.6526383,139.7557165
東京レジデンス,東京都千代田区飯田橋２,東京メトロ半蔵門線「九段下」徒歩4分,2003年2月,265000000.0,2LDK,74.44,16.2,東京,千代田,274,26500.0,1175,東京メトロ半蔵門線,九段下,35.6990911,139.7508336
クロスエアタワー,東京都目黒区大橋１,東急田園都市線「池尻大橋」徒歩5分,2013年1月,265000000.0,2LDK,77.56,17.64,東京,目黒,155,26500.0,1128,東急田園都市線,池尻大橋,35.6510223,139.6882659
アウルタワー　３８階,東京都豊島区東池袋４-21-1,東京メトロ有楽町線「東池袋」徒歩4分,2011年11月,265000000.0,3LDK,71.49,1.0,東京,豊島,169,26500.0,1223,東京メトロ有楽町線,東池袋,35.7275745,139.7191856
クロスエアタワー,東京都目黒区大橋１,東急田園都市線「池尻大橋」徒歩5分,2013年1月,265000000.0,2LDK,77.56,17.64,東京,目黒,155,26500.0,1128,東急田園都市線,池尻大橋,35.6510223,139.6882659
シティタワー麻布十番,東京都港区三田１,東京メトロ南北線「麻布十番」徒歩4分,2009年6月,265000000.0,2LDK,55.98,6.0,東京,港,198,26500.0,1562,東京メトロ南北線,麻布十番,35.6537721,139.741572
クロスエアタワー,東京都目黒区大橋１,東急田園都市線「池尻大橋」徒歩5分,2013年1月,265000000.0,2LDK,77.56,17.64,東京,目黒,155,26500.0,1128,東急田園都市線,池尻大橋,35.6510223,139.6882659
クロスエアタワー,東京都目黒区大橋１,東急田園都市線「池尻大橋」徒歩5分,2013年1月,265000000.0,2LDK,77.56,17.64,東京,目黒,155,26500.0,1128,東急田園都市線,池尻大橋,35.6510223,139.6882659
パークタワー勝どきミッド,東京都中央区勝どき４,都営大江戸線「勝どき」徒歩1分,2023年8月,265000000.0,2LDK,71.32,9.19,東京,中央,28,26500.0,1226,都営大江戸線,勝どき,35.6572676,139.7760709
アウルタワー,東京都豊島区東池袋４,東京メトロ有楽町線「東池袋」徒歩2分,2011年1月,265000000.0,3LDK,71.49,1.0,東京,豊島,179,26500.0,1223,東京メトロ有楽町線,東池袋,35.727032,139.7211376
アウルタワー,東京都豊島区東池袋４,東京メトロ有楽町線「東池袋」徒歩2分,2011年1月,265000000.0,3LDK,71.49,5.0,東京,豊島,179,26500.0,1223,東京メトロ有楽町線,東池袋,35.727032,139.7211376
芝浦アイランドケープタワー,東京都港区芝浦４,ＪＲ山手線「田町」徒歩12分,2006年10月,265000000.0,2LDK,104.6,15.26,東京,港,230,26500.0,836,ＪＲ山手線,田町,35.6400662,139.7460429
クロスエアタワー,東京都目黒区大橋１,東急田園都市線「池尻大橋」徒歩5分,2013年1月,265000000.0,2LDK,77.56,17.64,東京,目黒,155,26500.0,1128,東急田園都市線,池尻大橋,35.6510223,139.6882659
ブランズタワー豊洲,東京都江東区豊洲５,東京メトロ有楽町線「豊洲」徒歩5分,2021年10月,265000000.0,3LDK,73.49,14.09,東京,江東,50,26500.0,1190,東京メトロ有楽町線,豊洲,35.6505285,139.7965242
アウルタワー,東京都豊島区東池袋４,東京メトロ有楽町線「東池袋」徒歩2分,2011年1月,265000000.0,3LDK,71.49,0.0,東京,豊島,179,26500.0,1223,東京メトロ有楽町線,東池袋,35.727032,139.7211376
クロスエアタワー,東京都目黒区大橋１,東急田園都市線「池尻大橋」徒歩5分,2013年1月,265000000.0,2LDK,77.56,77.56,東京,目黒,155,26500.0,1128,東急田園都市線,池尻大橋,35.6510223,139.6882659
クロスエアタワー,東京都目黒区大橋１,東急田園都市線「池尻大橋」徒歩6分,2013年1月,265000000.0,2LDK,77.56,17.64,東京,目黒,155,26500.0,1128,東急田園都市線,池尻大橋,35.6510223,139.6882659
クロスエアタワー,東京都目黒区大橋１,東急田園都市線「池尻大橋」徒歩5分,2013年1月,265000000.0,2LDK,77.56,17.64,東京,目黒,155,26500.0,1128,東急田園都市線,池尻大橋,35.6510223,139.6882659
ザ・レジデンス三田,東京都港区三田２,都営大江戸線「赤羽橋」徒歩6分,2014年11月,268000000.0,2LDK,71.42,7.82,東京,港,133,26800.0,1238,都営大江戸線,赤羽橋,35.6494981,139.7409333
クロスエアタワー,東京都目黒区大橋１,東急田園都市線「池尻大橋」徒歩5分,2013年1月,268000000.0,2LDK,77.56,17.64,東京,目黒,155,26800.0,1140,東急田園都市線,池尻大橋,35.6510223,139.6882659
白金ザ・スカイ E棟,東京都港区白金１,東京メトロ南北線「白金高輪」徒歩3分,2022年12月,268000000.0,2LDK,55.89,6.4,東京,港,36,26800.0,1582,東京メトロ南北線,白金高輪,35.6449583,139.7339083
クロスエアタワー,東京都目黒区大橋１,東急田園都市線「池尻大橋」徒歩5分,2013年1月,268000000.0,2LDK,77.56,17.64,東京,目黒,155,26800.0,1140,東急田園都市線,池尻大橋,35.6510223,139.6882659
プレミストタワー白金高輪,東京都港区高輪１,東京メトロ南北線「白金高輪」徒歩1分,2022年11月,268000000.0,2LDK,65.01,6.55,東京,港,37,26800.0,1360,東京メトロ南北線,白金高輪,35.6403663,139.7339083
クロスエアタワー,東京都目黒区大橋１,東急田園都市線「池尻大橋」徒歩6分,2013年1月,268000000.0,2LDK,77.56,17.64,東京,目黒,155,26800.0,1140,東急田園都市線,池尻大橋,35.6510223,139.6882659
パークタワー晴海,東京都中央区晴海２,東京メトロ有楽町線「月島」徒歩12分,2019年2月,268000000.0,3LDK,78.67,17.74,東京,中央,82,26800.0,1124,東京メトロ有楽町線,月島,35.6564518,139.7869359
ザ・タワー十条,東京都北区上十条２,ＪＲ埼京線「十条」徒歩1分,2024年10月,268000000.0,3LDK,97.63,20.07,東京,北,14,26800.0,906,ＪＲ埼京線,十条,35.7591353,139.7211376
クロスエアタワー,東京都目黒区大橋１,東急田園都市線「池尻大橋」徒歩5分,2013年1月,268000000.0,2LDK,77.56,17.64,東京,目黒,155,26800.0,1140,東急田園都市線,池尻大橋,35.6510223,139.6882659
シティタワー麻布十番,東京都港区三田１,都営大江戸線「麻布十番」徒歩5分,2009年6月,268000000.0,1LDK,55.7,5.52,東京,港,198,26800.0,1588,都営大江戸線,麻布十番,35.6537721,139.741572
プラウドタワー芝浦,東京都港区芝浦４,ＪＲ山手線「田町」徒歩11分,2023年1月,268000000.0,3LDK,79.07,12.42,東京,港,35,26800.0,1119,ＪＲ山手線,田町,35.6400662,139.7460429
クロスエアタワー,東京都目黒区大橋１,東急田園都市線「池尻大橋」徒歩5分,2013年1月,268000000.0,2LDK,77.56,17.64,東京,目黒,155,26800.0,1140,東急田園都市線,池尻大橋,35.6510223,139.6882659
ワールドタワーレジデンス,東京都港区浜松町２,ＪＲ山手線「浜松町」徒歩2分,2024年11月,268000000.0,2LDK,53.37,11.28,東京,港,13,26800.0,1657,ＪＲ山手線,浜松町,35.6548149,139.7556247
プラウドタワー芝浦,東京都港区芝浦４,ＪＲ山手線「田町」徒歩11分,2023年1月,268000000.0,3LDK,79.07,12.42,東京,港,35,26800.0,1119,ＪＲ山手線,田町,35.6400662,139.7460429
オリゾンマーレ,東京都江東区有明１,新交通ゆりかもめ「有明テニスの森」徒歩4分,2004年10月,268000000.0,3LDK,95.84,11.36,東京,江東,254,26800.0,923,新交通ゆりかもめ,有明テニスの森,35.6403728,139.7869359
ザ・パークハウス高輪タワー,東京都港区高輪１,東京メトロ南北線「白金高輪」徒歩2分,2021年10月,268000000.0,2LDK,67.63,7.92,東京,港,50,26800.0,1308,東京メトロ南北線,白金高輪,35.6403663,139.7339083
ザ・パークハウス高輪タワー,東京都港区高輪１,東京メトロ南北線「白金高輪」徒歩2分,2021年10月,268000000.0,2LDK,68.32,7.92,東京,港,50,26800.0,1294,東京メトロ南北線,白金高輪,35.6403663,139.7339083
シティタワー麻布十番,東京都港区三田１,都営大江戸線「赤羽橋」徒歩5分,2009年6月,268000000.0,1LDK,55.7,5.52,東京,港,198,26800.0,1588,都営大江戸線,赤羽橋,35.6537721,139.741572
ザ・レジデンス三田,東京都港区三田２,都営大江戸線「赤羽橋」徒歩6分,2014年11月,268000000.0,2LDK,71.42,7.82,東京,港,133,26800.0,1238,都営大江戸線,赤羽橋,35.6494981,139.7409333
HARUMI FLAG　PARK VILLAGE　T…,東京都中央区晴海５,都営大江戸線「勝どき」徒歩15分,2025年10月,268000000.0,2LDK,84.04,19.65,東京,中央,2,26800.0,1052,都営大江戸線,勝どき,35.6490356,139.7741538
ザ・パークハウス高輪タワー,東京都港区高輪１,東京メトロ南北線「白金高輪」徒歩2分,2021年10月,268000000.0,2LDK+S（納戸）,67.63,7.92,東京,港,50,26800.0,1308,東京メトロ南北線,白金高輪,35.6403663,139.7339083
白金タワー,東京都港区白金１,東京メトロ南北線「白金高輪」徒歩1分,2005年9月,268000000.0,2LDK,68.24,11.92,東京,港,243,26800.0,1296,東京メトロ南北線,白金高輪,35.6449583,139.7339083
ＷＯＲＬＤ　ＴＯＷＥＲ　ＲＥＳＩＤＥＮＣＥ,東京都港区浜松町２,ＪＲ山手線「浜松町」徒歩2分,2024年11月,268000000.0,2LDK,53.37,11.28,東京,港,13,26800.0,1657,ＪＲ山手線,浜松町,35.6548149,139.7556247
クロスエアタワー,東京都目黒区大橋１-５－１,東急田園都市線「池尻大橋」徒歩6分,2013年1月,268000000.0,2LDK,77.56,17.64,東京,目黒,155,26800.0,1140,東急田園都市線,池尻大橋,35.6517041,139.6885234
芝浦アイランドケープタワー,東京都港区芝浦４,ＪＲ山手線「田町」徒歩12分,2006年10月,268000000.0,3LDK,104.6,15.26,東京,港,230,26800.0,846,ＪＲ山手線,田町,35.6400662,139.7460429
富久クロスコンフォートタワー,東京都新宿区富久町15-1,東京メトロ丸ノ内線「新宿御苑前」徒歩7分,2015年4月,269000000.0,3DK,70.0,0.0,東京,新宿,128,26900.0,1268,東京メトロ丸ノ内線,新宿御苑前,35.6919473,139.7139397
勝どきビュータワー,東京都中央区勝どき１,都営大江戸線「勝どき」徒歩1分,2010年11月,269000000.0,3LDK,95.68,21.74,東京,中央,181,26900.0,928,都営大江戸線,勝どき,35.6607124,139.7760709
富久クロスコンフォートタワー,東京都新宿区富久町,都営新宿線「新宿三丁目」徒歩10分,2015年4月,269000000.0,3LDK,70.05,6.2,東京,新宿,128,26900.0,1267,都営新宿線,新宿三丁目,35.6934999,139.7147533
富久クロスコンフォートタワー,東京都新宿区富久町,東京メトロ丸ノ内線「新宿御苑前」徒歩7分,2015年4月,269000000.0,3LDK,70.05,6.2,東京,新宿,128,26900.0,1267,東京メトロ丸ノ内線,新宿御苑前,35.6934999,139.7147533
芝浦アイランド　ケープタワー,東京都港区芝浦４,ＪＲ山手線「田町」徒歩13分,2006年10月,269000000.0,3LDK,104.6,15.26,東京,港,230,26900.0,849,ＪＲ山手線,田町,35.6400662,139.7460429
富久クロスコンフォートタワー,東京都新宿区富久町１５－１,東京メトロ丸ノ内線「新宿御苑前」徒歩8分,2015年4月,269000000.0,3LDK,70.05,6.2,東京,新宿,128,26900.0,1267,東京メトロ丸ノ内線,新宿御苑前,35.6919473,139.7139397
富久クロスコンフォートタワー,東京都新宿区富久町,東京メトロ丸ノ内線「新宿御苑前」徒歩8分,2015年4月,269000000.0,3LDK,70.05,6.2,東京,新宿,128,26900.0,1267,東京メトロ丸ノ内線,新宿御苑前,35.6934999,139.7147533
富久クロスコンフォートタワー,東京都新宿区富久町,東京メトロ丸ノ内線「新宿御苑前」徒歩8分,2015年4月,269000000.0,3LDK,70.05,6.2,東京,新宿,128,26900.0,1267,東京メトロ丸ノ内線,新宿御苑前,35.6934999,139.7147533
パークタワー勝どきサウス,東京都中央区勝どき４-6-1,都営大江戸線「勝どき」徒歩2分,2023年8月,269000000.0,3LDK,74.43,9.07,東京,中央,28,26900.0,1193,都営大江戸線,勝どき,35.6564849,139.7760915
パークタワー目黒,東京都品川区上大崎４,ＪＲ山手線「目黒」徒歩2分,2007年10月,269800000.0,2LDK,68.15,12.61,東京,品川,218,26980.0,1306,ＪＲ山手線,目黒,35.6310561,139.7157109
パークコート赤坂ザタワー,東京都港区赤坂４,東京メトロ千代田線「赤坂」徒歩7分,2009年6月,269800000.0,2LDK,70.68,5.92,東京,港,198,26980.0,1260,東京メトロ千代田線,赤坂,35.6748007,139.7339083
シティタワー武蔵小山,東京都品川区小山３,東急目黒線「武蔵小山」徒歩2分,2021年4月,269800000.0,2LDK,61.19,4.78,東京,品川,56,26980.0,1455,東急目黒線,武蔵小山,35.6205453,139.7045399
プリズムタワー,東京都目黒区大橋１-10-1,東急田園都市線「池尻大橋」徒歩2分,2009年4月,270000000.0,2LDK,86.02,25.56,東京,目黒,200,27000.0,1036,東急田園都市線,池尻大橋,35.6512552,139.6864988
プリズムタワー,東京都目黒区大橋１-10-1,東急田園都市線「池尻大橋」徒歩2分,2009年4月,270000000.0,2LDK,86.02,25.56,東京,目黒,200,27000.0,1036,東急田園都市線,池尻大橋,35.6512552,139.6864988
プリズムタワー,東京都目黒区大橋１,東急田園都市線「池尻大橋」徒歩3分,2009年4月,270000000.0,2LDK,86.02,25.56,東京,目黒,200,27000.0,1036,東急田園都市線,池尻大橋,35.6510223,139.6882659
プリズムタワー,東京都目黒区大橋１,東急田園都市線「池尻大橋」徒歩2分,2009年4月,270000000.0,2LDK,86.02,25.56,東京,目黒,200,27000.0,1036,東急田園都市線,池尻大橋,35.6510223,139.6882659
ワテラスタワーレジデンス,東京都千代田区神田淡路町２,東京メトロ千代田線「新御茶ノ水」徒歩3分,2013年2月,270000000.0,2LDK,60.74,12.8,東京,千代田,154,27000.0,1467,東京メトロ千代田線,新御茶ノ水,35.6971459,139.7674443
プリズムタワー,東京都目黒区大橋１,東急田園都市線「池尻大橋」徒歩2分,2009年4月,270000000.0,2LDK,86.02,25.56,東京,目黒,200,27000.0,1036,東急田園都市線,池尻大橋,35.6510223,139.6882659
ザ・パークハウス晴海タワーズ　ティアロレジデンス48…,東京都中央区晴海２-3-2,都営大江戸線「勝どき」徒歩14分,2016年3月,270000000.0,2LDK,94.29,15.86,東京,中央,117,27000.0,945,都営大江戸線,勝どき,35.6561262,139.7858853
グランスィート麻布台ヒルトップタワー,東京都港区麻布台３,東京メトロ南北線「六本木一丁目」徒歩7分,2014年2月,270000000.0,2LDK,59.64,6.48,東京,港,142,27000.0,1494,東京メトロ南北線,六本木一丁目,35.6601113,139.7380593
プリズムタワー,東京都目黒区大橋１,東急田園都市線「池尻大橋」徒歩3分,2009年4月,270000000.0,2LDK,86.02,25.56,東京,目黒,200,27000.0,1036,東急田園都市線,池尻大橋,35.6510223,139.6882659
プリズムタワー,東京都目黒区大橋１,東急田園都市線「池尻大橋」徒歩2分,2009年4月,270000000.0,2LDK,86.02,25.56,東京,目黒,200,27000.0,1036,東急田園都市線,池尻大橋,35.6510223,139.6882659
プリズムタワー,東京都目黒区大橋１,東急田園都市線「池尻大橋」徒歩2分,2009年4月,270000000.0,2LDK,86.02,25.56,東京,目黒,200,27000.0,1036,東急田園都市線,池尻大橋,35.6510223,139.6882659
プリズムタワー,東京都目黒区大橋１,東急田園都市線「池尻大橋」徒歩2分,2009年4月,270000000.0,2LDK,86.02,25.56,東京,目黒,200,27000.0,1036,東急田園都市線,池尻大橋,35.6510223,139.6882659
プリズムタワー,東京都目黒区大橋１,東急田園都市線「池尻大橋」徒歩3分,2009年4月,270000000.0,2LDK,86.02,25.56,東京,目黒,200,27000.0,1036,東急田園都市線,池尻大橋,35.6510223,139.6882659
プリズムタワー,東京都目黒区大橋１,東急田園都市線「池尻大橋」徒歩2分,2009年4月,270000000.0,2LDK,86.02,25.56,東京,目黒,200,27000.0,1036,東急田園都市線,池尻大橋,35.6510223,139.6882659
プリズムタワー,東京都目黒区大橋１,東急田園都市線「池尻大橋」徒歩3分,2009年4月,270000000.0,2LDK,86.02,25.56,東京,目黒,200,27000.0,1036,東急田園都市線,池尻大橋,35.6510223,139.6882659
シティタワー虎ノ門,東京都港区虎ノ門３,東京メトロ日比谷線「神谷町」徒歩2分,2024年6月,270000000.0,2LDK,64.64,11.98,東京,港,18,27000.0,1378,東京メトロ日比谷線,神谷町,35.6642718,139.747001
プリズムタワー,東京都目黒区大橋１,東急田園都市線「池尻大橋」徒歩2分,2009年4月,270000000.0,2LDK,86.02,25.56,東京,目黒,200,27000.0,1036,東急田園都市線,池尻大橋,35.6510223,139.6882659
プリズムタワー,東京都目黒区大橋１,東急田園都市線「池尻大橋」徒歩2分,2009年4月,270000000.0,2LDK,86.02,25.56,東京,目黒,200,27000.0,1036,東急田園都市線,池尻大橋,35.6510223,139.6882659
プリズムタワー,東京都目黒区大橋１,東急田園都市線「池尻大橋」徒歩2分,2009年4月,270000000.0,2LDK,86.02,25.56,東京,目黒,200,27000.0,1036,東急田園都市線,池尻大橋,35.6510223,139.6882659
プリズムタワー,東京都目黒区大橋１,東急田園都市線「池尻大橋」徒歩2分,2009年4月,270000000.0,2LDK,86.02,25.56,東京,目黒,200,27000.0,1036,東急田園都市線,池尻大橋,35.6510223,139.6882659
パークシティ大崎　ザタワー,東京都品川区北品川５,ＪＲ山手線「大崎」徒歩6分,2015年4月,270000000.0,2LDK,57.44,9.69,東京,品川,128,27000.0,1551,ＪＲ山手線,大崎,35.6214836,139.7326311
プリズムタワー,東京都目黒区大橋１,東急田園都市線「池尻大橋」徒歩2分,2009年4月,270000000.0,2LDK,86.02,25.56,東京,目黒,200,27000.0,1036,東急田園都市線,池尻大橋,35.6510223,139.6882659
プリズムタワー,東京都目黒区大橋１,東急田園都市線「池尻大橋」徒歩2分,2009年4月,270000000.0,2LDK,86.02,25.56,東京,目黒,200,27000.0,1036,東急田園都市線,池尻大橋,35.6510223,139.6882659
ブリリアタワー浜離宮,東京都港区海岸１,新交通ゆりかもめ「竹芝」徒歩2分,2023年9月,272000000.0,2LDK,58.91,20.45,東京,港,27,27200.0,1524,新交通ゆりかもめ,竹芝,35.6553975,139.7613745
Brillia Tower浜離宮,東京都港区海岸１-6-1,ＪＲ山手線「浜松町」徒歩4分,2023年9月,272000000.0,2LDK,58.91,20.45,東京,港,27,27200.0,1524,ＪＲ山手線,浜松町,35.6502474,139.7602137
ブリリアタワー浜離宮（BrilliaTower浜離宮…,東京都港区海岸１,ＪＲ山手線「浜松町」徒歩6分,2023年9月,272000000.0,2LDK,58.91,20.45,東京,港,27,27200.0,1524,ＪＲ山手線,浜松町,35.6553975,139.7613745
芝浦アイランドケープタワー,東京都港区芝浦４,ＪＲ山手線「田町」徒歩12分,2006年10月,273000000.0,2LDK,104.6,0.0,東京,港,230,27300.0,861,ＪＲ山手線,田町,35.6400662,139.7460429
グランスイート麻布台ヒルトップタワー,東京都港区麻布台３,東京メトロ南北線「六本木一丁目」徒歩7分,2014年1月,275000000.0,2LDK,72.15,6.48,東京,港,143,27500.0,1258,東京メトロ南北線,六本木一丁目,35.6601113,139.7380593
ザ・レジデンス三田,東京都港区三田２,都営大江戸線「赤羽橋」徒歩6分,2014年11月,275000000.0,2LDK,74.52,9.0,東京,港,133,27500.0,1218,都営大江戸線,赤羽橋,35.6494981,139.7409333
ワテラスタワーレジデンス,東京都千代田区神田淡路町２,東京メトロ千代田線「新御茶ノ水」徒歩3分,2013年2月,275000000.0,2LDK,61.06,12.8,東京,千代田,154,27500.0,1486,東京メトロ千代田線,新御茶ノ水,35.6971459,139.7674443
芝浦アイランドケープタワー,東京都港区芝浦４,ＪＲ山手線「田町」徒歩14分,2006年10月,275800000.0,2LDK,102.3,11.49,東京,港,230,27580.0,890,ＪＲ山手線,田町,35.6400662,139.7460429
パークコート乃木坂ザ　タワー,東京都港区南青山１,東京メトロ千代田線「乃木坂」徒歩2分,2019年1月,277800000.0,2LDK,55.23,10.74,東京,港,83,27780.0,1660,東京メトロ千代田線,乃木坂,35.6689177,139.7249685
ＴＨＥ　ＴＯＫＹＯ　ＴＯＷＥＲＳ　ＭＩＤ　ＴＯＷＥＲ,東京都中央区勝どき６-3-2,都営大江戸線「勝どき」徒歩5分,2008年1月,278000000.0,3LDK,110.23,6.99,東京,中央,215,27800.0,832,都営大江戸線,勝どき,35.655905,139.773526
パークタワー芝公園,東京都港区芝３-12-4,都営三田線「芝公園」徒歩4分,2012年10月,278000000.0,2LDK,55.32,0.0,東京,港,158,27800.0,1658,都営三田線,芝公園,35.652967,139.7462499
パークタワー芝公園,東京都港区芝３,都営三田線「芝公園」徒歩4分,2012年10月,278000000.0,2LDK,55.32,6.48,東京,港,158,27800.0,1658,都営三田線,芝公園,35.6523773,139.7466817
パークコート虎ノ門愛宕タワー,東京都港区虎ノ門３,東京メトロ日比谷線「神谷町」徒歩4分,2008年4月,278000000.0,2LDK,65.75,25.65,東京,港,212,27800.0,1395,東京メトロ日比谷線,神谷町,35.6642718,139.747001
パークタワー芝公園,東京都港区芝３,都営三田線「芝公園」徒歩4分,2012年10月,278000000.0,2LDK,55.32,6.48,東京,港,158,27800.0,1658,都営三田線,芝公園,35.6523773,139.7466817
東京タワ―眺望・芝公園・リノベ,東京都港区芝３,都営三田線「芝公園」徒歩4分,2012年10月,278000000.0,2LDK,55.32,6.48,東京,港,158,27800.0,1658,都営三田線,芝公園,35.6523773,139.7466817
大崎ウエストシティタワーズ　Ｗ棟,東京都品川区大崎２,ＪＲ山手線「大崎」徒歩4分,2009年9月,278000000.0,3LDK,87.03,5.29,東京,品川,195,27800.0,1054,ＪＲ山手線,大崎,35.6177742,139.7262455
パークタワー芝公園,東京都港区芝３,都営三田線「芝公園」徒歩4分,2012年10月,278000000.0,2LDK,55.32,6.48,東京,港,158,27800.0,1658,都営三田線,芝公園,35.6523773,139.7466817
センチュリーパークタワー,東京都中央区佃２,東京メトロ有楽町線「月島」徒歩9分,1999年1月,278000000.0,3LDK+S（納戸）,108.68,12.52,東京,中央,323,27800.0,844,東京メトロ有楽町線,月島,35.6682531,139.7862967
グランドメゾン白金の杜ザ・タワー,東京都港区白金６,東京メトロ南北線「白金台」徒歩11分,2015年5月,278000000.0,2LDK,68.25,14.04,東京,港,127,27800.0,1344,東京メトロ南北線,白金台,35.6431552,139.7236915
パークタワー芝公園,東京都港区芝３-12-4,都営三田線「芝公園」徒歩4分,2012年10月,278000000.0,2LDK,55.32,6.48,東京,港,158,27800.0,1658,都営三田線,芝公園,35.652967,139.7462499
パークタワー芝公園,東京都港区芝３,都営三田線「芝公園」徒歩4分,2012年10月,278000000.0,2LDK,55.32,6.48,東京,港,158,27800.0,1658,都営三田線,芝公園,35.6523773,139.7466817
パークタワー芝公園,東京都港区芝３,都営三田線「芝公園」徒歩4分,2012年10月,278000000.0,2LDK,55.32,6.48,東京,港,158,27800.0,1658,都営三田線,芝公園,35.6523773,139.7466817
パークタワー芝公園,東京都港区芝３,都営三田線「芝公園」徒歩4分,2012年10月,278000000.0,2LDK,55.32,6.48,東京,港,158,27800.0,1658,都営三田線,芝公園,35.6523773,139.7466817
パークタワー芝公園,東京都港区芝３,都営大江戸線「赤羽橋」徒歩4分,2012年10月,278000000.0,2LDK,55.32,6.48,東京,港,158,27800.0,1658,都営大江戸線,赤羽橋,35.6523773,139.7466817
パークタワー芝公園,東京都港区芝３,都営大江戸線「赤羽橋」徒歩4分,2012年10月,278000000.0,2LDK,55.32,6.48,東京,港,158,27800.0,1658,都営大江戸線,赤羽橋,35.6523773,139.7466817
パークタワー芝公園,東京都港区芝３,都営三田線「芝公園」徒歩4分,2012年10月,278000000.0,2LDK,55.32,6.48,東京,港,158,27800.0,1658,都営三田線,芝公園,35.6523773,139.7466817
パークタワー芝公園,東京都港区芝３,都営三田線「芝公園」徒歩4分,2012年10月,278000000.0,2LDK,55.32,6.48,東京,港,158,27800.0,1658,都営三田線,芝公園,35.6523773,139.7466817
プラウドタワー芝浦,東京都港区芝浦４,ＪＲ京浜東北線「田町」徒歩11分,2023年1月,278000000.0,3LDK,79.07,12.39,東京,港,35,27800.0,1160,ＪＲ京浜東北線,田町,35.6400662,139.7460429
パークタワー芝公園,東京都港区芝３,都営三田線「芝公園」徒歩4分,2012年10月,278000000.0,2LDK,55.32,6.48,東京,港,158,27800.0,1658,都営三田線,芝公園,35.6523773,139.7466817
パークタワー芝公園,東京都港区芝３,都営三田線「芝公園」徒歩4分,2012年10月,278000000.0,2LDK,55.32,6.48,東京,港,158,27800.0,1658,都営三田線,芝公園,35.6523773,139.7466817
ＷＯＲＬＤ　ＴＯＷＥＲ　ＲＥＳＩＤＥＮＣＥ,東京都港区浜松町２,ＪＲ山手線「浜松町」徒歩2分,2024年11月,278000000.0,2LDK,53.37,11.28,東京,港,13,27800.0,1719,ＪＲ山手線,浜松町,35.6548149,139.7556247
シティタワーズ豊洲ザ・ツイン　サウスタワー,東京都江東区豊洲３,東京メトロ有楽町線「豊洲」徒歩5分,2009年2月,278000000.0,3LDK,106.03,7.39,東京,江東,202,27800.0,865,東京メトロ有楽町線,豊洲,35.6585681,139.7965242
東京ツインパークス,東京都港区東新橋１,都営大江戸線「汐留」徒歩2分,2002年9月,278000000.0,1LDK+S（納戸）,65.77,9.46,東京,港,279,27800.0,1395,都営大江戸線,汐留,35.664582,139.7613745
パークタワー芝公園,東京都港区芝３-12-4,都営三田線「芝公園」徒歩4分,2012年10月,278000000.0,2LDK,55.32,6.48,東京,港,158,27800.0,1658,都営三田線,芝公園,35.652967,139.7462499
パークタワー芝公園,東京都港区芝３,都営大江戸線「赤羽橋」徒歩4分,2012年10月,278000000.0,2LDK,55.32,6.48,東京,港,158,27800.0,1658,都営大江戸線,赤羽橋,35.6523773,139.7466817
ワールドタワーレジデンス（WORLD TOWER R…,東京都港区浜松町２,ＪＲ山手線「浜松町」徒歩2分,2024年11月,279000000.0,2LDK,63.9,12.34,東京,港,13,27900.0,1441,ＪＲ山手線,浜松町,35.6548149,139.7556247
パークコート赤坂ザタワー,東京都港区赤坂４,東京メトロ千代田線「赤坂」徒歩8分,2009年6月,279800000.0,2LDK,67.48,5.79,東京,港,198,27980.0,1368,東京メトロ千代田線,赤坂,35.6748007,139.7339083
パークコート赤坂ザタワー,東京都港区赤坂４,東京メトロ千代田線「赤坂」徒歩8分,2009年6月,279800000.0,2LDK,67.48,5.79,東京,港,198,27980.0,1368,東京メトロ千代田線,赤坂,35.6748007,139.7339083
パークコート赤坂ザタワー,東京都港区赤坂４-14-14,東京メトロ千代田線「赤坂」徒歩8分,2009年6月,279800000.0,2LDK,67.48,5.79,東京,港,198,27980.0,1368,東京メトロ千代田線,赤坂,35.6736609,139.7313798
パークコート赤坂ザタワー,東京都港区赤坂４,東京メトロ銀座線「青山一丁目」徒歩9分,2009年6月,279800000.0,2LDK,67.48,5.79,東京,港,198,27980.0,1368,東京メトロ銀座線,青山一丁目,35.6748007,139.7339083
ＣＡＰＩＴＡＬ　ＧＡＴＥ　ＰＬＡＣＥ　ＴＨＥ　ＴＯＷ…,東京都中央区月島１,東京メトロ有楽町線「月島」徒歩1分,2015年7月,279800000.0,3LDK,81.13,11.85,東京,中央,125,27980.0,1138,東京メトロ有楽町線,月島,35.6644207,139.7824618
パークコート六本木ヒルトップ,東京都港区六本木１,東京メトロ南北線「六本木一丁目」徒歩2分,2012年8月,279800000.0,1LDK,50.17,6.89,東京,港,160,27980.0,1840,東京メトロ南北線,六本木一丁目,35.6647384,139.7402946
GLOBAL FRONT TOWER,東京都港区芝浦１-6-41,ＪＲ山手線「田町」徒歩10分,2015年9月,279900000.0,3LDK+S（納戸）,70.18,11.84,東京,港,123,27990.0,1316,ＪＲ山手線,田町,35.6474871,139.7550651
グローバルフロントタワー,東京都港区芝浦１,ＪＲ山手線「田町」徒歩10分,2015年9月,279900000.0,3LDK,70.18,11.84,東京,港,123,27990.0,1316,ＪＲ山手線,田町,35.6485621,139.754347
GLOBAL　FRONT　TOWER,東京都港区芝浦１,ＪＲ山手線「田町」徒歩10分,2015年9月,279900000.0,3LDK+S（納戸）,70.18,11.84,東京,港,123,27990.0,1316,ＪＲ山手線,田町,35.6485621,139.754347
ＧＬＯＢＡＬ　ＦＲＯＮＴ　ＴＯＷＥＲ,東京都港区芝浦１,都営三田線「三田」徒歩9分,2015年9月,279900000.0,3LDK+3S（納戸）,70.18,11.84,東京,港,123,27990.0,1316,都営三田線,三田,35.6485621,139.754347
GLOBAL FRONT TOWER,東京都港区芝浦１,ＪＲ山手線「田町」徒歩10分,2015年9月,279900000.0,3LDK+S（納戸）,70.18,11.84,東京,港,123,27990.0,1316,ＪＲ山手線,田町,35.6485621,139.754347
GLOBAL FRONT TOWER,東京都港区芝浦１-6-41,都営浅草線「三田」徒歩8分,2015年9月,279900000.0,3LDK+S（納戸）,70.18,11.84,東京,港,123,27990.0,1316,都営浅草線,三田,35.6474871,139.7550651
パークシティ中央湊　ザタワー,東京都中央区湊２,ＪＲ京葉線「八丁堀」徒歩6分,2017年11月,279900000.0,3LDK,72.49,18.1,東京,中央,97,27990.0,1274,ＪＲ京葉線,八丁堀,35.6709568,139.780864
GLOBAL FRONT TOWER,東京都港区芝浦１,都営三田線「三田」徒歩8分,2015年9月,279900000.0,3LDK,70.18,11.84,東京,港,123,27990.0,1316,都営三田線,三田,35.6485621,139.754347
GLOBAL FRONT TOWER　,東京都港区芝浦１,ＪＲ山手線「田町」徒歩10分,2015年9月,279900000.0,3LDK+S（納戸）,70.18,11.84,東京,港,123,27990.0,1316,ＪＲ山手線,田町,35.6485621,139.754347
ＧＬＯＢＡＬ　ＦＲＯＮＴ　ＴＯＷＥＲ,東京都港区芝浦１,ＪＲ山手線「田町」徒歩10分,2015年9月,279900000.0,3LDK+S（納戸）,70.18,11.84,東京,港,123,27990.0,1316,ＪＲ山手線,田町,35.6485621,139.754347
グローバルフロントタワー,東京都港区芝浦１,ＪＲ山手線「田町」徒歩12分,2015年9月,279900000.0,3LDK+S（納戸）,70.18,11.84,東京,港,123,27990.0,1316,ＪＲ山手線,田町,35.6485621,139.754347
GLOBAL FRONT TOWER,東京都港区芝浦１,都営三田線「三田」徒歩8分,2015年9月,279900000.0,3LDK+S（納戸）,70.18,11.84,東京,港,123,27990.0,1316,都営三田線,三田,35.6485621,139.754347
ＧＬＯＢＡＬ　ＦＲＯＮＴ　ＴＯＷＥＲ,東京都港区芝浦１-6-41,ＪＲ山手線「田町」徒歩10分,2015年9月,279900000.0,3LDK+S（納戸）,70.18,11.84,東京,港,123,27990.0,1316,ＪＲ山手線,田町,35.6474871,139.7550651
GLOBAL　FRONT TOWER,東京都港区芝浦１,ＪＲ山手線「田町」徒歩10分,2015年9月,279900000.0,3LDK+S（納戸）,70.18,11.84,東京,港,123,27990.0,1316,ＪＲ山手線,田町,35.6485621,139.754347
ドゥ・トゥール（ＤＥＵＸ　ＴＯＵＲＳ）　WEST棟,東京都中央区晴海３,都営大江戸線「勝どき」徒歩5分,2015年9月,279900000.0,3LDK,100.01,6.91,東京,中央,123,27990.0,924,都営大江戸線,勝どき,35.6548467,139.7786272
ＧＬＯＢＡＬ　ＦＲＯＮＴ　ＴＯＷＥＲ,東京都港区芝浦１,ＪＲ山手線「田町」徒歩10分,2015年9月,279900000.0,3LDK,70.18,11.84,東京,港,123,27990.0,1316,ＪＲ山手線,田町,35.6485621,139.754347
ＷＯＲＬＤ　ＴＯＷＥＲ　ＲＥＳＩＤＥＮＣＥ,東京都港区浜松町２,ＪＲ山手線「浜松町」徒歩2分,2025年3月,280000000.0,2LDK,54.8,10.59,東京,港,9,28000.0,1686,ＪＲ山手線,浜松町,35.6548149,139.7556247
パークシティ中央湊ザタワー,東京都中央区湊２,東京メトロ日比谷線「八丁堀」徒歩8分,2017年11月,280000000.0,3LDK,75.03,13.04,東京,中央,97,28000.0,1232,東京メトロ日比谷線,八丁堀,35.6709568,139.780864
東京タイムズタワー,東京都千代田区外神田４,東京メトロ銀座線「末広町」徒歩2分,2004年9月,280000000.0,2LDK+S（納戸）,78.1,3.86,東京,千代田,255,28000.0,1183,東京メトロ銀座線,末広町,35.7005017,139.7722367
東京ツインパークス　レフトウィング,東京都港区東新橋１-10-1,都営大江戸線「汐留」徒歩2分,2002年9月,280000000.0,1LDK+2S（納戸）,65.77,9.46,東京,港,279,28000.0,1405,都営大江戸線,汐留,35.6612914,139.7601337
ザ・タワーズ台場　ＥＡＳＴ,東京都港区台場２,新交通ゆりかもめ「お台場海浜公園」徒歩3分,2006年5月,280000000.0,2LDK+S（納戸）,121.1,11.32,東京,港,235,28000.0,763,新交通ゆりかもめ,お台場海浜公園,35.6268958,139.7747928
パークシティ中央湊　ザタワー,東京都中央区湊２,ＪＲ京葉線「八丁堀」徒歩6分,2017年11月,280000000.0,2LDK,73.03,15.04,東京,中央,97,28000.0,1265,ＪＲ京葉線,八丁堀,35.6709568,139.780864
コートレジデントタワー,東京都文京区後楽１,東京メトロ東西線「飯田橋」徒歩5分,2007年1月,284900000.0,3LDK,90.53,9.35,東京,文京,227,28490.0,1039,東京メトロ東西線,飯田橋,35.7044131,139.7505142
ＷＯＲＬＤ　ＴＯＷＥＲ　ＲＥＳＩＤＥＮＣＥ,東京都港区浜松町２,ＪＲ山手線「浜松町」徒歩2分,2024年11月,285000000.0,2LDK,54.8,10.59,東京,港,13,28500.0,1716,ＪＲ山手線,浜松町,35.6548149,139.7556247
◆スカイジャグジー付東京タワーを望むメゾネットプレミ…,東京都港区港南４-6-5,ＪＲ山手線「品川」徒歩15分,2006年10月,285000000.0,2LDK,86.53,26.5,東京,港,230,28500.0,1087,ＪＲ山手線,品川,35.627834,139.7518716
ワールドシティタワーズ ブリーズタワー,東京都港区港南４,ＪＲ山手線「品川」徒歩15分,2006年3月,285000000.0,2LDK,86.53,26.5,東京,港,237,28500.0,1087,ＪＲ山手線,品川,35.6273113,139.7485979
パークタワー西新宿,東京都新宿区西新宿５,都営大江戸線「西新宿五丁目」徒歩6分,2024年11月,285000000.0,2LDK,80.92,19.29,東京,新宿,13,28500.0,1162,都営大江戸線,西新宿五丁目,35.6948318,139.6866706
パークタワー西新宿,東京都新宿区西新宿５,都営大江戸線「西新宿五丁目」徒歩6分,2024年11月,285000000.0,3LDK,80.7,18.49,東京,新宿,13,28500.0,1165,都営大江戸線,西新宿五丁目,35.6948318,139.6866706
白金ザ・スカイ東棟,東京都港区白金１,東京メトロ南北線「白金高輪」徒歩3分,2023年2月,286000000.0,1LDK,51.73,12.4,東京,港,34,28600.0,1824,東京メトロ南北線,白金高輪,35.6449583,139.7339083
ＭＩＤ　ＴＯＷＥＲ　ＧＲＡＮＤ,東京都中央区月島１,東京メトロ有楽町線「月島」徒歩2分,2020年10月,286000000.0,3LDK,75.23,17.86,東京,中央,62,28600.0,1255,東京メトロ有楽町線,月島,35.6644207,139.7824618
東京ツインパークスレフトウィング,東京都港区東新橋１,都営大江戸線「汐留」徒歩3分,2002年9月,287000000.0,2LDK+S（納戸）,76.42,13.33,東京,港,279,28700.0,1239,都営大江戸線,汐留,35.664582,139.7613745
シティタワー新宿,東京都新宿区西新宿５,東京メトロ丸ノ内線「西新宿」徒歩8分,2023年2月,288000000.0,3LDK,78.31,18.56,東京,新宿,34,28800.0,1214,東京メトロ丸ノ内線,西新宿,35.6948318,139.6866706
グランドヒルズ恵比寿,東京都渋谷区恵比寿１,ＪＲ山手線「恵比寿」徒歩7分,2019年3月,288000000.0,2LDK,67.02,12.15,東京,渋谷,81,28800.0,1418,ＪＲ山手線,恵比寿,35.64709,139.7134765
シティタワー新宿,東京都新宿区西新宿５-２－１,東京メトロ丸ノ内線「西新宿」徒歩8分,2023年2月,288000000.0,3LDK,78.31,18.56,東京,新宿,34,28800.0,1214,東京メトロ丸ノ内線,西新宿,35.6951153,139.6870077
白金ザ・スカイ,東京都港区白金１,東京メトロ南北線「白金高輪」徒歩3分,2023年2月,288000000.0,3LDK+S（納戸）,73.44,11.2,東京,港,34,28800.0,1294,東京メトロ南北線,白金高輪,35.6449583,139.7339083
シティタワー虎ノ門,東京都港区虎ノ門３,東京メトロ日比谷線「神谷町」徒歩2分,2024年5月,288000000.0,2LDK,63.74,13.55,東京,港,19,28800.0,1491,東京メトロ日比谷線,神谷町,35.6642718,139.747001
パークタワー晴海,東京都中央区晴海２,東京メトロ有楽町線「月島」徒歩12分,2019年2月,288000000.0,4LDK,89.95,21.24,東京,中央,82,28800.0,1057,東京メトロ有楽町線,月島,35.6564518,139.7869359
ザ・タワー十条,東京都北区上十条２-２７１,ＪＲ埼京線「十条」徒歩1分,2024年10月,288000000.0,3LDK,93.77,18.11,東京,北,14,28800.0,1014,ＪＲ埼京線,十条,35.7575148,139.722168
芝浦アイランドグローヴタワー,東京都港区芝浦４,ＪＲ山手線「田町」徒歩8分,2006年11月,288000000.0,2LDK,83.8,12.2,東京,港,229,28800.0,1134,ＪＲ山手線,田町,35.6400662,139.7460429
パークタワー晴海,東京都中央区晴海２,都営大江戸線「月島」徒歩12分,2019年2月,288000000.0,4LDK,89.95,21.24,東京,中央,82,28800.0,1057,都営大江戸線,月島,35.6564518,139.7869359
シティタワー新宿,東京都新宿区西新宿５,東京メトロ丸ノ内線「西新宿」徒歩8分,2023年2月,288000000.0,3LDK,78.31,18.56,東京,新宿,34,28800.0,1214,東京メトロ丸ノ内線,西新宿,35.6948318,139.6866706
パークタワー晴海,東京都中央区晴海２,東京メトロ有楽町線「月島」徒歩12分,2019年5月,288000000.0,4LDK,89.95,21.24,東京,中央,79,28800.0,1057,東京メトロ有楽町線,月島,35.6564518,139.7869359
赤坂タワーレジデンストップオブザヒル,東京都港区赤坂２,東京メトロ千代田線「赤坂」徒歩5分,2008年4月,288800000.0,1LDK,66.13,11.04,東京,港,212,28880.0,1441,東京メトロ千代田線,赤坂,35.6711124,139.7390173
ザ・パークハウス西麻布レジデンス,東京都港区西麻布４,東京メトロ日比谷線「広尾」徒歩6分,2014年5月,289000000.0,2LDK,67.77,4.82,東京,港,139,28900.0,1407,東京メトロ日比谷線,広尾,35.6581991,139.7211376
ＴＨＥ　ＴＯＫＹＯ　ＴＯＷＥＲＳ　ＳＥＡ　ＴＯＷＥＲ,東京都中央区勝どき６-3-1,都営大江戸線「勝どき」徒歩6分,2008年1月,289800000.0,3LDK,110.23,6.99,東京,中央,215,28980.0,868,都営大江戸線,勝どき,35.6552789,139.77462
パークコート浜離宮　ザ　タワー,東京都港区浜松町１,ＪＲ山手線「浜松町」徒歩5分,2019年2月,289800000.0,2LDK,58.01,15.93,東京,港,82,28980.0,1649,ＪＲ山手線,浜松町,35.658259,139.7556247
ブランズタワー芝浦,東京都港区芝浦２,ＪＲ山手線「田町」徒歩8分,2021年8月,289800000.0,2LDK,81.1,14.27,東京,港,52,28980.0,1179,ＪＲ山手線,田町,35.6446055,139.7530694
白金ザ・スカイ イースト棟,東京都港区白金１,東京メトロ南北線「白金高輪」徒歩3分,2023年2月,289800000.0,2LDK,55.89,6.4,東京,港,34,28980.0,1711,東京メトロ南北線,白金高輪,35.6449583,139.7339083
芝浦アイランドケープタワー,東京都港区芝浦４,ＪＲ山手線「田町」徒歩12分,2006年10月,289900000.0,3LDK,104.6,15.26,東京,港,230,28990.0,915,ＪＲ山手線,田町,35.6400662,139.7460429
シティタワー麻布十番,東京都港区三田１-6-3,都営大江戸線「赤羽橋」徒歩5分,2009年6月,290000000.0,1LDK,55.7,5.52,東京,港,198,29000.0,1718,都営大江戸線,赤羽橋,35.6541969,139.740574
白金タワー,東京都港区白金１-17-1,東京メトロ南北線「白金高輪」徒歩1分,2005年9月,290000000.0,1LDK+S（納戸）,75.95,7.95,東京,港,243,29000.0,1260,東京メトロ南北線,白金高輪,35.6445831,139.7334674
ＴＨＥ　ＴＯＹＯＳＵ　ＴＯＷＥＲ,東京都江東区豊洲３,東京メトロ有楽町線「豊洲」徒歩6分,2009年1月,290000000.0,3LDK,110.18,0.0,東京,江東,203,29000.0,869,東京メトロ有楽町線,豊洲,35.6585681,139.7965242
白金タワー,東京都港区白金１,東京メトロ南北線「白金高輪」徒歩1分,2005年9月,290000000.0,1LDK+S（納戸）,75.95,7.95,東京,港,243,29000.0,1260,東京メトロ南北線,白金高輪,35.6449583,139.7339083
白金タワー,東京都港区白金１,都営三田線「白金高輪」徒歩1分,2005年9月,290000000.0,1LDK+S（納戸）,75.95,7.95,東京,港,243,29000.0,1260,都営三田線,白金高輪,35.6449583,139.7339083
芝浦アイランドケープタワー,東京都港区芝浦４,ＪＲ山手線「田町」徒歩12分,2006年10月,290000000.0,2LDK,104.6,15.26,東京,港,230,29000.0,915,ＪＲ山手線,田町,35.6400662,139.7460429
シティタワー麻布十番,東京都港区三田１,東京メトロ南北線「麻布十番」徒歩5分,2009年6月,290000000.0,1LDK,55.7,5.52,東京,港,198,29000.0,1718,東京メトロ南北線,麻布十番,35.6537721,139.741572
シティタワー麻布十番,東京都港区三田１-6-3,東京メトロ南北線「麻布十番」徒歩5分,2009年6月,290000000.0,1LDK,55.7,5.52,東京,港,198,29000.0,1718,東京メトロ南北線,麻布十番,35.6541969,139.740574
シティタワー麻布十番,東京都港区三田１,都営大江戸線「麻布十番」徒歩5分,2009年6月,290000000.0,1LDK,55.7,5.52,東京,港,198,29000.0,1718,都営大江戸線,麻布十番,35.6537721,139.741572
白金タワー,東京都港区白金１,東京メトロ南北線「白金高輪」徒歩1分,2005年9月,290000000.0,1LDK+S（納戸）,75.95,7.95,東京,港,243,29000.0,1260,東京メトロ南北線,白金高輪,35.6449583,139.7339083
白金タワー,東京都港区白金１,東京メトロ南北線「白金高輪」徒歩1分,2005年9月,290000000.0,1LDK+S（納戸）,75.95,7.95,東京,港,243,29000.0,1260,東京メトロ南北線,白金高輪,35.6449583,139.7339083
パークタワー勝どきサウス,東京都中央区勝どき４,都営大江戸線「勝どき」徒歩2分,2023年8月,290000000.0,3LDK,81.14,8.8,東京,中央,28,29000.0,1179,都営大江戸線,勝どき,35.6572676,139.7760709
白金タワー,東京都港区白金１,東京メトロ南北線「白金高輪」徒歩1分,2005年9月,290000000.0,1LDK+S（納戸）,75.95,7.95,東京,港,243,29000.0,1260,東京メトロ南北線,白金高輪,35.6449583,139.7339083
パークコート赤坂ザタワー,東京都港区赤坂４,東京メトロ銀座線「青山一丁目」徒歩8分,2009年6月,290000000.0,2LDK,68.61,5.79,東京,港,198,29000.0,1395,東京メトロ銀座線,青山一丁目,35.6748007,139.7339083
パークコート赤坂ザタワー,東京都港区赤坂４,東京メトロ千代田線「赤坂」徒歩8分,2009年6月,290000000.0,2LDK,68.61,5.79,東京,港,198,29000.0,1395,東京メトロ千代田線,赤坂,35.6748007,139.7339083
パークコート赤坂ザタワー,東京都港区赤坂４,東京メトロ千代田線「赤坂」徒歩8分,2009年6月,290000000.0,2LDK,68.61,5.79,東京,港,198,29000.0,1395,東京メトロ千代田線,赤坂,35.6748007,139.7339083
白金タワー,東京都港区白金１,東京メトロ南北線「白金高輪」徒歩1分,2005年9月,290000000.0,1LDK+S（納戸）,75.95,7.95,東京,港,243,29000.0,1260,東京メトロ南北線,白金高輪,35.6449583,139.7339083
芝浦アイランドケープタワー,東京都港区芝浦４,ＪＲ山手線「田町」徒歩12分,2006年10月,290000000.0,3LDK+S（納戸）,101.48,10.08,東京,港,230,29000.0,943,ＪＲ山手線,田町,35.6400662,139.7460429
ワテラス 　タワーレジデンス,東京都千代田区神田淡路町２,東京メトロ千代田線「新御茶ノ水」徒歩6分,2013年2月,290000000.0,2LDK+S（納戸）,57.94,13.0,東京,千代田,154,29000.0,1652,東京メトロ千代田線,新御茶ノ水,35.6971459,139.7674443
パークコート赤坂ザ・タワー,東京都港区赤坂４,東京メトロ千代田線「赤坂」徒歩8分,2009年6月,290000000.0,2LDK,68.61,5.79,東京,港,198,29000.0,1395,東京メトロ千代田線,赤坂,35.6748007,139.7339083
パークコート赤坂ザタワー,東京都港区赤坂４,東京メトロ千代田線「赤坂」徒歩8分,2009年6月,290000000.0,2LDK,68.61,5.79,東京,港,198,29000.0,1395,東京メトロ千代田線,赤坂,35.6748007,139.7339083
白金タワー,東京都港区白金１,東京メトロ南北線「白金高輪」徒歩1分,2005年9月,292000000.0,1LDK+S（納戸）,75.95,7.95,東京,港,243,29200.0,1269,東京メトロ南北線,白金高輪,35.6449583,139.7339083
白金タワー,東京都港区白金１,東京メトロ南北線「白金高輪」徒歩1分,2005年9月,292000000.0,1LDK,75.95,7.95,東京,港,243,29200.0,1269,東京メトロ南北線,白金高輪,35.6449583,139.7339083
白金タワータワー棟,東京都港区白金１,東京メトロ南北線「白金高輪」徒歩1分,2005年9月,292000000.0,1LDK,75.95,7.95,東京,港,243,29200.0,1269,東京メトロ南北線,白金高輪,35.6449583,139.7339083
白金タワー,東京都港区白金１,都営三田線「白金高輪」徒歩1分,2005年9月,292000000.0,1LDK+S（納戸）,75.95,7.95,東京,港,243,29200.0,1269,都営三田線,白金高輪,35.6449583,139.7339083
白金タワー,東京都港区白金１,東京メトロ南北線「白金高輪」徒歩1分,2005年9月,292000000.0,1LDK+S（納戸）,75.95,7.95,東京,港,243,29200.0,1269,東京メトロ南北線,白金高輪,35.6449583,139.7339083
白金タワー,東京都港区白金１,東京メトロ南北線「白金高輪」徒歩1分,2005年9月,292000000.0,1LDK+S（納戸）,75.95,7.95,東京,港,243,29200.0,1269,東京メトロ南北線,白金高輪,35.6449583,139.7339083
白金タワー,東京都港区白金１,都営三田線「白金高輪」徒歩1分,2005年9月,292000000.0,1LDK+S（納戸）,75.95,7.95,東京,港,243,29200.0,1269,都営三田線,白金高輪,35.6449583,139.7339083
白金タワー,東京都港区白金１,東京メトロ南北線「白金高輪」徒歩1分,2005年9月,292000000.0,1LDK+S（納戸）,75.95,7.95,東京,港,243,29200.0,1269,東京メトロ南北線,白金高輪,35.6449583,139.7339083
白金タワー,東京都港区白金１,都営三田線「白金高輪」徒歩1分,2005年9月,292000000.0,1LDK+S（納戸）,75.95,7.95,東京,港,243,29200.0,1269,都営三田線,白金高輪,35.6449583,139.7339083
白金タワー　タワー棟,東京都港区白金１,東京メトロ南北線「白金高輪」徒歩1分,2005年9月,292000000.0,1LDK+S（納戸）,75.95,7.95,東京,港,243,29200.0,1269,東京メトロ南北線,白金高輪,35.6449583,139.7339083
MID TOWER GRAND,東京都中央区月島１,東京メトロ有楽町線「月島」徒歩2分,2020年10月,294000000.0,2LDK,75.23,17.86,東京,中央,62,29400.0,1290,東京メトロ有楽町線,月島,35.6644207,139.7824618
シティタワー麻布十番,東京都港区三田１,都営大江戸線「赤羽橋」徒歩5分,2009年6月,295000000.0,1LDK,55.7,5.52,東京,港,198,29500.0,1748,都営大江戸線,赤羽橋,35.6537721,139.741572
パークコート六本木ヒルトップ,東京都港区六本木１,東京メトロ南北線「六本木一丁目」徒歩2分,2012年8月,295000000.0,1LDK,45.18,9.03,東京,港,160,29500.0,2155,東京メトロ南北線,六本木一丁目,35.6647384,139.7402946
シティタワー麻布十番,東京都港区三田１,東京メトロ南北線「麻布十番」徒歩5分,2009年6月,295000000.0,1LDK,55.7,5.52,東京,港,198,29500.0,1748,東京メトロ南北線,麻布十番,35.6537721,139.741572
パークタワー西新宿,東京都新宿区西新宿５,都営大江戸線「西新宿五丁目」徒歩6分,2024年11月,295000000.0,3LDK,80.7,18.49,東京,新宿,13,29500.0,1206,都営大江戸線,西新宿五丁目,35.6948318,139.6866706
シティタワー麻布十番,東京都港区三田１,東京メトロ南北線「麻布十番」徒歩5分,2009年6月,295000000.0,1LDK,55.7,5.52,東京,港,198,29500.0,1748,東京メトロ南北線,麻布十番,35.6537721,139.741572
シティタワー麻布十番,東京都港区三田１,都営大江戸線「麻布十番」徒歩5分,2009年6月,295000000.0,1LDK,55.7,5.52,東京,港,198,29500.0,1748,都営大江戸線,麻布十番,35.6537721,139.741572
パークコート六本木ヒルトップ,東京都港区六本木１,東京メトロ南北線「六本木一丁目」徒歩2分,2012年8月,295000000.0,1LDK,45.18,9.03,東京,港,160,29500.0,2155,東京メトロ南北線,六本木一丁目,35.6647384,139.7402946
シティータワー麻布十番,東京都港区三田１,東京メトロ南北線「麻布十番」徒歩5分,2009年6月,295000000.0,1LDK,55.7,5.52,東京,港,198,29500.0,1748,東京メトロ南北線,麻布十番,35.6537721,139.741572
ワールドタワーレジデンス,東京都港区浜松町２,ＪＲ山手線「浜松町」徒歩2分,2024年11月,295000000.0,2LDK,55.46,10.71,東京,港,13,29500.0,1755,ＪＲ山手線,浜松町,35.6548149,139.7556247
シティタワー麻布十番,東京都港区三田１-6-3,東京メトロ南北線「麻布十番」徒歩5分,2009年6月,295000000.0,1LDK,55.7,5.52,東京,港,198,29500.0,1748,東京メトロ南北線,麻布十番,35.6541969,139.740574
麻布台ヒルズレジデンスB棟,東京都港区麻布台１,東京メトロ南北線「六本木一丁目」徒歩1分,2025年11月,295000000.0,1K,32.68,0.0,東京,港,1,29500.0,2979,東京メトロ南北線,六本木一丁目,35.6619304,139.7390173
ＷＯＲＬＤ　ＴＯＷＥＲ　ＲＥＳＩＤＥＮＣＥ,東京都港区浜松町２,ＪＲ山手線「浜松町」徒歩2分,2024年11月,295000000.0,2LDK,55.46,10.71,東京,港,13,29500.0,1755,ＪＲ山手線,浜松町,35.6548149,139.7556247
WORLD TOWER RESIDENCE,東京都港区浜松町２,都営大江戸線「大門」徒歩4分,2024年11月,295000000.0,2LDK,55.46,10.71,東京,港,13,29500.0,1755,都営大江戸線,大門,35.6548149,139.7556247
シティタワー麻布十番,東京都港区三田１,東京メトロ南北線「麻布十番」徒歩5分,2009年6月,295000000.0,1LDK,55.7,5.52,東京,港,198,29500.0,1748,東京メトロ南北線,麻布十番,35.6537721,139.741572
パークタワー勝どきミッド,東京都中央区勝どき４,都営大江戸線「勝どき」徒歩1分,2023年8月,295000000.0,2LDK,74.88,18.81,東京,中央,28,29500.0,1300,都営大江戸線,勝どき,35.6572676,139.7760709
シティタワー麻布十番,東京都港区三田１,東京メトロ南北線「麻布十番」徒歩5分,2009年6月,295000000.0,1LDK,55.7,5.52,東京,港,198,29500.0,1748,東京メトロ南北線,麻布十番,35.6537721,139.741572
赤坂タワーレジデンス　トップ　オブ　ザ　ヒル,東京都港区赤坂２,東京メトロ千代田線「赤坂」徒歩5分,2008年4月,295000000.0,1LDK+S（納戸）,66.13,11.04,東京,港,212,29500.0,1472,東京メトロ千代田線,赤坂,35.6711124,139.7390173
パークタワー西新宿,東京都新宿区西新宿５,都営大江戸線「西新宿五丁目」徒歩6分,2024年11月,295000000.0,3LDK,80.7,18.49,東京,新宿,13,29500.0,1206,都営大江戸線,西新宿五丁目,35.6948318,139.6866706
シティタワー麻布十番,東京都港区三田１,東京メトロ南北線「麻布十番」徒歩5分,2009年6月,295000000.0,1LDK,55.7,5.52,東京,港,198,29500.0,1748,東京メトロ南北線,麻布十番,35.6537721,139.741572
シティタワー麻布十番,東京都港区三田１-6-3,都営大江戸線「麻布十番」徒歩5分,2009年6月,295000000.0,1LDK,55.7,5.52,東京,港,198,29500.0,1748,都営大江戸線,麻布十番,35.6541969,139.740574
パークタワー西新宿,東京都新宿区西新宿５,都営大江戸線「西新宿五丁目」徒歩6分,2024年11月,295000000.0,3LDK,80.7,0.0,東京,新宿,13,29500.0,1206,都営大江戸線,西新宿五丁目,35.6948318,139.6866706
パークタワー西新宿,東京都新宿区西新宿５,都営大江戸線「西新宿五丁目」徒歩6分,2024年11月,295000000.0,3LDK,80.7,1.0,東京,新宿,13,29500.0,1206,都営大江戸線,西新宿五丁目,35.6948318,139.6866706
シティタワー麻布十番,東京都港区三田１,東京メトロ南北線「麻布十番」徒歩5分,2009年6月,296000000.0,2LDK,59.17,6.0,東京,港,198,29600.0,1651,東京メトロ南北線,麻布十番,35.6537721,139.741572
シティタワー麻布十番,東京都港区三田１,東京メトロ南北線「麻布十番」徒歩5分,2009年6月,296000000.0,2LDK,59.17,6.0,東京,港,198,29600.0,1651,東京メトロ南北線,麻布十番,35.6537721,139.741572
シティタワー麻布十番,東京都港区三田１,東京メトロ南北線「麻布十番」徒歩5分,2009年6月,296000000.0,2LDK,59.17,6.0,東京,港,198,29600.0,1651,東京メトロ南北線,麻布十番,35.6537721,139.741572
シティタワー麻布十番,東京都港区三田１,東京メトロ南北線「麻布十番」徒歩5分,2009年6月,296000000.0,2LDK,59.17,6.0,東京,港,198,29600.0,1651,東京メトロ南北線,麻布十番,35.6537721,139.741572
富久クロスコンフォートタワー,東京都新宿区富久町,東京メトロ丸ノ内線「新宿御苑前」徒歩7分,2015年4月,296800000.0,2LDK,81.79,8.92,東京,新宿,128,29680.0,1198,東京メトロ丸ノ内線,新宿御苑前,35.6934999,139.7147533
芝浦アイランドグローヴタワー,東京都港区芝浦４,ＪＲ山手線「田町」徒歩8分,2006年11月,297000000.0,2LDK,98.52,7.07,東京,港,229,29700.0,995,ＪＲ山手線,田町,35.6400662,139.7460429
パークタワー勝どきサウス,東京都中央区勝どき４,都営大江戸線「勝どき」徒歩2分,2023年8月,298000000.0,3LDK,92.88,11.3,東京,中央,28,29800.0,1059,都営大江戸線,勝どき,35.6572676,139.7760709
クラッシィタワー新宿御苑,東京都新宿区四谷４,東京メトロ丸ノ内線「新宿御苑前」徒歩4分,2024年11月,298000000.0,3LDK,79.14,14.91,東京,新宿,13,29800.0,1243,東京メトロ丸ノ内線,新宿御苑前,35.6894241,139.7160301
ドゥ・トゥールWEST棟,東京都中央区晴海３,都営大江戸線「勝どき」徒歩5分,2015年9月,298000000.0,3LDK,100.9,7.15,東京,中央,123,29800.0,975,都営大江戸線,勝どき,35.6548467,139.7786272
アトラスタワー白金レジデンシャル,東京都港区白金１,東京メトロ南北線「白金高輪」徒歩3分,2023年7月,298000000.0,3LDK,77.15,17.19,東京,港,29,29800.0,1275,東京メトロ南北線,白金高輪,35.6449583,139.7339083
シティタワー新宿,東京都新宿区西新宿５-2-1,東京メトロ丸ノ内線「西新宿」徒歩8分,2023年2月,298000000.0,2LDK,83.79,23.36,東京,新宿,34,29800.0,1174,東京メトロ丸ノ内線,西新宿,35.6951153,139.6870077
パークコート浜離宮ザ・タワー,東京都港区浜松町１,ＪＲ山手線「浜松町」徒歩5分,2019年2月,298000000.0,2LDK,62.4,19.8,東京,港,82,29800.0,1576,ＪＲ山手線,浜松町,35.658259,139.7556247
東京ツインパークス　ライトウイング,東京都港区東新橋１,都営大江戸線「汐留」徒歩3分,2002年9月,298000000.0,2LDK,76.68,7.68,東京,港,279,29800.0,1282,都営大江戸線,汐留,35.664582,139.7613745
ドゥ・トゥール　WEST棟,東京都中央区晴海３,都営大江戸線「勝どき」徒歩5分,2015年9月,298000000.0,3LDK,100.9,7.15,東京,中央,123,29800.0,975,都営大江戸線,勝どき,35.6548467,139.7786272
富久クロスコンフォートタワー,東京都新宿区富久町,東京メトロ丸ノ内線「新宿御苑前」徒歩7分,2015年4月,298000000.0,2LDK,70.4,3.49,東京,新宿,128,29800.0,1397,東京メトロ丸ノ内線,新宿御苑前,35.6934999,139.7147533
シティタワーズ東京ベイ  イーストタワー,東京都江東区有明２,新交通ゆりかもめ「有明」徒歩7分,2019年7月,298000000.0,2LDK,109.83,44.79,東京,江東,77,29800.0,895,新交通ゆりかもめ,有明,35.6388488,139.7946064
ドゥトゥール　ウエスト,東京都中央区晴海３,都営大江戸線「勝どき」徒歩5分,2015年9月,298000000.0,3LDK,100.9,0.0,東京,中央,123,29800.0,975,都営大江戸線,勝どき,35.6548467,139.7786272
ブリリアタワー池袋,東京都豊島区南池袋２,東京メトロ有楽町線「東池袋」徒歩1分,2015年3月,298000000.0,3LDK,84.01,20.53,東京,豊島,129,29800.0,1171,東京メトロ有楽町線,東池袋,35.7261268,139.7160301
ドゥトゥールW,東京都中央区晴海３-13-2,都営大江戸線「勝どき」徒歩5分,2015年9月,298000000.0,3LDK,100.9,7.15,東京,中央,123,29800.0,975,都営大江戸線,勝どき,35.6548188,139.777263
パークコート浜離宮ザタワー,東京都港区浜松町１,都営大江戸線「大門」徒歩5分,2019年2月,298000000.0,2LDK,60.69,15.72,東京,港,82,29800.0,1620,都営大江戸線,大門,35.658259,139.7556247
ＷＯＲＬＤ　ＴＯＷＥＲ　ＲＥＳＩＤＥＮＣＥ,東京都港区浜松町２,ＪＲ山手線「浜松町」徒歩2分,2024年11月,298000000.0,2LDK,54.8,10.59,東京,港,13,29800.0,1795,ＪＲ山手線,浜松町,35.6548149,139.7556247
セントラルレジデンス新宿シティタワー,東京都新宿区西新宿７,ＪＲ山手線「新宿」徒歩10分,2001年12月,298000000.0,3LDK,108.24,17.26,東京,新宿,288,29800.0,909,ＪＲ山手線,新宿,35.6963255,139.6975192
ザ・パークハウス西麻布レジデンス,東京都港区西麻布４,東京メトロ日比谷線「広尾」徒歩6分,2014年5月,298000000.0,2LDK+S（納戸）,72.4,5.66,東京,港,139,29800.0,1358,東京メトロ日比谷線,広尾,35.6581991,139.7211376
赤坂タワーレジデンストップオブザヒル,東京都港区赤坂２-17-50,東京メトロ千代田線「赤坂」徒歩5分,2008年4月,298000000.0,2LDK,71.07,14.57,東京,港,212,29800.0,1384,東京メトロ千代田線,赤坂,35.6698122,139.7384585
ワテラスタワーレジデンス,東京都千代田区神田淡路町２,ＪＲ中央線「御茶ノ水」徒歩4分,2013年2月,298000000.0,2LDK,60.0,12.8,東京,千代田,154,29800.0,1639,ＪＲ中央線,御茶ノ水,35.6971459,139.7674443
ＷＯＲＬＤ　ＴＯＷＥＲ　ＲＥＳＩＤＥＮＣＥ,東京都港区浜松町２,ＪＲ山手線「浜松町」徒歩2分,2024年11月,298000000.0,2LDK,53.37,16.14,東京,港,13,29800.0,1843,ＪＲ山手線,浜松町,35.6548149,139.7556247
パークコート浜離宮ザ・タワー,東京都港区浜松町１,都営浅草線「大門」徒歩5分,2019年2月,298000000.0,1LDK,54.7,14.1,東京,港,82,29800.0,1798,都営浅草線,大門,35.658259,139.7556247
シティタワーズ東京ベイ　イーストタワー,東京都江東区有明２,りんかい線「国際展示場」徒歩8分,2019年7月,298000000.0,2LDK,109.83,44.79,東京,江東,77,29800.0,895,りんかい線,国際展示場,35.6388488,139.7946064
ブランズタワー豊洲,東京都江東区豊洲５,東京メトロ有楽町線「豊洲」徒歩5分,2021年10月,298000000.0,2LDK,85.57,39.07,東京,江東,50,29800.0,1149,東京メトロ有楽町線,豊洲,35.6505285,139.7965242
HARUMI FLAG SUN VILLAGE TO…,東京都中央区晴海５-5-7,都営大江戸線「勝どき」徒歩15分,2025年10月,298000000.0,2LDK,87.24,19.27,東京,中央,2,29800.0,1127,都営大江戸線,勝どき,35.6505533,139.7736279
シティタワーズ東京ベイ　イーストタワー,東京都江東区有明２,りんかい線「国際展示場」徒歩8分,2019年7月,298000000.0,2LDK,109.83,44.79,東京,江東,77,29800.0,895,りんかい線,国際展示場,35.6388488,139.7946064
クラッシィタワー新宿御苑,東京都新宿区四谷４,東京メトロ丸ノ内線「新宿御苑前」徒歩5分,2024年10月,298000000.0,3LDK,71.88,13.0,東京,新宿,14,29800.0,1368,東京メトロ丸ノ内線,新宿御苑前,35.6894241,139.7160301
パークコート乃木坂ザタワー,東京都港区南青山１,東京メトロ千代田線「乃木坂」徒歩2分,2019年1月,298000000.0,2LDK,56.14,11.39,東京,港,83,29800.0,1752,東京メトロ千代田線,乃木坂,35.6689177,139.7249685
ドゥ・トゥールWEST棟　,東京都中央区晴海３,都営大江戸線「勝どき」徒歩5分,2015年9月,298000000.0,3LDK,100.9,7.15,東京,中央,123,29800.0,975,都営大江戸線,勝どき,35.6548467,139.7786272
グランドヒルズ恵比寿,東京都渋谷区恵比寿１,ＪＲ山手線「恵比寿」徒歩7分,2019年3月,298000000.0,2LDK+S（納戸）,67.02,12.15,東京,渋谷,81,29800.0,1467,ＪＲ山手線,恵比寿,35.64709,139.7134765
ブランズタワー豊洲,東京都江東区豊洲５-1-13,東京メトロ有楽町線「豊洲」徒歩5分,2021年10月,298000000.0,2LDK,85.57,39.07,東京,江東,50,29800.0,1149,東京メトロ有楽町線,豊洲,35.6520776,139.7941746
ＴＨＥ　ＴＯＫＹＯ　ＴＯＷＥＲＳ　ＭＩＤ　ＴＯＷＥＲ,東京都中央区勝どき６,都営大江戸線「勝どき」徒歩6分,2008年1月,298000000.0,2LDK,120.17,8.52,東京,中央,215,29800.0,818,都営大江戸線,勝どき,35.6550953,139.7735148
MID TOWER GRAND,東京都中央区月島１,東京メトロ有楽町線「月島」徒歩2分,2020年10月,298000000.0,2LDK,75.23,17.86,東京,中央,62,29800.0,1307,東京メトロ有楽町線,月島,35.6644207,139.7824618
芝浦アイランドグローヴタワー,東京都港区芝浦４,ＪＲ山手線「田町」徒歩8分,2006年11月,298000000.0,2LDK,98.58,11.26,東京,港,229,29800.0,998,ＪＲ山手線,田町,35.6400662,139.7460429
ＨＡＲＵＭＩ　ＦＬＡＧ　ＰＡＲＫ　ＶＩＬＬＡＧＥ　Ｔ…,東京都中央区晴海５,都営大江戸線「勝どき」徒歩15分,2025年9月,298000000.0,2LDK,80.32,19.73,東京,中央,3,29800.0,1224,都営大江戸線,勝どき,35.6490356,139.7741538
プレミストタワー白金高輪,東京都港区高輪１,都営三田線「白金高輪」徒歩1分,2022年11月,298000000.0,2LDK,71.54,5.7,東京,港,37,29800.0,1375,都営三田線,白金高輪,35.6403663,139.7339083
クレストプライムタワー芝,東京都港区芝１,ＪＲ山手線「浜松町」徒歩7分,2007年8月,298000000.0,3LDK,83.89,6.43,東京,港,220,29800.0,1172,ＪＲ山手線,浜松町,35.65127349999999,139.7546664
ＨＡＲＵＭＩ　ＦＬＡＧ　ＰＡＲＫ　ＶＩＬＬＡＧＥ　Ｔ…,東京都中央区晴海５-6－7,都営大江戸線「勝どき」徒歩15分,2025年9月,298000000.0,2LDK,80.32,19.73,東京,中央,3,29800.0,1224,都営大江戸線,勝どき,35.6497754,139.7745565
ＧＬＯＢＡＬ　ＦＲＯＮＴ　ＴＯＷＥＲ,東京都港区芝浦１,ＪＲ山手線「田町」徒歩10分,2015年9月,298000000.0,2LDK,83.88,13.92,東京,港,123,29800.0,1172,ＪＲ山手線,田町,35.6485621,139.754347
ブランズタワー豊洲,東京都江東区豊洲５,東京メトロ有楽町線「豊洲」徒歩4分,2021年10月,298000000.0,2LDK,85.57,39.07,東京,江東,50,29800.0,1149,東京メトロ有楽町線,豊洲,35.6505285,139.7965242
アトラスタワー白金レジデンシャル,東京都港区白金１,東京メトロ南北線「白金高輪」徒歩3分,2023年7月,298000000.0,3LDK,77.15,17.19,東京,港,29,29800.0,1275,東京メトロ南北線,白金高輪,35.6449583,139.7339083
ブランズタワー豊洲,東京都江東区豊洲５,東京メトロ有楽町線「豊洲」徒歩4分,2021年10月,298000000.0,3LDK,84.79,33.1,東京,江東,50,29800.0,1160,東京メトロ有楽町線,豊洲,35.6505285,139.7965242
シティタワー新宿,東京都新宿区西新宿５,東京メトロ丸ノ内線「西新宿」徒歩8分,2023年2月,298000000.0,2LDK,83.79,23.36,東京,新宿,34,29800.0,1174,東京メトロ丸ノ内線,西新宿,35.6948318,139.6866706
HARUMI FLAG　PARK VILLAGE　T…,東京都中央区晴海５,都営大江戸線「勝どき」徒歩15分,2025年10月,298000000.0,2LDK,80.32,19.73,東京,中央,2,29800.0,1224,都営大江戸線,勝どき,35.6490356,139.7741538
パークタワー晴海,東京都中央区晴海２,東京メトロ有楽町線「月島」徒歩12分,2019年2月,298000000.0,4LDK,95.43,22.79,東京,中央,82,29800.0,1030,東京メトロ有楽町線,月島,35.6564518,139.7869359
ブランズタワー豊洲,東京都江東区豊洲５,東京メトロ有楽町線「豊洲」徒歩5分,2021年10月,298000000.0,2LDK,85.57,39.07,東京,江東,50,29800.0,1149,東京メトロ有楽町線,豊洲,35.6505285,139.7965242
ＨＡＲＵＭＩ　ＦＬＡＧ　ＰＡＲＫ　ＶＩＬＬＡＧＥ　Ｔ…,東京都中央区晴海５,都営大江戸線「勝どき」徒歩15分,2025年8月,298000000.0,2LDK,80.32,19.73,東京,中央,4,29800.0,1224,都営大江戸線,勝どき,35.6490356,139.7741538
ザ・パークハウス西麻布レジデンス,東京都港区西麻布４,東京メトロ日比谷線「広尾」徒歩6分,2014年5月,298000000.0,2LDK,72.4,0.0,東京,港,139,29800.0,1358,東京メトロ日比谷線,広尾,35.6581991,139.7211376
ブランズタワー豊洲,東京都江東区豊洲５,東京メトロ有楽町線「豊洲」徒歩5分,2021年10月,298000000.0,2LDK,85.57,39.07,東京,江東,50,29800.0,1149,東京メトロ有楽町線,豊洲,35.6505285,139.7965242
ブランズタワー豊洲,東京都江東区豊洲５,東京メトロ有楽町線「豊洲」徒歩5分,2021年10月,298000000.0,2LDK,85.57,39.07,東京,江東,50,29800.0,1149,東京メトロ有楽町線,豊洲,35.6505285,139.7965242
ザ・パークハウス西麻布レジデンス,東京都港区西麻布４,東京メトロ日比谷線「広尾」徒歩6分,2014年5月,298000000.0,2LDK,72.4,5.66,東京,港,139,29800.0,1358,東京メトロ日比谷線,広尾,35.6581991,139.7211376
ドゥ・トゥールＷＥＳＴ,東京都中央区晴海３,都営大江戸線「勝どき」徒歩5分,2015年9月,298000000.0,3LDK,100.9,7.15,東京,中央,123,29800.0,975,都営大江戸線,勝どき,35.6548467,139.7786272
プラウドタワー芝浦,東京都港区芝浦４,ＪＲ山手線「田町」徒歩12分,2023年1月,298800000.0,3LDK,82.29,20.78,東京,港,35,29880.0,1198,ＪＲ山手線,田町,35.6400662,139.7460429
ザ・パークハウス晴海タワーズ ティアロレジデンス,東京都中央区晴海２,東京メトロ有楽町線「月島」徒歩13分,2016年4月,298900000.0,2LDK,85.65,18.16,東京,中央,116,29890.0,1152,東京メトロ有楽町線,月島,35.6564518,139.7869359
WORLD TOWER RESIDENCE,東京都港区浜松町２-3-23,ＪＲ山手線「浜松町」徒歩2分,2024年11月,299000000.0,2LDK,57.13,11.31,東京,港,13,29900.0,1727,ＪＲ山手線,浜松町,35.6546933,139.7553323
WORLD TOWER　RECIDENCE,東京都港区浜松町２,ＪＲ山手線「浜松町」徒歩2分,2024年11月,299000000.0,2LDK,57.13,11.31,東京,港,13,29900.0,1727,ＪＲ山手線,浜松町,35.6548149,139.7556247
WORLD TOWER RESIDENCE,東京都港区浜松町２,ＪＲ山手線「浜松町」徒歩2分,2024年11月,299000000.0,2LDK,57.13,11.31,東京,港,13,29900.0,1727,ＪＲ山手線,浜松町,35.6548149,139.7556247
パークシティ武蔵小山ザタワー,東京都品川区小山３,東急目黒線「武蔵小山」徒歩1分,2019年12月,299000000.0,3LDK,82.84,16.22,東京,品川,72,29900.0,1191,東急目黒線,武蔵小山,35.6205453,139.7045399
WORLD　TOWER　RESIDENCE,東京都港区浜松町２,ＪＲ山手線「浜松町」徒歩2分,2024年11月,299000000.0,2LDK,57.13,11.31,東京,港,13,29900.0,1727,ＪＲ山手線,浜松町,35.6548149,139.7556247
ＷＯＲＬＤ　ＴＯＷＥＲ　ＲＥＳＩＤＥＮＣＥ,東京都港区浜松町２,ＪＲ山手線「浜松町」徒歩2分,2024年11月,299000000.0,2LDK,56.68,11.63,東京,港,13,29900.0,1741,ＪＲ山手線,浜松町,35.6548149,139.7556247
シティタワーズ東京ベイウエストタワー,東京都江東区有明２,新交通ゆりかもめ「有明」徒歩3分,2019年7月,299800000.0,3LDK,100.62,27.01,東京,江東,77,29980.0,983,新交通ゆりかもめ,有明,35.6388488,139.7946064
パークコート虎ノ門愛宕タワー,東京都港区虎ノ門３,東京メトロ日比谷線「神谷町」徒歩4分,2008年4月,299800000.0,2LDK,64.26,27.6,東京,港,212,29980.0,1540,東京メトロ日比谷線,神谷町,35.6642718,139.747001
芝パークタワー,東京都港区芝３,都営浅草線「三田」徒歩3分,2001年5月,299900000.0,3LDK,89.66,10.45,東京,港,295,29990.0,1104,都営浅草線,三田,35.6523773,139.7466817
芝パーク・タワー,東京都港区芝３,都営浅草線「三田」徒歩5分,2001年5月,299900000.0,2LDK,89.66,10.45,東京,港,295,29990.0,1104,都営浅草線,三田,35.6523773,139.7466817
ブリリア・ザ・タワー東京八重洲アベニュー,東京都中央区新川２,東京メトロ日比谷線「八丁堀」徒歩1分,2017年9月,299900000.0,3LDK,75.06,15.9,東京,中央,99,29990.0,1319,東京メトロ日比谷線,八丁堀,35.6736061,139.7824618
芝パーク・タワー,東京都港区芝３,都営三田線「三田」徒歩3分,2001年5月,299900000.0,3LDK,89.66,10.45,東京,港,295,29990.0,1104,都営三田線,三田,35.6523773,139.7466817
芝パーク・タワー,東京都港区芝３,都営浅草線「三田」徒歩5分,2001年5月,299900000.0,3LDK,89.66,10.45,東京,港,295,29990.0,1104,都営浅草線,三田,35.6523773,139.7466817
カテリーナ三田タワースイートＥ,東京都港区芝４-16-2,ＪＲ山手線「田町」徒歩5分,2006年8月,300000000.0,2LDK,70.31,7.08,東京,港,232,30000.0,1408,ＪＲ山手線,田町,35.6477003,139.7510162
芝浦アイランドグローヴタワー,東京都港区芝浦４-21-1,ＪＲ山手線「田町」徒歩8分,2006年11月,300000000.0,3LDK+S（納戸）,98.52,7.07,東京,港,229,30000.0,1005,ＪＲ山手線,田町,35.6405594,139.7512802
大崎ウエストシティタワーズE棟,東京都品川区大崎２,ＪＲ山手線「大崎」徒歩4分,2009年9月,300000000.0,3LDK,99.98,5.44,東京,品川,195,30000.0,990,ＪＲ山手線,大崎,35.6177742,139.7262455
ベイサイドタワー晴海,東京都中央区晴海３,都営大江戸線「勝どき」徒歩7分,2015年10月,300000000.0,2LDK,72.4,11.28,東京,中央,122,30000.0,1367,都営大江戸線,勝どき,35.6548467,139.7786272
コンシェリア西新宿TOWER’S WEST,東京都新宿区西新宿６,都営大江戸線「西新宿五丁目」徒歩6分,2008年1月,300000000.0,3LDK,106.96,18.72,東京,新宿,215,30000.0,926,都営大江戸線,西新宿五丁目,35.6929304,139.6904993
カテリーナ三田タワーイースト,東京都港区芝４,ＪＲ山手線「田町」徒歩5分,2006年8月,300000000.0,2LDK,70.31,7.08,東京,港,232,30000.0,1408,ＪＲ山手線,田町,35.6481737,139.7505142
カテリーナ三田タワースイート　イーストアーク,東京都港区芝４,都営三田線「三田」徒歩3分,2006年8月,300000000.0,2LDK,70.31,7.08,東京,港,232,30000.0,1408,都営三田線,三田,35.6481737,139.7505142
ＨＡＲＵＭＩ　ＦＬＡＧ　ＳＵＮ　ＶＩＬＬＡＧＥ　Ｔ棟,東京都中央区晴海５,都営大江戸線「勝どき」徒歩14分,2025年8月,300000000.0,2LDK,90.5,21.12,東京,中央,4,30000.0,1094,都営大江戸線,勝どき,35.6490356,139.7741538
カテリーナ三田タワースイート,東京都港区芝４-16-2,都営浅草線「三田」徒歩3分,2006年8月,300000000.0,2LDK,70.31,7.08,東京,港,232,30000.0,1408,都営浅草線,三田,35.6477003,139.7510162
カテリーナ三田タワースイート,東京都港区芝４,都営三田線「三田」徒歩3分,2006年8月,300000000.0,2LDK,70.31,7.08,東京,港,232,30000.0,1408,都営三田線,三田,35.6481737,139.7505142
カテリーナ三田タワースイート,東京都港区芝４,ＪＲ山手線「田町」徒歩5分,2005年8月,300000000.0,2LDK,70.31,7.08,東京,港,244,30000.0,1408,ＪＲ山手線,田町,35.6481737,139.7505142
カテリーナ三田タワースイート,東京都港区芝公園４,都営浅草線「三田」徒歩3分,2006年8月,300000000.0,2LDK,70.31,10.09,東京,港,232,30000.0,1408,都営浅草線,三田,35.6563336,139.7479592
品川Ｖタワー　タワー棟,東京都港区港南２,ＪＲ山手線「品川」徒歩6分,2003年3月,300000000.0,2LDK,80.0,11.61,東京,港,273,30000.0,1238,ＪＲ山手線,品川,35.6275595,139.7434881
東京タワーを望む角部屋住戸～カテリーナ三田タワースイ…,東京都港区芝４,都営浅草線「三田」徒歩3分,2006年8月,300000000.0,2LDK,70.31,7.08,東京,港,232,30000.0,1408,都営浅草線,三田,35.6481737,139.7505142
プライムパークス品川シーサイドザ・タワー,東京都品川区東品川４,りんかい線「品川シーサイド」徒歩3分,2019年1月,300000000.0,3LDK,111.18,12.02,東京,品川,83,30000.0,890,りんかい線,品川シーサイド,35.6089355,139.7485979
カテリーナ三田タワースイート,東京都港区芝４,ＪＲ山手線「田町」徒歩5分,2006年8月,300000000.0,2LDK,70.31,7.08,東京,港,232,30000.0,1408,ＪＲ山手線,田町,35.6481737,139.7505142
プライムパークス品川シーサイドザ・タワー,東京都品川区東品川４-11-36,りんかい線「品川シーサイド」徒歩5分,2019年1月,300000000.0,3LDK,111.18,13.0,東京,品川,83,30000.0,890,りんかい線,品川シーサイド,35.6078114,139.7479096
プライムパークス品川シーサイドザ・タワー,東京都品川区東品川４,りんかい線「品川シーサイド」徒歩3分,2019年1月,300000000.0,3LDK,111.18,13.0,東京,品川,83,30000.0,890,りんかい線,品川シーサイド,35.6089355,139.7485979
カテリーナ三田タワースイート　イーストアーク,東京都港区芝４,都営浅草線「三田」徒歩3分,2006年8月,300000000.0,2LDK,70.31,7.08,東京,港,232,30000.0,1408,都営浅草線,三田,35.6481737,139.7505142
カテリーナ三田タワースイート イーストアーク,東京都港区芝４,都営浅草線「三田」徒歩3分,2006年8月,300000000.0,2LDK,70.31,7.08,東京,港,232,30000.0,1408,都営浅草線,三田,35.6481737,139.7505142
コンシェリア西新宿TOWER’S WEST,東京都新宿区西新宿６,都営大江戸線「西新宿五丁目」徒歩7分,2008年4月,300000000.0,3LDK,106.96,18.72,東京,新宿,212,30000.0,926,都営大江戸線,西新宿五丁目,35.6929304,139.6904993
プライムパークス品川シーサイドザ・タワー,東京都品川区東品川４,りんかい線「品川シーサイド」徒歩4分,2019年1月,300000000.0,3LDK,111.18,13.0,東京,品川,83,30000.0,890,りんかい線,品川シーサイド,35.6089355,139.7485979
カテリーナ三田タワースイート,東京都港区芝４,ＪＲ山手線「田町」徒歩5分,2006年8月,300000000.0,2LDK,70.31,7.08,東京,港,232,30000.0,1408,ＪＲ山手線,田町,35.6481737,139.7505142
カテリーナ三田タワースイート,東京都港区芝４,都営三田線「三田」徒歩3分,2006年8月,300000000.0,2LDK,70.31,7.08,東京,港,232,30000.0,1408,都営三田線,三田,35.6481737,139.7505142
富久クロスコンフォートタワー,東京都新宿区富久町,東京メトロ丸ノ内線「新宿御苑前」徒歩7分,2015年4月,305000000.0,2LDK,61.07,8.46,東京,新宿,128,30500.0,1648,東京メトロ丸ノ内線,新宿御苑前,35.6934999,139.7147533
富久クロスコンフォートタワー,東京都新宿区富久町１５-１,東京メトロ丸ノ内線「新宿御苑前」徒歩5分,2015年4月,305000000.0,2LDK,61.07,6.2,東京,新宿,128,30500.0,1648,東京メトロ丸ノ内線,新宿御苑前,35.6919473,139.7139397
ベイサイドタワー晴海,東京都中央区晴海３-16-1,都営大江戸線「勝どき」徒歩7分,2015年10月,305800000.0,2LDK,72.4,11.28,東京,中央,122,30580.0,1394,都営大江戸線,勝どき,35.6540045,139.7778683
ベイサイドタワー晴海,東京都中央区晴海３-16-1,都営大江戸線「勝どき」徒歩7分,2015年10月,305800000.0,2LDK,72.4,11.28,東京,中央,122,30580.0,1394,都営大江戸線,勝どき,35.6540045,139.7778683
ベイサイドタワー晴海,東京都中央区晴海３,都営大江戸線「勝どき」徒歩6分,2015年10月,305800000.0,2LDK,72.4,11.28,東京,中央,122,30580.0,1394,都営大江戸線,勝どき,35.6548467,139.7786272
ベイサイドタワー晴海,東京都中央区晴海３,都営大江戸線「勝どき」徒歩7分,2015年10月,305800000.0,2LDK,72.4,11.28,東京,中央,122,30580.0,1394,都営大江戸線,勝どき,35.6548467,139.7786272
ベイサイドタワー晴海,東京都中央区晴海３,都営大江戸線「勝どき」徒歩7分,2015年10月,305800000.0,2LDK,72.4,11.28,東京,中央,122,30580.0,1394,都営大江戸線,勝どき,35.6548467,139.7786272
ベイサイドタワー晴海,東京都中央区晴海３,都営大江戸線「勝どき」徒歩7分,2015年10月,305800000.0,2LDK,72.4,11.28,東京,中央,122,30580.0,1394,都営大江戸線,勝どき,35.6548467,139.7786272
白金ザ・スカイ,東京都港区白金１,東京メトロ南北線「白金高輪」徒歩3分,2023年2月,308000000.0,2LDK,68.03,7.4,東京,港,34,30800.0,1494,東京メトロ南北線,白金高輪,35.6449583,139.7339083
白金ザ・スカイ E棟,東京都港区白金１,東京メトロ南北線「白金高輪」徒歩3分,2023年2月,308000000.0,2LDK,68.03,7.4,東京,港,34,30800.0,1494,東京メトロ南北線,白金高輪,35.6449583,139.7339083
白金ザ・スカイ,東京都港区白金１-2-1,東京メトロ南北線「白金高輪」徒歩3分,2023年2月,308000000.0,2LDK,68.03,7.4,東京,港,34,30800.0,1494,東京メトロ南北線,白金高輪,35.6460844,139.7351057
白金ザ・スカイ,東京都港区白金１,東京メトロ南北線「白金高輪」徒歩3分,2023年2月,308000000.0,2LDK+S（納戸）,68.03,7.4,東京,港,34,30800.0,1494,東京メトロ南北線,白金高輪,35.6449583,139.7339083
BrilliaTower上野池之端（ブリリアタワー上…,東京都台東区池之端１-４－３３,ＪＲ山手線「上野」徒歩10分,2019年2月,308000000.0,2LDK,71.34,18.75,東京,台東,82,30800.0,1425,ＪＲ山手線,上野,35.7110713,139.7683577
白金ザ・スカイW,東京都港区白金１,東京メトロ南北線「白金高輪」徒歩3分,2023年2月,308000000.0,2LDK,61.53,7.6,東京,港,34,30800.0,1652,東京メトロ南北線,白金高輪,35.6449583,139.7339083
白金ザ・スカイWEST,東京都港区白金１-2-2,都営三田線「白金高輪」徒歩3分,2023年2月,308000000.0,2LDK,61.53,7.6,東京,港,34,30800.0,1652,都営三田線,白金高輪,35.6462101,139.7339881
白金ザ・スカイ WEST,東京都港区白金１,東京メトロ南北線「白金高輪」徒歩3分,2023年2月,308000000.0,2LDK,61.53,7.6,東京,港,34,30800.0,1652,東京メトロ南北線,白金高輪,35.6449583,139.7339083
ベイサイドタワー晴海,東京都中央区晴海３,都営大江戸線「勝どき」徒歩7分,2015年9月,308000000.0,3LDK,76.13,7.35,東京,中央,123,30800.0,1335,都営大江戸線,勝どき,35.6548467,139.7786272
白金ザ・スカイ　ＷＥＳＴ棟,東京都港区白金１,東京メトロ南北線「白金高輪」徒歩3分,2023年2月,308000000.0,2LDK,61.53,7.6,東京,港,34,30800.0,1652,東京メトロ南北線,白金高輪,35.6449583,139.7339083
ベイサイドタワー晴海 最上階,東京都中央区晴海３,都営大江戸線「勝どき」徒歩7分,2015年9月,308000000.0,3LDK,76.13,7.35,東京,中央,123,30800.0,1335,都営大江戸線,勝どき,35.6548467,139.7786272
白金ザ・スカイ 東棟,東京都港区白金１,東京メトロ南北線「白金高輪」徒歩3分,2023年2月,308000000.0,2LDK,68.03,7.4,東京,港,34,30800.0,1494,東京メトロ南北線,白金高輪,35.6449583,139.7339083
白金ザ・スカイ EAST棟,東京都港区白金１,東京メトロ南北線「白金高輪」徒歩3分,2023年2月,308000000.0,2LDK,68.03,7.4,東京,港,34,30800.0,1494,東京メトロ南北線,白金高輪,35.6449583,139.7339083
白金ザ・スカイ東棟,東京都港区白金１,東京メトロ南北線「白金高輪」徒歩4分,2023年2月,308000000.0,2LDK+S（納戸）,68.03,7.4,東京,港,34,30800.0,1494,東京メトロ南北線,白金高輪,35.6449583,139.7339083
クラッシィタワー新宿御苑,東京都新宿区四谷４-29-3,東京メトロ丸ノ内線「新宿御苑前」徒歩4分,2024年10月,310000000.0,2LDK,74.92,6.5,東京,新宿,14,31000.0,1365,東京メトロ丸ノ内線,新宿御苑前,35.6881684,139.7148175
クラッシィタワー新宿御苑,東京都新宿区四谷４,東京メトロ丸ノ内線「新宿御苑前」徒歩4分,2024年10月,310000000.0,2LDK,74.92,6.5,東京,新宿,14,31000.0,1365,東京メトロ丸ノ内線,新宿御苑前,35.6894241,139.7160301
クラッシィタワー新宿御苑,東京都新宿区四谷４,東京メトロ丸ノ内線「新宿御苑前」徒歩4分,2024年10月,310000000.0,2LDK,74.92,6.5,東京,新宿,14,31000.0,1365,東京メトロ丸ノ内線,新宿御苑前,35.6894241,139.7160301
5駅10路線利用可能～パークコート浜離宮ザタワー　2…,東京都港区浜松町１,ＪＲ山手線「浜松町」徒歩5分,2019年2月,310000000.0,2LDK,60.69,15.72,東京,港,82,31000.0,1686,ＪＲ山手線,浜松町,35.658259,139.7556247
クラッシィタワー新宿御苑,東京都新宿区四谷４,東京メトロ丸ノ内線「新宿御苑前」徒歩4分,2024年10月,310000000.0,2LDK,74.92,6.5,東京,新宿,14,31000.0,1365,東京メトロ丸ノ内線,新宿御苑前,35.6894241,139.7160301
クラッシィタワー新宿御苑,東京都新宿区四谷４,東京メトロ丸ノ内線「新宿御苑前」徒歩4分,2024年10月,310000000.0,2LDK,74.92,6.5,東京,新宿,14,31000.0,1365,東京メトロ丸ノ内線,新宿御苑前,35.6894241,139.7160301
パークタワー芝公園,東京都港区芝３,都営三田線「芝公園」徒歩4分,2012年10月,310000000.0,2LDK+S（納戸）,71.14,5.46,東京,港,158,31000.0,1438,都営三田線,芝公園,35.6523773,139.7466817
■■クラッシィタワー新宿御苑■■新築未入居ブランドマ…,東京都新宿区四谷４,東京メトロ丸ノ内線「新宿御苑前」徒歩4分,2024年10月,310000000.0,2LDK,74.92,6.5,東京,新宿,14,31000.0,1365,東京メトロ丸ノ内線,新宿御苑前,35.6894241,139.7160301
クラッシィタワー新宿御苑　1703号室,東京都新宿区四谷４,東京メトロ丸ノ内線「新宿御苑前」徒歩4分,2024年10月,310000000.0,2LDK,74.92,6.5,東京,新宿,14,31000.0,1365,東京メトロ丸ノ内線,新宿御苑前,35.6894241,139.7160301
クラッシィタワー新宿御苑,東京都新宿区四谷４-29-3,東京メトロ丸ノ内線「新宿御苑前」徒歩4分,2024年10月,310000000.0,2LDK,74.92,6.5,東京,新宿,14,31000.0,1365,東京メトロ丸ノ内線,新宿御苑前,35.6881684,139.7148175
クラッシィタワー新宿御苑,東京都新宿区四谷４,東京メトロ丸ノ内線「新宿御苑前」徒歩4分,2024年10月,310000000.0,2LDK,74.92,6.5,東京,新宿,14,31000.0,1365,東京メトロ丸ノ内線,新宿御苑前,35.6894241,139.7160301
クラッシィタワー新宿御苑,東京都新宿区四谷４,東京メトロ丸ノ内線「新宿御苑前」徒歩4分,2024年10月,310000000.0,2LDK,74.92,6.5,東京,新宿,14,31000.0,1365,東京メトロ丸ノ内線,新宿御苑前,35.6894241,139.7160301
クラッシィタワー新宿御苑,東京都新宿区四谷４,東京メトロ丸ノ内線「新宿御苑前」徒歩4分,2024年10月,310000000.0,2LDK,74.92,6.5,東京,新宿,14,31000.0,1365,東京メトロ丸ノ内線,新宿御苑前,35.6894241,139.7160301
クラッシィタワー新宿御苑 ,東京都新宿区四谷４,東京メトロ丸ノ内線「新宿御苑前」徒歩4分,2024年10月,310000000.0,2LDK,74.92,6.5,東京,新宿,14,31000.0,1365,東京メトロ丸ノ内線,新宿御苑前,35.6894241,139.7160301
クラッシィタワー新宿御苑,東京都新宿区四谷４,東京メトロ丸ノ内線「新宿御苑前」徒歩5分,2024年10月,310000000.0,2LDK,74.92,6.5,東京,新宿,14,31000.0,1365,東京メトロ丸ノ内線,新宿御苑前,35.6894241,139.7160301
パークコート浜離宮ザタワー,東京都港区浜松町１,都営大江戸線「大門」徒歩5分,2019年2月,310000000.0,2LDK,60.69,15.72,東京,港,82,31000.0,1686,都営大江戸線,大門,35.658259,139.7556247
コートレジデントタワー,東京都文京区後楽１,ＪＲ総武線「水道橋」徒歩4分,2007年1月,310000000.0,2LDK,90.53,9.35,東京,文京,227,31000.0,1130,ＪＲ総武線,水道橋,35.7044131,139.7505142
東京ツインパークス　レフトウィング,東京都港区東新橋１,都営大江戸線「汐留」徒歩3分,2002年9月,310000000.0,2LDK,88.81,7.81,東京,港,279,31000.0,1152,都営大江戸線,汐留,35.664582,139.7613745
クラッシィタワー新宿御苑,東京都新宿区四谷４,東京メトロ丸ノ内線「新宿御苑前」徒歩4分,2024年10月,310000000.0,2LDK,74.92,6.5,東京,新宿,14,31000.0,1365,東京メトロ丸ノ内線,新宿御苑前,35.6894241,139.7160301
芝浦アイランドグローヴタワー,東京都港区芝浦４,ＪＲ山手線「田町」徒歩8分,2006年11月,313800000.0,3LDK,99.65,11.46,東京,港,229,31380.0,1039,ＪＲ山手線,田町,35.6400662,139.7460429
【新規フルリノベーション実施！】カテリーナ三田タワー…,東京都港区芝４,都営三田線「三田」徒歩3分,2006年8月,315000000.0,3LDK,94.74,11.31,東京,港,232,31500.0,1097,都営三田線,三田,35.6481737,139.7505142
パークハウス芝タワー,東京都港区芝３,都営三田線「芝公園」徒歩3分,2004年9月,315000000.0,2LDK,103.43,15.26,東京,港,255,31500.0,1005,都営三田線,芝公園,35.6523773,139.7466817
プラウドタワー千代田富士見,東京都千代田区富士見２,ＪＲ中央線「飯田橋」徒歩1分,2009年2月,315000000.0,3LDK,89.84,11.17,東京,千代田,202,31500.0,1157,ＪＲ中央線,飯田橋,35.6978957,139.7428494
ドゥ・トゥール　ＥＡＳＴ,東京都中央区晴海３,都営大江戸線「勝どき」徒歩5分,2015年9月,318000000.0,2LDK,72.95,7.57,東京,中央,123,31800.0,1439,都営大江戸線,勝どき,35.6548467,139.7786272
勝どきザ・タワー,東京都中央区勝どき５,都営大江戸線「勝どき」徒歩8分,2016年11月,318000000.0,2LDK,100.05,12.13,東京,中央,109,31800.0,1049,都営大江戸線,勝どき,35.657516,139.7709587
KACHIDOKI THE TOWER 勝どき　ザ・…,東京都中央区勝どき５,都営大江戸線「勝どき」徒歩7分,2016年11月,318000000.0,2LDK+S（納戸）,100.9,8.0,東京,中央,109,31800.0,1040,都営大江戸線,勝どき,35.657516,139.7709587
パークコート虎ノ門愛宕タワー,東京都港区虎ノ門３,東京メトロ日比谷線「神谷町」徒歩4分,2008年4月,318000000.0,2LDK,65.53,12.7,東京,港,212,31800.0,1601,東京メトロ日比谷線,神谷町,35.6642718,139.747001
勝どきザ・タワー,東京都中央区勝どき５,都営大江戸線「勝どき」徒歩8分,2016年11月,318000000.0,2LDK+S（納戸）,100.05,0.0,東京,中央,109,31800.0,1049,都営大江戸線,勝どき,35.657516,139.7709587
高輪ザ・レジデンス,東京都港区高輪１,都営浅草線「高輪台」徒歩7分,2005年10月,318000000.0,3LDK,100.11,9.19,東京,港,242,31800.0,1048,都営浅草線,高輪台,35.6403663,139.7339083
パークタワー西新宿,東京都新宿区西新宿５,都営大江戸線「西新宿五丁目」徒歩8分,2024年11月,318000000.0,3LDK,90.99,19.11,東京,新宿,13,31800.0,1153,都営大江戸線,西新宿五丁目,35.6948318,139.6866706
パークコート浜離宮　ザ　タワー,東京都港区浜松町１,ＪＲ山手線「浜松町」徒歩5分,2019年2月,318000000.0,2LDK,62.4,19.8,東京,港,82,31800.0,1682,ＪＲ山手線,浜松町,35.658259,139.7556247
勝どきザ・タワー,東京都中央区勝どき５,都営大江戸線「勝どき」徒歩6分,2016年11月,318000000.0,2LDK+S（納戸）,100.05,12.13,東京,中央,109,31800.0,1049,都営大江戸線,勝どき,35.657516,139.7709587
勝どきザ・タワー,東京都中央区勝どき５,都営大江戸線「勝どき」徒歩7分,2016年11月,318000000.0,2LDK+S（納戸）,100.05,1.0,東京,中央,109,31800.0,1049,都営大江戸線,勝どき,35.657516,139.7709587
高輪ザ・レジデンス,東京都港区高輪１,都営浅草線「高輪台」徒歩7分,2005年10月,318000000.0,3LDK,100.11,9.19,東京,港,242,31800.0,1048,都営浅草線,高輪台,35.6403663,139.7339083
勝どきザ・タワー,東京都中央区勝どき５,都営大江戸線「勝どき」徒歩6分,2016年11月,318000000.0,2LDK+S（納戸）,79.84,9.87,東京,中央,109,31800.0,1314,都営大江戸線,勝どき,35.657516,139.7709587
グランドヒルズ恵比寿,東京都渋谷区恵比寿１,ＪＲ山手線「恵比寿」徒歩8分,2019年3月,319800000.0,2LDK,79.23,9.61,東京,渋谷,81,31980.0,1332,ＪＲ山手線,恵比寿,35.64709,139.7134765
シティタワーズ豊洲ザ・シンボル,東京都江東区豊洲３,東京メトロ有楽町線「豊洲」徒歩11分,2009年12月,319800000.0,2LDK,118.55,5.68,東京,江東,192,31980.0,890,東京メトロ有楽町線,豊洲,35.6585681,139.7965242
芝浦アイランドグローヴタワー,東京都港区芝浦４,ＪＲ山手線「田町」徒歩8分,2006年11月,319800000.0,2LDK,98.52,7.07,東京,港,229,31980.0,1071,ＪＲ山手線,田町,35.6400662,139.7460429
代官山アドレス,東京都渋谷区代官山町17-1,東急東横線「代官山」徒歩1分,2000年8月,319900000.0,2LDK,73.84,15.58,東京,渋谷,304,31990.0,1430,東急東横線,代官山,35.6493244,139.7035315
代官山アドレス ザ・タワー,東京都渋谷区代官山町,東急東横線「代官山」徒歩1分,2000年8月,319900000.0,2LDK,73.84,15.58,東京,渋谷,304,31990.0,1430,東急東横線,代官山,35.6505465,139.7042207
代官山アドレスザ・タワー,東京都渋谷区代官山町,東急東横線「代官山」徒歩1分,2000年8月,319900000.0,2LDK,73.84,15.58,東京,渋谷,304,31990.0,1430,東急東横線,代官山,35.6505465,139.7042207
クラッシィタワー新宿御苑,東京都新宿区四谷４,東京メトロ丸ノ内線「新宿御苑前」徒歩4分,2024年10月,320000000.0,2LDK,74.92,6.5,東京,新宿,14,32000.0,1410,東京メトロ丸ノ内線,新宿御苑前,35.6894241,139.7160301
クラッシィタワー新宿御苑,東京都新宿区四谷４,東京メトロ丸ノ内線「新宿御苑前」徒歩4分,2024年10月,320000000.0,2LDK,74.92,6.5,東京,新宿,14,32000.0,1410,東京メトロ丸ノ内線,新宿御苑前,35.6894241,139.7160301
アトラスタワー六本木,東京都港区六本木７,東京メトロ日比谷線「六本木」徒歩3分,2010年2月,320000000.0,1LDK,70.29,10.8,東京,港,190,32000.0,1502,東京メトロ日比谷線,六本木,35.6642047,139.7275226
パークタワー勝どきサウス,東京都中央区勝どき４,都営大江戸線「勝どき」徒歩2分,2023年8月,320000000.0,3LDK,83.22,8.8,東京,中央,28,32000.0,1269,都営大江戸線,勝どき,35.6572676,139.7760709
プラウドタワー芝浦,東京都港区芝浦４,ＪＲ山手線「田町」徒歩11分,2023年1月,320000000.0,3LDK,79.07,12.39,東京,港,35,32000.0,1336,ＪＲ山手線,田町,35.6400662,139.7460429
豊洲シエルタワー,東京都江東区豊洲５,東京メトロ有楽町線「豊洲」徒歩1分,2006年9月,320000000.0,3LDK,84.27,14.73,東京,江東,231,32000.0,1253,東京メトロ有楽町線,豊洲,35.6505285,139.7965242
恵比寿ガーデンテラス壱番館,東京都目黒区三田１,ＪＲ山手線「恵比寿」徒歩10分,1994年7月,320000000.0,2LDK,84.62,27.57,東京,目黒,377,32000.0,1248,ＪＲ山手線,恵比寿,35.6407158,139.7147533
富久クロス　コンフォートタワー,東京都新宿区富久町,東京メトロ丸ノ内線「新宿御苑前」徒歩7分,2015年4月,321900000.0,3LDK,81.79,8.92,東京,新宿,128,32190.0,1299,東京メトロ丸ノ内線,新宿御苑前,35.6934999,139.7147533
富久クロスコンフォートタワー,東京都新宿区富久町,東京メトロ丸ノ内線「新宿御苑前」徒歩7分,2015年4月,321900000.0,3LDK,81.79,8.92,東京,新宿,128,32190.0,1299,東京メトロ丸ノ内線,新宿御苑前,35.6934999,139.7147533
青山ザ・タワー,東京都港区南青山２,東京メトロ銀座線「外苑前」徒歩4分,2004年5月,324800000.0,2LDK,78.32,2.83,東京,港,259,32480.0,1369,東京メトロ銀座線,外苑前,35.6652799,139.723053
パークシティ中央湊ザ・タワー,東京都中央区湊２,東京メトロ日比谷線「八丁堀」徒歩6分,2017年11月,324900000.0,3LDK,77.03,19.0,東京,中央,97,32490.0,1392,東京メトロ日比谷線,八丁堀,35.6709568,139.780864
クラッシィタワー新宿御苑,東京都新宿区四谷４,東京メトロ丸ノ内線「新宿御苑前」徒歩4分,2024年11月,328000000.0,3LDK,79.14,14.91,東京,新宿,13,32800.0,1368,東京メトロ丸ノ内線,新宿御苑前,35.6894241,139.7160301
パークタワー西新宿,東京都新宿区西新宿５,都営大江戸線「西新宿五丁目」徒歩6分,2024年11月,328000000.0,3LDK,90.99,19.11,東京,新宿,13,32800.0,1190,都営大江戸線,西新宿五丁目,35.6948318,139.6866706
ブランズタワー芝浦,東京都港区芝浦２,ＪＲ山手線「田町」徒歩8分,2021年8月,328000000.0,3LDK,80.07,14.26,東京,港,52,32800.0,1352,ＪＲ山手線,田町,35.6446055,139.7530694
パークコート千代田富士見ザ タワー,東京都千代田区富士見２,ＪＲ中央線「飯田橋」徒歩3分,2014年3月,328000000.0,2LDK,55.97,13.51,東京,千代田,141,32800.0,1934,ＪＲ中央線,飯田橋,35.6978957,139.7428494
ローレルタワールネ浜松町,東京都港区海岸２,新交通ゆりかもめ「日の出」徒歩2分,2020年1月,328000000.0,1LDK,87.94,6.0,東京,港,71,32800.0,1231,新交通ゆりかもめ,日の出,35.6501388,139.7589234
ローレルタワー ルネ浜松町,東京都港区海岸２,新交通ゆりかもめ「日の出」徒歩2分,2020年1月,328000000.0,1LDK,87.94,5.4,東京,港,71,32800.0,1231,新交通ゆりかもめ,日の出,35.6501388,139.7589234
グランドヒルズ恵比寿,東京都渋谷区恵比寿１,ＪＲ山手線「恵比寿」徒歩7分,2019年3月,328000000.0,2LDK,74.06,17.1,東京,渋谷,81,32800.0,1462,ＪＲ山手線,恵比寿,35.64709,139.7134765
東京パークタワー,東京都千代田区神田神保町１,都営三田線「神保町」徒歩1分,2003年1月,328000000.0,2LDK,86.3,22.3,東京,千代田,275,32800.0,1254,都営三田線,神保町,35.6953781,139.7594578
グランドヒルズ恵比寿,東京都渋谷区恵比寿１,ＪＲ山手線「恵比寿」徒歩8分,2019年3月,328000000.0,2LDK,74.06,17.1,東京,渋谷,81,32800.0,1462,ＪＲ山手線,恵比寿,35.64709,139.7134765
東京パークタワー,東京都千代田区神田神保町１,東京メトロ半蔵門線「神保町」徒歩1分,2003年1月,328000000.0,2LDK,86.3,22.3,東京,千代田,275,32800.0,1254,東京メトロ半蔵門線,神保町,35.6953781,139.7594578
グランドヒルズ恵比寿,東京都渋谷区恵比寿１,ＪＲ山手線「恵比寿」徒歩7分,2019年3月,328000000.0,2LDK,74.06,17.1,東京,渋谷,81,32800.0,1462,ＪＲ山手線,恵比寿,35.64709,139.7134765
東京パークタワー,東京都千代田区神田神保町１,都営三田線「神保町」徒歩1分,2003年1月,328000000.0,2LDK,86.3,22.3,東京,千代田,275,32800.0,1254,都営三田線,神保町,35.6953781,139.7594578
東京パークタワー,東京都千代田区神田神保町１,都営三田線「神保町」徒歩1分,2003年1月,328000000.0,2LDK,86.3,22.3,東京,千代田,275,32800.0,1254,都営三田線,神保町,35.6953781,139.7594578
東京パークタワー,東京都千代田区神田神保町１-103,都営三田線「神保町」徒歩1分,2003年1月,328000000.0,2LDK,86.3,22.3,東京,千代田,275,32800.0,1254,都営三田線,神保町,35.6942062,139.7592182
グランドヒルズ恵比寿,東京都渋谷区恵比寿１,ＪＲ山手線「恵比寿」徒歩8分,2019年3月,328000000.0,2LDK+S（納戸）,74.06,17.1,東京,渋谷,81,32800.0,1462,ＪＲ山手線,恵比寿,35.64709,139.7134765
グランドヒルズ恵比寿,東京都渋谷区恵比寿１,ＪＲ山手線「恵比寿」徒歩8分,2019年3月,328000000.0,2LDK+S（納戸）,74.06,17.1,東京,渋谷,81,32800.0,1462,ＪＲ山手線,恵比寿,35.64709,139.7134765
パークタワー西新宿,東京都新宿区西新宿５,都営大江戸線「西新宿五丁目」徒歩6分,2024年11月,328880000.0,3LDK,90.99,19.11,東京,新宿,13,32888.0,1193,都営大江戸線,西新宿五丁目,35.6948318,139.6866706
HARUMI FLAG  SUN VILLAGE　T…,東京都中央区晴海５,都営大江戸線「勝どき」徒歩18分,2025年10月,329000000.0,3LDK,96.87,11.27,東京,中央,2,32900.0,1121,都営大江戸線,勝どき,35.6490356,139.7741538
青山ザ・タワー,東京都港区南青山２,東京メトロ銀座線「外苑前」徒歩3分,2004年5月,329000000.0,2LDK,86.53,3.28,東京,港,259,32900.0,1255,東京メトロ銀座線,外苑前,35.6652799,139.723053
ブランズタワー豊洲,東京都江東区豊洲５-1-13,東京メトロ有楽町線「豊洲」徒歩4分,2021年10月,329800000.0,3LDK,101.92,10.1,東京,江東,50,32980.0,1068,東京メトロ有楽町線,豊洲,35.6520776,139.7941746
コスモポリス品川,東京都港区港南３,ＪＲ山手線「品川」徒歩12分,2005年2月,329800000.0,3LDK,113.88,19.32,東京,港,250,32980.0,956,ＪＲ山手線,品川,35.633247,139.7505142
パークシティ大崎　ザタワー,東京都品川区北品川５,ＪＲ山手線「大崎」徒歩6分,2015年4月,329800000.0,3LDK,81.21,14.45,東京,品川,128,32980.0,1340,ＪＲ山手線,大崎,35.6214836,139.7326311
コスモポリス品川,東京都港区港南３,ＪＲ山手線「品川」徒歩11分,2005年2月,329800000.0,3LDK,113.88,19.32,東京,港,250,32980.0,956,ＪＲ山手線,品川,35.633247,139.7505142
パークタワー西新宿,東京都新宿区西新宿５-6-1,都営大江戸線「西新宿五丁目」徒歩6分,2024年11月,329800000.0,3LDK,90.99,19.11,東京,新宿,13,32980.0,1196,都営大江戸線,西新宿五丁目,35.6932238,139.6866502
コスモポリス品川,東京都港区港南３,ＪＲ山手線「品川」徒歩11分,2005年2月,329800000.0,3LDK,113.88,19.32,東京,港,250,32980.0,956,ＪＲ山手線,品川,35.633247,139.7505142
グローバルフロントタワー,東京都港区芝浦１,ＪＲ山手線「田町」徒歩10分,2016年1月,329800000.0,2LDK,91.78,12.82,東京,港,119,32980.0,1186,ＪＲ山手線,田町,35.6485621,139.754347
プラウドタワー渋谷,東京都渋谷区渋谷３,ＪＲ山手線「渋谷」徒歩7分,2025年3月,330000000.0,2LDK,76.67,8.0,東京,渋谷,9,33000.0,1420,ＪＲ山手線,渋谷,35.6566382,139.7058165
パークシティ中央湊 ザ タワー,東京都中央区湊２-15-1,東京メトロ日比谷線「八丁堀」徒歩6分,2017年11月,330000000.0,2LDK+S（納戸）,76.59,16.04,東京,中央,97,33000.0,1422,東京メトロ日比谷線,八丁堀,35.6715906,139.7807153
ザ・レジデンス三田,東京都港区三田２,都営大江戸線「赤羽橋」徒歩6分,2014年11月,330000000.0,2LDK,73.9,7.82,東京,港,133,33000.0,1474,都営大江戸線,赤羽橋,35.6494981,139.7409333
ザ・クレストタワー　プレミアム角住戸　高層階,東京都中央区佃２,東京メトロ有楽町線「月島」徒歩3分,2004年10月,330000000.0,3LDK+S（納戸）,100.98,29.5,東京,中央,254,33000.0,1078,東京メトロ有楽町線,月島,35.6682531,139.7862967
シティタワー武蔵小山,東京都品川区小山３,東急目黒線「武蔵小山」徒歩2分,2021年4月,330000000.0,3LDK,88.95,20.79,東京,品川,56,33000.0,1224,東急目黒線,武蔵小山,35.6205453,139.7045399
東京ツインパークス レフトウィング,東京都港区東新橋１,都営大江戸線「汐留」徒歩3分,2002年9月,332800000.0,3LDK,89.77,6.73,東京,港,279,33280.0,1223,都営大江戸線,汐留,35.664582,139.7613745
青山ザ・タワー,東京都港区南青山２,東京メトロ銀座線「外苑前」徒歩3分,2004年5月,334800000.0,2LDK,78.32,2.83,東京,港,259,33480.0,1411,東京メトロ銀座線,外苑前,35.6652799,139.723053
白金ザ・スカイ　ＥＡＳＴ棟,東京都港区白金１,東京メトロ南北線「白金高輪」徒歩3分,2022年12月,335000000.0,2LDK,80.4,7.0,東京,港,36,33500.0,1375,東京メトロ南北線,白金高輪,35.6449583,139.7339083
白金ザ・スカイ　東棟,東京都港区白金１,東京メトロ南北線「白金高輪」徒歩3分,2023年2月,335000000.0,2LDK,80.4,7.0,東京,港,34,33500.0,1375,東京メトロ南北線,白金高輪,35.6449583,139.7339083
パークコート文京小石川ザタワー,東京都文京区小石川１,都営三田線「春日」徒歩1分,2021年3月,335000000.0,3LDK,79.29,19.01,東京,文京,57,33500.0,1394,都営三田線,春日,35.7122246,139.7521112
白金ザ・スカイ,東京都港区白金１,東京メトロ南北線「白金高輪」徒歩3分,2022年12月,335000000.0,2LDK,80.4,7.0,東京,港,36,33500.0,1375,東京メトロ南北線,白金高輪,35.6449583,139.7339083
ワールドシティタワーズ　キャピタルタワー,東京都港区港南４,ＪＲ山手線「品川」徒歩14分,2006年10月,335000000.0,2LDK,100.72,15.26,東京,港,230,33500.0,1098,ＪＲ山手線,品川,35.6273113,139.7485979
パークコート麻布十番ザ・タワー,東京都港区三田１,東京メトロ南北線「麻布十番」徒歩3分,2010年5月,338000000.0,2LDK,67.25,13.22,東京,港,187,33800.0,1659,東京メトロ南北線,麻布十番,35.6537721,139.741572
東京ツインパークス　ライトウィング,東京都港区東新橋１-10-2,都営大江戸線「汐留」徒歩2分,2002年9月,338000000.0,2LDK+S（納戸）,95.58,10.85,東京,港,279,33800.0,1167,都営大江戸線,汐留,35.6634666,139.760516
クロスエアタワー,東京都目黒区大橋１,東急田園都市線「池尻大橋」徒歩5分,2013年1月,338000000.0,3LDK,85.43,21.06,東京,目黒,155,33800.0,1306,東急田園都市線,池尻大橋,35.6510223,139.6882659
アクシア青山,東京都港区赤坂８,東京メトロ銀座線「青山一丁目」徒歩2分,2002年5月,338000000.0,2LDK,89.62,4.66,東京,港,283,33800.0,1245,東京メトロ銀座線,青山一丁目,35.6710904,139.7275226
勝どきザ・タワー,東京都中央区勝どき５,都営大江戸線「勝どき」徒歩7分,2016年11月,338000000.0,2LDK,100.05,12.13,東京,中央,109,33800.0,1115,都営大江戸線,勝どき,35.657516,139.7709587
白金ザ・スカイ　Ｗ棟,東京都港区白金１,東京メトロ南北線「白金高輪」徒歩3分,2023年2月,338000000.0,3LDK,70.54,11.8,東京,港,34,33800.0,1581,東京メトロ南北線,白金高輪,35.6449583,139.7339083
ＨＡＲＵＭＩ　ＦＬＡＧ　ＰＡＲＫ　ＶＩＬＬＡＧＥ　Ｔ…,東京都中央区晴海５,都営大江戸線「勝どき」徒歩15分,2025年8月,338900000.0,3LDK,85.83,35.88,東京,中央,4,33890.0,1303,都営大江戸線,勝どき,35.6490356,139.7741538
ＭＩＤ　ＴОＷＥＲ　ＧＲＡＮＤ,東京都中央区月島１,東京メトロ有楽町線「月島」徒歩2分,2020年10月,339800000.0,3LDK,76.98,9.66,東京,中央,62,33980.0,1457,東京メトロ有楽町線,月島,35.6644207,139.7824618
代官山アドレスザ・タワー,東京都渋谷区代官山町,東急東横線「代官山」徒歩2分,2000年8月,339900000.0,2LDK,89.96,17.07,東京,渋谷,304,33990.0,1247,東急東横線,代官山,35.6505465,139.7042207
ＨＡＲＵＭＩ　ＦＬＡＧ　ＰＡＲＫ　ＶＩＬＬＡＧＥ　Ｔ…,東京都中央区晴海５,都営大江戸線「勝どき」徒歩15分,2025年8月,340000000.0,3LDK,95.56,44.54,東京,中央,4,34000.0,1174,都営大江戸線,勝どき,35.6490356,139.7741538
白金ザ・スカイ　東棟,東京都港区白金１,東京メトロ南北線「白金高輪」徒歩3分,2023年2月,340000000.0,3LDK,73.44,11.2,東京,港,34,34000.0,1528,東京メトロ南北線,白金高輪,35.6449583,139.7339083
ワテラスタワーレジデンス,東京都千代田区神田淡路町２,東京メトロ千代田線「新御茶ノ水」徒歩3分,2013年2月,342800000.0,2LDK,70.11,17.1,東京,千代田,154,34280.0,1614,東京メトロ千代田線,新御茶ノ水,35.6971459,139.7674443
白金ザ・スカイ,東京都港区白金１,東京メトロ南北線「白金高輪」徒歩3分,2023年2月,343800000.0,3LDK,75.83,11.2,東京,港,34,34380.0,1496,東京メトロ南北線,白金高輪,35.6449583,139.7339083
パークコート文京小石川ザタワー,東京都文京区小石川１,都営三田線「春日」徒歩1分,2021年3月,345000000.0,2LDK,73.16,0.0,東京,文京,57,34500.0,1556,都営三田線,春日,35.7122246,139.7521112
東京レジデンス,東京都千代田区飯田橋２,東京メトロ半蔵門線「九段下」徒歩4分,2003年2月,345000000.0,2LDK,95.5,21.35,東京,千代田,274,34500.0,1192,東京メトロ半蔵門線,九段下,35.6990911,139.7508336
麻布台ヒルズレジデンス,東京都港区麻布台１,東京メトロ南北線「六本木一丁目」徒歩1分,2025年10月,345000000.0,1K,38.06,8.6,東京,港,2,34500.0,2991,東京メトロ南北線,六本木一丁目,35.6619304,139.7390173
パークタワーグランスカイ,東京都品川区東五反田２-10-1,東急池上線「五反田」徒歩6分,2010年6月,345000000.0,3LDK,81.72,13.77,東京,品川,186,34500.0,1393,東急池上線,五反田,35.6241614,139.7269258
クラッシィタワー新宿御苑,東京都新宿区四谷４,東京メトロ丸ノ内線「新宿御苑前」徒歩4分,2024年11月,346000000.0,3LDK,79.14,14.91,東京,新宿,13,34600.0,1443,東京メトロ丸ノ内線,新宿御苑前,35.6894241,139.7160301
クラッシィタワー新宿御苑,東京都新宿区四谷４,東京メトロ丸ノ内線「新宿御苑前」徒歩5分,2024年11月,346000000.0,3LDK,79.14,14.91,東京,新宿,13,34600.0,1443,東京メトロ丸ノ内線,新宿御苑前,35.6894241,139.7160301
クラッシィタワー新宿御苑,東京都新宿区四谷４,東京メトロ丸ノ内線「新宿御苑前」徒歩4分,2024年10月,346000000.0,3LDK,79.14,14.91,東京,新宿,14,34600.0,1443,東京メトロ丸ノ内線,新宿御苑前,35.6894241,139.7160301
パークタワー勝どきサウス,東京都中央区勝どき４,都営大江戸線「勝どき」徒歩2分,2023年8月,347000000.0,3LDK,76.32,11.84,東京,中央,28,34700.0,1500,都営大江戸線,勝どき,35.6572676,139.7760709
恵比寿ガーデンテラス壱番館,東京都目黒区三田１-4-3,ＪＲ山手線「恵比寿」徒歩10分,1994年7月,348000000.0,2LDK+S（納戸）,84.22,18.48,東京,目黒,377,34800.0,1364,ＪＲ山手線,恵比寿,35.6410271,139.7149927
セントラルパークタワーラ・トゥール新宿,東京都新宿区西新宿６-15-1,ＪＲ山手線「新宿」徒歩13分,2010年2月,348000000.0,2LDK,77.39,0.0,東京,新宿,190,34800.0,1484,ＪＲ山手線,新宿,35.6923277,139.6886173
恵比寿ガーデンテラス壱番館,東京都目黒区三田１,ＪＲ山手線「恵比寿」徒歩10分,1994年7月,348000000.0,2LDK+S（納戸）,84.22,18.48,東京,目黒,377,34800.0,1364,ＪＲ山手線,恵比寿,35.6407158,139.7147533
恵比寿ガーデンテラス壱番館,東京都目黒区三田１,ＪＲ山手線「恵比寿」徒歩10分,1994年7月,348000000.0,2LDK+S（納戸）,84.22,18.48,東京,目黒,377,34800.0,1364,ＪＲ山手線,恵比寿,35.6407158,139.7147533
恵比寿ガーデンテラス壱番館,東京都目黒区三田１,ＪＲ山手線「恵比寿」徒歩10分,1994年7月,348000000.0,2LDK+S（納戸）,84.22,18.48,東京,目黒,377,34800.0,1364,ＪＲ山手線,恵比寿,35.6407158,139.7147533
恵比寿ガーデンテラス壱番館,東京都目黒区三田１,ＪＲ山手線「恵比寿」徒歩10分,1994年7月,348000000.0,2LDK+S（納戸）,84.22,18.48,東京,目黒,377,34800.0,1364,ＪＲ山手線,恵比寿,35.6407158,139.7147533
パークタワー東中野グランドエア,東京都中野区東中野５,ＪＲ中央線「東中野」徒歩1分,2024年1月,348000000.0,5LDK,140.08,0.0,東京,中野,23,34800.0,820,ＪＲ中央線,東中野,35.7084721,139.689223
セントラルパークタワーラ・トゥール新宿,東京都新宿区西新宿６,都営大江戸線「都庁前」徒歩5分,2010年2月,348000000.0,2LDK,77.39,4.03,東京,新宿,190,34800.0,1484,都営大江戸線,都庁前,35.6929304,139.6904993
恵比寿ガーデンテラス壱番館,東京都目黒区三田１,ＪＲ山手線「恵比寿」徒歩10分,1994年7月,348000000.0,2LDK,84.22,18.48,東京,目黒,377,34800.0,1364,ＪＲ山手線,恵比寿,35.6407158,139.7147533
セントラルパークタワーラ・トゥール新宿,東京都新宿区西新宿６,都営大江戸線「都庁前」徒歩5分,2010年2月,348000000.0,2LDK,77.39,0.0,東京,新宿,190,34800.0,1484,都営大江戸線,都庁前,35.6929304,139.6904993
恵比寿ガーデンテラス壱番館,東京都目黒区三田１,ＪＲ山手線「恵比寿」徒歩10分,1994年7月,348000000.0,2LDK+S（納戸）,84.22,18.48,東京,目黒,377,34800.0,1364,ＪＲ山手線,恵比寿,35.6407158,139.7147533
恵比寿ガーデンテラス壱番館,東京都目黒区三田１,ＪＲ埼京線「恵比寿」徒歩14分,1994年7月,348000000.0,3LDK,84.22,18.48,東京,目黒,377,34800.0,1364,ＪＲ埼京線,恵比寿,35.6407158,139.7147533
恵比寿ガーデンテラス壱番館,東京都目黒区三田１,ＪＲ山手線「恵比寿」徒歩10分,1994年7月,348000000.0,2LDK+S（納戸）,84.22,18.48,東京,目黒,377,34800.0,1364,ＪＲ山手線,恵比寿,35.6407158,139.7147533
パークコート麻布十番ザ・タワー,東京都港区三田１,東京メトロ南北線「麻布十番」徒歩3分,2010年5月,348000000.0,2LDK,67.25,13.22,東京,港,187,34800.0,1708,東京メトロ南北線,麻布十番,35.6537721,139.741572
ソプラタワー,東京都目黒区青葉台３,東急田園都市線「池尻大橋」徒歩8分,1999年3月,348000000.0,2LDK,122.92,23.48,東京,目黒,321,34800.0,934,東急田園都市線,池尻大橋,35.65214570000001,139.6917756
恵比寿ガーデンテラス壱番館,東京都目黒区三田１,ＪＲ山手線「恵比寿」徒歩10分,1994年7月,348000000.0,2LDK,84.22,18.48,東京,目黒,377,34800.0,1364,ＪＲ山手線,恵比寿,35.6407158,139.7147533
パークコート麻布十番ザ・タワー,東京都港区三田１,東京メトロ南北線「麻布十番」徒歩3分,2010年5月,348000000.0,2LDK,67.25,13.22,東京,港,187,34800.0,1708,東京メトロ南北線,麻布十番,35.6537721,139.741572
東京ツインパークス　ライトウィング,東京都港区東新橋１-10-2,都営大江戸線「汐留」徒歩2分,2002年9月,349800000.0,2LDK,91.16,11.43,東京,港,279,34980.0,1266,都営大江戸線,汐留,35.6634666,139.760516
グランドメゾン白金の杜ザ・タワー,東京都港区白金６,東京メトロ南北線「白金台」徒歩10分,2015年5月,349800000.0,3LDK+S（納戸）,86.95,36.63,東京,港,127,34980.0,1328,東京メトロ南北線,白金台,35.6431552,139.7236915
ブリリアタワーズ目黒　ノースレジデンス,東京都品川区上大崎３,ＪＲ山手線「目黒」徒歩2分,2017年9月,349800000.0,2LDK,68.55,3.13,東京,品川,99,34980.0,1684,ＪＲ山手線,目黒,35.631922,139.7185838
ＷＯＲＬＤ　ＴＯＷＥＲ　ＲＥＳＩＤＥＮＣＥ,東京都港区浜松町２,ＪＲ山手線「浜松町」徒歩2分,2024年11月,349800000.0,2LDK,68.61,15.77,東京,港,13,34980.0,1682,ＪＲ山手線,浜松町,35.6548149,139.7556247
パークタワー西新宿,東京都新宿区西新宿５,東京メトロ丸ノ内線「西新宿」徒歩10分,2024年11月,349800000.0,3LDK,91.3,22.59,東京,新宿,13,34980.0,1264,東京メトロ丸ノ内線,西新宿,35.6948318,139.6866706
パークシティ大崎　ザ　タワー,東京都品川区北品川５,ＪＲ山手線「大崎」徒歩6分,2015年4月,349800000.0,2LDK,83.71,14.95,東京,品川,128,34980.0,1379,ＪＲ山手線,大崎,35.6214836,139.7326311
グランドメゾン白金の杜ザ・タワー,東京都港区白金６,東京メトロ南北線「白金台」徒歩11分,2015年5月,349800000.0,3LDK,86.95,36.63,東京,港,127,34980.0,1328,東京メトロ南北線,白金台,35.6431552,139.7236915
パークコート虎ノ門愛宕タワー,東京都港区虎ノ門３,東京メトロ日比谷線「神谷町」徒歩4分,2008年4月,349800000.0,2LDK,68.45,8.33,東京,港,212,34980.0,1686,東京メトロ日比谷線,神谷町,35.6642718,139.747001
ザ・レジデンス三田,東京都港区三田２,都営大江戸線「赤羽橋」徒歩6分,2014年11月,349800000.0,3LDK,80.35,9.2,東京,港,133,34980.0,1437,都営大江戸線,赤羽橋,35.6494981,139.7409333
アトラスタワー西新宿,東京都新宿区西新宿６,東京メトロ丸ノ内線「西新宿」徒歩7分,2006年10月,349900000.0,4LDK,131.21,15.29,東京,新宿,230,34990.0,880,東京メトロ丸ノ内線,西新宿,35.6929304,139.6904993
アトラスタワー西新宿,東京都新宿区西新宿６,東京メトロ丸ノ内線「西新宿」徒歩7分,2006年10月,349900000.0,3LDK,131.21,15.29,東京,新宿,230,34990.0,880,東京メトロ丸ノ内線,西新宿,35.6929304,139.6904993
晴海フラッグサンヴィレッジT棟,東京都中央区晴海５,都営大江戸線「勝どき」徒歩14分,2025年10月,349900000.0,3LDK,77.79,17.87,東京,中央,2,34990.0,1484,都営大江戸線,勝どき,35.6490356,139.7741538
HARUMI FLAG SUN VILLAGE T棟,東京都中央区晴海５-5-7,都営大江戸線「勝どき」徒歩14分,2025年10月,349900000.0,3LDK,77.79,17.87,東京,中央,2,34990.0,1484,都営大江戸線,勝どき,35.6505533,139.7736279
プラウドタワー目黒ＭＡＲＣ,東京都品川区西五反田３,東急目黒線「不動前」徒歩7分,2023年10月,350000000.0,3LDK,93.61,23.66,東京,品川,26,35000.0,1234,東急目黒線,不動前,35.6279656,139.717307
パークコート渋谷ザタワー,東京都渋谷区宇田川町,ＪＲ山手線「渋谷」徒歩8分,2020年7月,350000000.0,1LDK,93.67,0.0,東京,渋谷,65,35000.0,1233,ＪＲ山手線,渋谷,35.661594,139.6981574
ブリリアタワー上野池之端,東京都台東区池之端１,東京メトロ千代田線「湯島」徒歩4分,2019年2月,350000000.0,3LDK,83.79,16.75,東京,台東,82,35000.0,1378,東京メトロ千代田線,湯島,35.7097691,139.7674443
ワールドシティタワーズ　アクアタワー,東京都港区港南４,ＪＲ山手線「品川」徒歩15分,2005年10月,350000000.0,2LDK,80.53,0.0,東京,港,242,35000.0,1434,ＪＲ山手線,品川,35.6273113,139.7485979
ブランズタワー芝浦,東京都港区芝浦２,ＪＲ山手線「田町」徒歩10分,2021年8月,350000000.0,3LDK,85.77,15.57,東京,港,52,35000.0,1347,ＪＲ山手線,田町,35.6446055,139.7530694
ＨＡＲＵＭＩ　ＦＬＡＧ　ＰＡＲＫ　ＶＩＬＬＡＧＥ　Ｔ…,東京都中央区晴海５,都営大江戸線「勝どき」徒歩15分,2025年10月,350000000.0,2LDK,85.83,35.88,東京,中央,2,35000.0,1346,都営大江戸線,勝どき,35.6490356,139.7741538
HARUMI FLAG PARK VILLAGE T…,東京都中央区晴海５-6-7,都営大江戸線「勝どき」徒歩16分,2025年10月,350000000.0,2LDK+S（納戸）,85.83,35.88,東京,中央,2,35000.0,1346,都営大江戸線,勝どき,35.6497754,139.7745565
ブリリアタワーズ目黒　ノースレジデンス,東京都品川区上大崎３,ＪＲ山手線「目黒」徒歩2分,2017年9月,351800000.0,3LDK,68.55,3.13,東京,品川,99,35180.0,1694,ＪＲ山手線,目黒,35.631922,139.7185838
白金ザ・スカイ E棟,東京都港区白金１,東京メトロ南北線「白金高輪」徒歩3分,2023年2月,354800000.0,3LDK,75.83,11.2,東京,港,34,35480.0,1544,東京メトロ南北線,白金高輪,35.6449583,139.7339083
プラウドタワー千代田富士見,東京都千代田区富士見２,ＪＲ中央線「飯田橋」徒歩3分,2009年2月,355000000.0,2LDK,85.08,4.47,東京,千代田,202,35500.0,1377,ＪＲ中央線,飯田橋,35.6978957,139.7428494
白金ザ・スカイ　Ｅ棟,東京都港区白金１-2-1,東京メトロ南北線「白金高輪」徒歩3分,2023年2月,358000000.0,3LDK,78.62,7.0,東京,港,34,35800.0,1503,東京メトロ南北線,白金高輪,35.6460844,139.7351057
シティタワー武蔵小山,東京都品川区小山３-14-2,東急目黒線「武蔵小山」徒歩2分,2021年4月,358000000.0,3LDK,88.95,20.79,東京,品川,56,35800.0,1328,東急目黒線,武蔵小山,35.6211595,139.7060967
白金ザ・スカイＥ棟,東京都港区白金１-2-1,東京メトロ南北線「白金高輪」徒歩3分,2023年2月,358000000.0,2LDK,71.81,7.0,東京,港,34,35800.0,1645,東京メトロ南北線,白金高輪,35.6460844,139.7351057
クラッシィタワー新宿御苑,東京都新宿区四谷４,東京メトロ丸ノ内線「新宿御苑前」徒歩4分,2024年10月,358000000.0,3LDK,73.91,6.5,東京,新宿,14,35800.0,1598,東京メトロ丸ノ内線,新宿御苑前,35.6894241,139.7160301
東京レジデンス,東京都千代田区飯田橋２,東京メトロ東西線「九段下」徒歩4分,2003年2月,358000000.0,2LDK,106.25,23.45,東京,千代田,274,35800.0,1112,東京メトロ東西線,九段下,35.6990911,139.7508336
青山パークタワー,東京都渋谷区渋谷１,ＪＲ山手線「渋谷」徒歩8分,2003年3月,358000000.0,2LDK,85.86,4.36,東京,渋谷,273,35800.0,1376,ＪＲ山手線,渋谷,35.66135020000001,139.7032633
白金ザ・スカイＥ棟,東京都港区白金１,東京メトロ南北線「白金高輪」徒歩3分,2023年2月,358000000.0,2LDK,71.81,7.0,東京,港,34,35800.0,1645,東京メトロ南北線,白金高輪,35.6449583,139.7339083
白金ザ・スカイＥ棟,東京都港区白金１,東京メトロ南北線「白金高輪」徒歩3分,2023年2月,358000000.0,2LDK,71.81,7.0,東京,港,34,35800.0,1645,東京メトロ南北線,白金高輪,35.6449583,139.7339083
クラッシィタワー新宿御苑,東京都新宿区四谷４,東京メトロ丸ノ内線「新宿御苑前」徒歩4分,2024年10月,358000000.0,3LDK,73.91,6.5,東京,新宿,14,35800.0,1598,東京メトロ丸ノ内線,新宿御苑前,35.6894241,139.7160301
白金ザ・スカイ東,東京都港区白金１,東京メトロ南北線「白金高輪」徒歩3分,2023年2月,358000000.0,2LDK,71.81,7.0,東京,港,34,35800.0,1645,東京メトロ南北線,白金高輪,35.6449583,139.7339083
白金ザ・スカイ　ＥＡＳＴ棟,東京都港区白金１,東京メトロ南北線「白金高輪」徒歩3分,2023年2月,358000000.0,2LDK,71.81,7.0,東京,港,34,35800.0,1645,東京メトロ南北線,白金高輪,35.6449583,139.7339083
ＷＯＲＬＤ　ＴＯＷＥＲ　ＲＥＳＩＤＥＮＣＥ,東京都港区浜松町２,ＪＲ山手線「浜松町」徒歩2分,2024年11月,358000000.0,2LDK,70.74,14.78,東京,港,13,35800.0,1670,ＪＲ山手線,浜松町,35.6548149,139.7556247
白金ザ・スカイE棟,東京都港区白金１-2-1,東京メトロ南北線「白金高輪」徒歩3分,2023年2月,358000000.0,2LDK,71.81,7.0,東京,港,34,35800.0,1645,東京メトロ南北線,白金高輪,35.6460844,139.7351057
WORLD　TOWER　RESIDENCE,東京都港区浜松町２,ＪＲ山手線「浜松町」徒歩2分,2024年11月,358000000.0,2LDK,70.74,14.78,東京,港,13,35800.0,1670,ＪＲ山手線,浜松町,35.6548149,139.7556247
白金ザ・スカイE棟,東京都港区白金１-2-1,東京メトロ南北線「白金高輪」徒歩3分,2023年2月,358000000.0,2LDK,71.81,0.0,東京,港,34,35800.0,1645,東京メトロ南北線,白金高輪,35.6460844,139.7351057
白金ザ・スカイE棟,東京都千代田区山王パークタワー６階,都営三田線「白金高輪」徒歩3分,2023年2月,358000000.0,2LDK,71.81,7.0,東京,千代田,34,35800.0,1645,都営三田線,白金高輪,35.6733558,139.7403363
白金ザ・スカイE棟,東京都港区白金１,都営三田線「白金高輪」徒歩3分,2023年2月,358000000.0,2LDK,71.81,7.0,東京,港,34,35800.0,1645,都営三田線,白金高輪,35.6449583,139.7339083
白金ザ・スカイ　東棟,東京都港区白金１,東京メトロ南北線「白金高輪」徒歩3分,2023年2月,358000000.0,2LDK,76.0,7.0,東京,港,34,35800.0,1554,東京メトロ南北線,白金高輪,35.6449583,139.7339083
白金ザ・スカイE棟,東京都港区白金１,東京メトロ南北線「白金高輪」徒歩3分,2023年2月,358000000.0,2LDK,71.81,7.0,東京,港,34,35800.0,1645,東京メトロ南北線,白金高輪,35.6449583,139.7339083
WORLD TOWER RESIDENCE,東京都港区浜松町２-3-20,ＪＲ山手線「浜松町」徒歩2分,2024年11月,358000000.0,2LDK,70.74,0.0,東京,港,13,35800.0,1670,ＪＲ山手線,浜松町,35.6549284,139.7554791
白金ザ・スカイ,東京都港区白金１,東京メトロ南北線「白金高輪」徒歩3分,2023年2月,358000000.0,3LDK,78.62,7.0,東京,港,34,35800.0,1503,東京メトロ南北線,白金高輪,35.6449583,139.7339083
白金ザ・スカイ（SHIROKANE THE SKY）,東京都港区白金１,東京メトロ南北線「白金高輪」徒歩3分,2023年2月,358000000.0,2LDK,71.81,7.0,東京,港,34,35800.0,1645,東京メトロ南北線,白金高輪,35.6449583,139.7339083
白金ザ・スカイ,東京都港区白金１,東京メトロ南北線「白金高輪」徒歩3分,2023年2月,358000000.0,3LDK,78.62,7.0,東京,港,34,35800.0,1503,東京メトロ南北線,白金高輪,35.6449583,139.7339083
白金ザ・スカイ,東京都港区白金１,東京メトロ南北線「白金高輪」徒歩3分,2023年2月,358000000.0,2LDK,71.81,7.0,東京,港,34,35800.0,1645,東京メトロ南北線,白金高輪,35.6449583,139.7339083
白金ザ・スカイE棟,東京都港区白金１-2-1,都営三田線「白金高輪」徒歩3分,2023年2月,358000000.0,2LDK,71.81,7.0,東京,港,34,35800.0,1645,都営三田線,白金高輪,35.6460844,139.7351057
白金ザ・スカイE棟,東京都港区白金１,都営三田線「白金高輪」徒歩3分,2023年2月,358000000.0,2LDK,71.81,7.0,東京,港,34,35800.0,1645,都営三田線,白金高輪,35.6449583,139.7339083
東京ツインパークス,東京都港区東新橋１,都営大江戸線「汐留」徒歩3分,2002年9月,358000000.0,1LDK+S（納戸）,69.51,6.47,東京,港,279,35800.0,1700,都営大江戸線,汐留,35.664582,139.7613745
ＨＡＲＵＭＩ　ＦＬＡＧ　ＳＵＮ　ＶＩＬＬＡＧＥ　Ｔ棟,東京都中央区晴海５,都営大江戸線「勝どき」徒歩14分,2025年10月,358000000.0,3LDK,87.59,21.52,東京,中央,2,35800.0,1349,都営大江戸線,勝どき,35.6490356,139.7741538
ＨＡＲＵＭＩ　ＦＬＡＧ　ＳＵＮ　ＶＩＬＬＡＧＥ　Ｔ棟,東京都中央区晴海５,都営大江戸線「勝どき」徒歩14分,2025年8月,358000000.0,3LDK,87.59,21.52,東京,中央,4,35800.0,1349,都営大江戸線,勝どき,35.6490356,139.7741538
シティタワー武蔵小山,東京都品川区小山３,東急目黒線「武蔵小山」徒歩2分,2021年4月,358000000.0,3LDK,88.95,20.79,東京,品川,56,35800.0,1328,東急目黒線,武蔵小山,35.6205453,139.7045399
白金ザ・スカイ,東京都港区白金１,東京メトロ南北線「白金高輪」徒歩3分,2023年2月,358000000.0,3LDK,78.62,7.0,東京,港,34,35800.0,1503,東京メトロ南北線,白金高輪,35.6449583,139.7339083
シティタワー武蔵小山,東京都品川区小山３,東急目黒線「武蔵小山」徒歩2分,2021年4月,358000000.0,3LDK,88.95,20.79,東京,品川,56,35800.0,1328,東急目黒線,武蔵小山,35.6205453,139.7045399
シティタワー武蔵小山,東京都品川区小山３,東急目黒線「武蔵小山」徒歩2分,2021年4月,358000000.0,3LDK,88.95,20.79,東京,品川,56,35800.0,1328,東急目黒線,武蔵小山,35.6205453,139.7045399
シティタワー武蔵小山,東京都品川区小山３,東急目黒線「武蔵小山」徒歩2分,2021年4月,358000000.0,3LDK,88.95,20.79,東京,品川,56,35800.0,1328,東急目黒線,武蔵小山,35.6205453,139.7045399
シティタワー武蔵小山,東京都品川区小山３-14-2,東急目黒線「武蔵小山」徒歩2分,2021年4月,358000000.0,3LDK,88.95,20.79,東京,品川,56,35800.0,1328,東急目黒線,武蔵小山,35.6211595,139.7060967
シティタワー武蔵小山,東京都品川区小山３,東急目黒線「武蔵小山」徒歩2分,2021年4月,358000000.0,3LDK,88.95,1.0,東京,品川,56,35800.0,1328,東急目黒線,武蔵小山,35.6205453,139.7045399
ワールドシティタワーズキャピタルタワー,東京都港区港南４,ＪＲ山手線「品川」徒歩13分,2006年10月,359800000.0,2LDK,121.16,18.26,東京,港,230,35980.0,980,ＪＲ山手線,品川,35.6273113,139.7485979
中目黒アトラスタワー,東京都目黒区上目黒１,東急東横線「中目黒」徒歩2分,2009年10月,359800000.0,2LDK,73.7,9.0,東京,目黒,194,35980.0,1611,東急東横線,中目黒,35.6460419,139.6994338
パークコート赤坂ザ・タワー,東京都港区赤坂４,東京メトロ千代田線「赤坂」徒歩7分,2009年6月,360000000.0,2LDK,81.64,5.79,東京,港,198,36000.0,1455,東京メトロ千代田線,赤坂,35.6748007,139.7339083
ワテラスタワーレジデンス,東京都千代田区神田淡路町２,東京メトロ千代田線「新御茶ノ水」徒歩3分,2013年2月,360000000.0,2LDK,81.58,0.0,東京,千代田,154,36000.0,1456,東京メトロ千代田線,新御茶ノ水,35.6971459,139.7674443
ザ・パークハウス　三田ガーデン　レジデンス＆タワー,東京都港区三田５,東京メトロ南北線「白金高輪」徒歩7分,2021年10月,364000000.0,3LDK,85.64,13.9,東京,港,50,36400.0,1403,東京メトロ南北線,白金高輪,35.6464953,139.73774
ＷＯＲＬＤ　ＴＯＷＥＲ　ＲＥＳＩＤＥＮＣＥ,東京都港区浜松町２,ＪＲ山手線「浜松町」徒歩2分,2024年11月,364800000.0,2LDK,60.35,11.66,東京,港,13,36480.0,1995,ＪＲ山手線,浜松町,35.6548149,139.7556247
プラウドタワー渋谷,東京都渋谷区渋谷３,ＪＲ山手線「渋谷」徒歩8分,2025年3月,365000000.0,3LDK,77.11,8.34,東京,渋谷,9,36500.0,1562,ＪＲ山手線,渋谷,35.6566382,139.7058165
クラッシィタワー新宿御苑,東京都新宿区四谷４,東京メトロ丸ノ内線「新宿御苑前」徒歩4分,2024年10月,368000000.0,2LDK,79.98,14.15,東京,新宿,14,36800.0,1518,東京メトロ丸ノ内線,新宿御苑前,35.6894241,139.7160301
パークタワー勝どきサウス,東京都中央区勝どき４,都営大江戸線「勝どき」徒歩2分,2023年8月,368000000.0,3LDK,87.05,12.0,東京,中央,28,36800.0,1395,都営大江戸線,勝どき,35.6572676,139.7760709
クラッシィタワー新宿御苑,東京都新宿区四谷４-29-3,東京メトロ丸ノ内線「新宿御苑前」徒歩4分,2024年11月,368000000.0,2LDK,79.98,14.15,東京,新宿,13,36800.0,1518,東京メトロ丸ノ内線,新宿御苑前,35.6881684,139.7148175
パークタワー勝どきサウス,東京都中央区勝どき４,都営大江戸線「勝どき」徒歩2分,2023年8月,368000000.0,3LDK,87.05,12.0,東京,中央,28,36800.0,1395,都営大江戸線,勝どき,35.6572676,139.7760709
パークタワー勝どきサウス,東京都中央区勝どき４,都営大江戸線「勝どき」徒歩2分,2023年8月,368000000.0,3LDK,87.05,12.0,東京,中央,28,36800.0,1395,都営大江戸線,勝どき,35.6572676,139.7760709
パークタワー勝どき　サウス,東京都中央区勝どき４,都営大江戸線「勝どき」徒歩2分,2023年8月,368000000.0,3LDK,87.05,12.0,東京,中央,28,36800.0,1395,都営大江戸線,勝どき,35.6572676,139.7760709
パークコート浜離宮ザ タワー,東京都港区浜松町１,ＪＲ山手線「浜松町」徒歩5分,2019年2月,368000000.0,2LDK,70.12,18.44,東京,港,82,36800.0,1732,ＪＲ山手線,浜松町,35.658259,139.7556247
プラウドタワー白金台,東京都港区白金台２,都営浅草線「高輪台」徒歩3分,2014年7月,368000000.0,2LDK,104.61,3.22,東京,港,137,36800.0,1161,都営浅草線,高輪台,35.6342371,139.7300768
ワールドシティタワーズ　キャピタルタワー,東京都港区港南４,ＪＲ山手線「品川」徒歩13分,2006年10月,369800000.0,3LDK,120.11,6.63,東京,港,230,36980.0,1016,ＪＲ山手線,品川,35.6273113,139.7485979
クラッシィタワー新宿御苑,東京都新宿区四谷４-29-3,東京メトロ丸ノ内線「新宿御苑前」徒歩3分,2024年11月,370000000.0,2LDK,79.14,14.91,東京,新宿,13,37000.0,1543,東京メトロ丸ノ内線,新宿御苑前,35.6881684,139.7148175
ザ・パークハウス白金二丁目タワー,東京都港区白金２,東京メトロ南北線「白金台」徒歩5分,2018年7月,370000000.0,2LDK,75.87,12.24,東京,港,89,37000.0,1609,東京メトロ南北線,白金台,35.6416377,139.7313539
パークタワー勝どきサウス,東京都中央区勝どき４,都営大江戸線「勝どき」徒歩2分,2023年8月,370000000.0,3LDK,94.95,11.3,東京,中央,28,37000.0,1286,都営大江戸線,勝どき,35.6572676,139.7760709
ザ・パークハウス白金二丁目タワー,東京都港区白金２,東京メトロ南北線「白金台」徒歩5分,2018年7月,370000000.0,2LDK,75.87,12.24,東京,港,89,37000.0,1609,東京メトロ南北線,白金台,35.6416377,139.7313539
クラッシィタワー新宿御苑,東京都新宿区四谷４,東京メトロ丸ノ内線「新宿御苑前」徒歩4分,2024年10月,370000000.0,2LDK,79.98,14.15,東京,新宿,14,37000.0,1527,東京メトロ丸ノ内線,新宿御苑前,35.6894241,139.7160301
クラッシィタワー新宿御苑,東京都新宿区四谷４,東京メトロ丸ノ内線「新宿御苑前」徒歩4分,2024年11月,370000000.0,2LDK,79.14,14.91,東京,新宿,13,37000.0,1543,東京メトロ丸ノ内線,新宿御苑前,35.6894241,139.7160301
パークコート青山ザタワー,東京都港区南青山２,東京メトロ銀座線「青山一丁目」徒歩3分,2017年12月,375000000.0,1LDK,72.21,0.0,東京,港,96,37500.0,1714,東京メトロ銀座線,青山一丁目,35.6652799,139.723053
パークコート青山ザ・タワー,東京都港区南青山２,東京メトロ銀座線「青山一丁目」徒歩3分,2017年12月,375000000.0,1LDK,72.21,0.0,東京,港,96,37500.0,1714,東京メトロ銀座線,青山一丁目,35.6652799,139.723053
代官山アドレスザタワー,東京都渋谷区代官山町,東急東横線「代官山」徒歩1分,2000年8月,378000000.0,3LDK,102.72,12.74,東京,渋谷,304,37800.0,1214,東急東横線,代官山,35.6505465,139.7042207
スカイライトタワー,東京都中央区佃１,東京メトロ有楽町線「月島」徒歩10分,1993年2月,378000000.0,3LDK,146.56,17.48,東京,中央,394,37800.0,851,東京メトロ有楽町線,月島,35.6690135,139.7824618
シティタワー虎ノ門,東京都港区虎ノ門３,東京メトロ日比谷線「神谷町」徒歩2分,2024年5月,378000000.0,2LDK+S（納戸）,64.23,20.24,東京,港,19,37800.0,1942,東京メトロ日比谷線,神谷町,35.6642718,139.747001
代官山アドレスザタワー,東京都渋谷区代官山町,東急東横線「代官山」徒歩1分,2000年8月,378000000.0,3LDK,102.72,12.74,東京,渋谷,304,37800.0,1214,東急東横線,代官山,35.6505465,139.7042207
パークコート六本木ヒルトップ,東京都港区六本木１,東京メトロ南北線「六本木一丁目」徒歩3分,2012年8月,378000000.0,2LDK,65.28,16.59,東京,港,160,37800.0,1911,東京メトロ南北線,六本木一丁目,35.6647384,139.7402946
白金ザ・スカイ　E棟,東京都港区白金１,東京メトロ南北線「白金高輪」徒歩3分,2023年2月,378000000.0,2LDK,71.81,7.0,東京,港,34,37800.0,1737,東京メトロ南北線,白金高輪,35.6449583,139.7339083
代官山アドレス　ザ・タワー,東京都渋谷区代官山町,東急東横線「代官山」徒歩1分,2000年8月,378000000.0,3LDK,102.72,12.74,東京,渋谷,304,37800.0,1214,東急東横線,代官山,35.6505465,139.7042207
白金ザ・スカイ,東京都港区白金１,東京メトロ南北線「白金高輪」徒歩3分,2023年2月,378000000.0,2LDK,71.81,7.0,東京,港,34,37800.0,1737,東京メトロ南北線,白金高輪,35.6449583,139.7339083
シティタワー虎ノ門,東京都港区虎ノ門３,東京メトロ日比谷線「神谷町」徒歩2分,2024年5月,378000000.0,2LDK,64.23,20.24,東京,港,19,37800.0,1942,東京メトロ日比谷線,神谷町,35.6642718,139.747001
シティタワー虎ノ門,東京都港区虎ノ門３,東京メトロ日比谷線「神谷町」徒歩2分,2024年5月,378000000.0,2LDK,64.23,20.24,東京,港,19,37800.0,1942,東京メトロ日比谷線,神谷町,35.6642718,139.747001
パークコート赤坂　ザ　タワー,東京都港区赤坂４,東京メトロ千代田線「赤坂」徒歩8分,2009年6月,378000000.0,2LDK,69.46,5.7,東京,港,198,37800.0,1796,東京メトロ千代田線,赤坂,35.6748007,139.7339083
東京ツインパークス　レフトウィング,東京都港区東新橋１,ＪＲ山手線「浜松町」徒歩6分,2002年9月,379000000.0,2LDK,91.92,6.73,東京,港,279,37900.0,1361,ＪＲ山手線,浜松町,35.664582,139.7613745
白金タワー テラス棟,東京都港区白金１,東京メトロ南北線「白金高輪」徒歩1分,2005年9月,379800000.0,2LDK+2S（納戸）,91.62,16.82,東京,港,243,37980.0,1368,東京メトロ南北線,白金高輪,35.6449583,139.7339083
白金タワー,東京都港区白金１,都営三田線「白金高輪」徒歩1分,2005年9月,379800000.0,2LDK+2S（納戸）,91.62,16.82,東京,港,243,37980.0,1368,都営三田線,白金高輪,35.6449583,139.7339083
ＴＨＥ　ＲＯＰＰＯＮＧＩ　ＴＯＫＹＯ,東京都港区六本木３,東京メトロ日比谷線「六本木」徒歩3分,2011年11月,380000000.0,2LDK,80.56,3.32,東京,港,169,38000.0,1557,東京メトロ日比谷線,六本木,35.6632012,139.7364627
パークコート赤坂ザタワー,東京都港区赤坂４,東京メトロ千代田線「赤坂」徒歩8分,2009年6月,380000000.0,2LDK,83.84,5.92,東京,港,198,38000.0,1496,東京メトロ千代田線,赤坂,35.6748007,139.7339083
ブランズタワー豊洲,東京都江東区豊洲５,東京メトロ有楽町線「豊洲」徒歩5分,2021年10月,380000000.0,3LDK,103.06,12.47,東京,江東,50,38000.0,1217,東京メトロ有楽町線,豊洲,35.6505285,139.7965242
ザ・レジデンス三田,東京都港区三田２,都営大江戸線「赤羽橋」徒歩6分,2014年11月,382000000.0,3LDK,85.51,6.8,東京,港,133,38200.0,1474,都営大江戸線,赤羽橋,35.6494981,139.7409333
ザ・レジデンス三田,東京都港区三田２,都営大江戸線「赤羽橋」徒歩6分,2014年11月,382000000.0,3LDK,85.51,6.8,東京,港,133,38200.0,1474,都営大江戸線,赤羽橋,35.6494981,139.7409333
パークコート虎ノ門愛宕タワー,東京都港区虎ノ門３,東京メトロ日比谷線「神谷町」徒歩4分,2008年6月,383500000.0,2LDK,71.17,14.02,東京,港,210,38350.0,1778,東京メトロ日比谷線,神谷町,35.6642718,139.747001
ワールドタワーレジデンスＷＯＲＬＤＴＯＷＥＲＲＥＳＩ…,東京都港区浜松町２-3-9,ＪＲ山手線「浜松町」徒歩2分,2024年11月,385000000.0,2LDK,56.68,11.63,東京,港,13,38500.0,2242,ＪＲ山手線,浜松町,35.6547787,139.7551646
ＷＯＲＬＤ　ＴＯＷＥＲ　ＲＥＳＩＤＥＮＣＥ,東京都港区浜松町２,ＪＲ山手線「浜松町」徒歩2分,2024年11月,385000000.0,2LDK,56.68,11.63,東京,港,13,38500.0,2242,ＪＲ山手線,浜松町,35.6548149,139.7556247
ワールドタワーレジデンス,東京都港区浜松町２,ＪＲ山手線「浜松町」徒歩2分,2024年11月,385000000.0,2LDK,56.68,11.63,東京,港,13,38500.0,2242,ＪＲ山手線,浜松町,35.6548149,139.7556247
ワールドタワーレジデンス,東京都港区浜松町２,ＪＲ山手線「浜松町」徒歩2分,2024年11月,385000000.0,2LDK,56.68,11.63,東京,港,13,38500.0,2242,ＪＲ山手線,浜松町,35.6548149,139.7556247
WORLD TOWER RESIDENCE(ワールド…,東京都港区浜松町２,ＪＲ山手線「浜松町」徒歩2分,2024年11月,385000000.0,2LDK,56.68,11.63,東京,港,13,38500.0,2242,ＪＲ山手線,浜松町,35.6548149,139.7556247
シティタワー高輪,東京都港区高輪１,都営三田線「白金高輪」徒歩7分,2004年1月,385000000.0,3LDK,129.68,14.54,東京,港,263,38500.0,980,都営三田線,白金高輪,35.6403663,139.7339083
パークコート虎ノ門,東京都港区虎ノ門４,東京メトロ日比谷線「神谷町」徒歩4分,2021年11月,385000000.0,2LDK,66.51,7.76,東京,港,49,38500.0,1910,東京メトロ日比谷線,神谷町,35.6651277,139.7441268
ワールドタワーレジデンス,東京都港区浜松町２,ＪＲ山手線「浜松町」徒歩2分,2024年11月,385000000.0,2LDK,56.68,11.63,東京,港,13,38500.0,2242,ＪＲ山手線,浜松町,35.6548149,139.7556247
パークコート虎ノ門,東京都港区虎ノ門４,東京メトロ日比谷線「神谷町」徒歩4分,2021年11月,385000000.0,2LDK,66.51,7.76,東京,港,49,38500.0,1910,東京メトロ日比谷線,神谷町,35.6651277,139.7441268
シティタワー高輪,東京都港区高輪１,東京メトロ南北線「白金高輪」徒歩7分,2004年1月,385000000.0,2LDK+S（納戸）,129.68,14.54,東京,港,263,38500.0,980,東京メトロ南北線,白金高輪,35.6403663,139.7339083
パークコート虎ノ門,東京都港区虎ノ門４,東京メトロ日比谷線「神谷町」徒歩4分,2021年11月,385000000.0,2LDK,66.51,7.76,東京,港,49,38500.0,1910,東京メトロ日比谷線,神谷町,35.6651277,139.7441268
ワールドタワーレジデンス,東京都港区浜松町２,ＪＲ山手線「浜松町」徒歩2分,2024年11月,385000000.0,2LDK,56.68,11.63,東京,港,13,38500.0,2242,ＪＲ山手線,浜松町,35.6548149,139.7556247
ワールドタワーレジデンス,東京都港区浜松町２,ＪＲ山手線「浜松町」徒歩2分,2024年11月,385000000.0,2LDK,56.68,11.63,東京,港,13,38500.0,2242,ＪＲ山手線,浜松町,35.6548149,139.7556247
パークコート麻布十番ザタワー,東京都港区三田１,東京メトロ南北線「麻布十番」徒歩3分,2010年5月,385000000.0,2LDK,83.05,16.37,東京,港,187,38500.0,1530,東京メトロ南北線,麻布十番,35.6537721,139.741572
パークコート虎ノ門愛宕タワー,東京都港区虎ノ門３,東京メトロ日比谷線「神谷町」徒歩4分,2008年4月,385000000.0,2LDK,75.19,8.33,東京,港,212,38500.0,1690,東京メトロ日比谷線,神谷町,35.6642718,139.747001
ザ・パークハウス晴海タワーズ　クロノレジデンス,東京都中央区晴海２,都営大江戸線「勝どき」徒歩12分,2013年10月,386000000.0,3LDK,90.33,18.2,東京,中央,146,38600.0,1410,都営大江戸線,勝どき,35.6564518,139.7869359
WORLD TOWER RESIDENCE,東京都港区浜松町２,ＪＲ山手線「浜松町」徒歩2分,2024年11月,388000000.0,2LDK,68.61,15.77,東京,港,13,38800.0,1866,ＪＲ山手線,浜松町,35.6548149,139.7556247
プラウドタワー渋谷,東京都渋谷区渋谷３,東京メトロ銀座線「渋谷」徒歩5分,2025年3月,388000000.0,2LDK,70.39,9.54,東京,渋谷,9,38800.0,1819,東京メトロ銀座線,渋谷,35.6566382,139.7058165
プラウドタワー渋谷,東京都渋谷区渋谷３,ＪＲ山手線「渋谷」徒歩5分,2025年3月,388000000.0,2LDK,70.39,0.0,東京,渋谷,9,38800.0,1819,ＪＲ山手線,渋谷,35.6566382,139.7058165
プラウドタワー渋谷,東京都渋谷区渋谷３,東京メトロ銀座線「渋谷」徒歩5分,2025年3月,388000000.0,2LDK,70.39,9.54,東京,渋谷,9,38800.0,1819,東京メトロ銀座線,渋谷,35.6566382,139.7058165
ワテラス タワーレジデンス,東京都千代田区神田淡路町２,東京メトロ千代田線「新御茶ノ水」徒歩6分,2013年2月,390000000.0,2LDK+2S（納戸）,73.57,16.0,東京,千代田,154,39000.0,1749,東京メトロ千代田線,新御茶ノ水,35.6971459,139.7674443
HARUMI FLAG　PARK VILLAGE　T…,東京都中央区晴海５,都営大江戸線「勝どき」徒歩15分,2025年8月,391000000.0,2LDK,82.31,19.1,東京,中央,4,39100.0,1568,都営大江戸線,勝どき,35.6490356,139.7741538
プラウドタワー渋谷,東京都渋谷区渋谷３-3-10,東京メトロ銀座線「渋谷」徒歩5分,2025年3月,393800000.0,2LDK,70.39,10.98,東京,渋谷,9,39380.0,1846,東京メトロ銀座線,渋谷,35.6560428,139.7029406
2025年3月築　プラウドタワー渋谷　,東京都渋谷区渋谷３,ＪＲ山手線「渋谷」徒歩7分,2025年3月,393800000.0,2LDK,70.39,10.98,東京,渋谷,9,39380.0,1846,ＪＲ山手線,渋谷,35.6566382,139.7058165
プラウドタワー渋谷,東京都渋谷区渋谷３,ＪＲ山手線「渋谷」徒歩7分,2025年3月,393800000.0,2LDK,70.39,10.98,東京,渋谷,9,39380.0,1846,ＪＲ山手線,渋谷,35.6566382,139.7058165
プラウドタワー渋谷,東京都渋谷区渋谷３,ＪＲ山手線「渋谷」徒歩7分,2025年3月,393800000.0,2LDK,70.39,10.98,東京,渋谷,9,39380.0,1846,ＪＲ山手線,渋谷,35.6566382,139.7058165
クレストプライムタワー芝,東京都港区芝１,ＪＲ山手線「浜松町」徒歩8分,2007年8月,395000000.0,2LDK,86.91,10.7,東京,港,220,39500.0,1500,ＪＲ山手線,浜松町,35.65127349999999,139.7546664
クレストプライムタワー芝,東京都港区芝１,ＪＲ山手線「浜松町」徒歩6分,2007年8月,395000000.0,2LDK,86.91,10.7,東京,港,220,39500.0,1500,ＪＲ山手線,浜松町,35.65127349999999,139.7546664
パークコート虎ノ門,東京都港区虎ノ門４,東京メトロ日比谷線「神谷町」徒歩3分,2021年11月,395000000.0,2LDK,66.51,7.76,東京,港,49,39500.0,1960,東京メトロ日比谷線,神谷町,35.6651277,139.7441268
白金ザ・スカイ　東棟,東京都港区白金１,東京メトロ南北線「白金高輪」徒歩3分,2023年2月,395000000.0,2LDK,82.02,7.0,東京,港,34,39500.0,1589,東京メトロ南北線,白金高輪,35.6449583,139.7339083
クレストプライムタワー芝,東京都港区芝１,ＪＲ山手線「浜松町」徒歩6分,2007年8月,395000000.0,2LDK,86.91,10.7,東京,港,220,39500.0,1500,ＪＲ山手線,浜松町,35.65127349999999,139.7546664
白金ザ・スカイ,東京都港区白金１,東京メトロ南北線「白金高輪」徒歩3分,2022年12月,395000000.0,2LDK,82.02,7.0,東京,港,36,39500.0,1589,東京メトロ南北線,白金高輪,35.6449583,139.7339083
クレストプライムタワー芝,東京都港区芝１,ＪＲ山手線「浜松町」徒歩8分,2007年8月,395000000.0,2LDK,86.91,10.7,東京,港,220,39500.0,1500,ＪＲ山手線,浜松町,35.65127349999999,139.7546664
ザ・パークハウス 西麻布レジデンス　,東京都港区西麻布４,東京メトロ日比谷線「広尾」徒歩9分,2014年5月,398000000.0,2LDK+S（納戸）,85.87,4.72,東京,港,139,39800.0,1530,東京メトロ日比谷線,広尾,35.6581991,139.7211376
パークコート渋谷ザタワー,東京都渋谷区宇田川町,東急東横線「渋谷」徒歩9分,2020年7月,398000000.0,2LDK,81.6,8.24,東京,渋谷,65,39800.0,1610,東急東横線,渋谷,35.661594,139.6981574
白金ザ・スカイ　東棟,東京都港区白金１,東京メトロ南北線「白金高輪」徒歩3分,2023年2月,398000000.0,2LDK,81.25,7.0,東京,港,34,39800.0,1616,東京メトロ南北線,白金高輪,35.6449583,139.7339083
プラウドタワー千代田富士見,東京都千代田区富士見２,ＪＲ中央線「飯田橋」徒歩1分,2009年2月,398000000.0,3LDK,75.65,11.13,東京,千代田,202,39800.0,1736,ＪＲ中央線,飯田橋,35.6978957,139.7428494
品川Ｖタワー　タワー棟,東京都港区港南２,ＪＲ山手線「品川」徒歩6分,2003年3月,398000000.0,3LDK,99.65,6.25,東京,港,273,39800.0,1318,ＪＲ山手線,品川,35.6275595,139.7434881
品川Vタワー,東京都港区港南２,ＪＲ山手線「品川」徒歩6分,2003年3月,398000000.0,3LDK,99.65,6.25,東京,港,273,39800.0,1318,ＪＲ山手線,品川,35.6275595,139.7434881
プラウドタワー目黒ＭＡＲＣ,東京都品川区西五反田３,ＪＲ山手線「目黒」徒歩9分,2023年8月,398000000.0,3LDK,101.22,38.71,東京,品川,28,39800.0,1298,ＪＲ山手線,目黒,35.6279656,139.717307
ザ・パークハウス西麻布レジデンス,東京都港区西麻布４,東京メトロ日比谷線「広尾」徒歩6分,2014年5月,398000000.0,3LDK,85.87,4.72,東京,港,139,39800.0,1530,東京メトロ日比谷線,広尾,35.6581991,139.7211376
プラウドタワー渋谷,東京都渋谷区渋谷３,東京メトロ半蔵門線「渋谷」徒歩5分,2025年3月,398000000.0,2LDK,70.39,10.98,東京,渋谷,9,39800.0,1866,東京メトロ半蔵門線,渋谷,35.6566382,139.7058165
東京ツインパークスレフトウイング,東京都港区東新橋１,都営大江戸線「汐留」徒歩3分,2002年9月,398000000.0,2LDK,102.98,11.36,東京,港,279,39800.0,1275,都営大江戸線,汐留,35.664582,139.7613745
プラウドタワー渋谷,東京都渋谷区渋谷３,ＪＲ山手線「渋谷」徒歩7分,2025年3月,402000000.0,2LDK,73.05,9.98,東京,渋谷,9,40200.0,1816,ＪＲ山手線,渋谷,35.6566382,139.7058165
ザ・パークハウス白金二丁目タワー,東京都港区白金２,都営三田線「白金台」徒歩6分,2018年7月,408000000.0,2LDK,90.4,11.79,東京,港,89,40800.0,1489,都営三田線,白金台,35.6416377,139.7313539
パークタワー勝どきミッド,東京都中央区勝どき４,都営大江戸線「勝どき」徒歩3分,2023年8月,408000000.0,3LDK,102.21,15.82,東京,中央,28,40800.0,1317,都営大江戸線,勝どき,35.6572676,139.7760709
クレストプライムタワー芝,東京都港区芝１,ＪＲ山手線「浜松町」徒歩8分,2007年8月,409000000.0,2LDK,102.39,16.0,東京,港,220,40900.0,1318,ＪＲ山手線,浜松町,35.65127349999999,139.7546664
ザ・パークハウス西新宿タワー６０,東京都新宿区西新宿５,都営大江戸線「西新宿五丁目」徒歩9分,2017年8月,418000000.0,2LDK,104.56,18.62,東京,新宿,100,41800.0,1319,都営大江戸線,西新宿五丁目,35.6948318,139.6866706
ザ・パークハウス西新宿タワー60,東京都新宿区西新宿５,都営大江戸線「西新宿五丁目」徒歩7分,2017年8月,418000000.0,2LDK,104.56,18.62,東京,新宿,100,41800.0,1319,都営大江戸線,西新宿五丁目,35.6948318,139.6866706
プラウドタワー芝浦,東京都港区芝浦４,ＪＲ山手線「田町」徒歩11分,2023年1月,418000000.0,3LDK,98.25,13.35,東京,港,35,41800.0,1404,ＪＲ山手線,田町,35.6400662,139.7460429
ザ・パークハウス西新宿タワー６０,東京都新宿区西新宿５,都営大江戸線「西新宿五丁目」徒歩7分,2017年8月,418000000.0,2LDK,104.56,18.62,東京,新宿,100,41800.0,1319,都営大江戸線,西新宿五丁目,35.6948318,139.6866706
パークコート赤坂ザ　タワー,東京都港区赤坂４,東京メトロ千代田線「赤坂」徒歩8分,2009年6月,418000000.0,2LDK,90.76,6.18,東京,港,198,41800.0,1520,東京メトロ千代田線,赤坂,35.6748007,139.7339083
高輪ザ・レジデンス3804号室,東京都港区高輪１-27番37号,都営浅草線「高輪台」徒歩8分,2005年10月,418000000.0,3LDK,121.99,14.87,東京,港,242,41800.0,1131,都営浅草線,高輪台,35.6360687,139.7316993
シティタワー麻布十番,東京都港区三田１,東京メトロ南北線「麻布十番」徒歩5分,2009年6月,418000000.0,2LDK,75.18,6.0,東京,港,198,41800.0,1835,東京メトロ南北線,麻布十番,35.6537721,139.741572
プラウドタワー芝浦,東京都港区芝浦４,ＪＲ山手線「田町」徒歩11分,2023年1月,418000000.0,3LDK,98.25,13.35,東京,港,35,41800.0,1404,ＪＲ山手線,田町,35.6400662,139.7460429
乃木坂パークハウス,東京都港区赤坂８,東京メトロ千代田線「乃木坂」徒歩2分,2010年6月,418000000.0,2LDK,88.56,13.05,東京,港,186,41800.0,1558,東京メトロ千代田線,乃木坂,35.6710904,139.7275226
大崎ウエストシティタワーズW棟,東京都品川区大崎２,ＪＲ山手線「大崎」徒歩4分,2009年10月,418000000.0,2LDK,109.14,5.39,東京,品川,194,41800.0,1264,ＪＲ山手線,大崎,35.6177742,139.7262455
白金ザ・スカイ,東京都港区白金１,東京メトロ南北線「白金高輪」徒歩3分,2023年2月,420000000.0,2LDK,84.66,0.0,東京,港,34,42000.0,1637,東京メトロ南北線,白金高輪,35.6449583,139.7339083
グランドメゾン恵比寿の杜　タワー,東京都渋谷区恵比寿４,ＪＲ山手線「恵比寿」徒歩7分,2003年11月,423000000.0,3LDK,96.96,4.7,東京,渋谷,265,42300.0,1440,ＪＲ山手線,恵比寿,35.6447945,139.7134765
クレストプライムタワー芝,東京都港区芝１-2-1,ＪＲ山手線「浜松町」徒歩6分,2007年8月,425000000.0,3LDK,100.61,13.7,東京,港,220,42500.0,1394,ＪＲ山手線,浜松町,35.6526383,139.7557165
ＨＡＲＵＭＩ　ＦＬＡＧ　ＳＵＮ　ＶＩＬＬＡＧＥ　Ｔ棟,東京都中央区晴海５,都営大江戸線「勝どき」徒歩14分,2025年8月,425000000.0,2LDK,103.74,24.88,東京,中央,4,42500.0,1352,都営大江戸線,勝どき,35.6490356,139.7741538
プラウドタワー千代田富士見,東京都千代田区富士見２,ＪＲ中央線「飯田橋」徒歩3分,2009年2月,428000000.0,2LDK,93.55,6.63,東京,千代田,202,42800.0,1510,ＪＲ中央線,飯田橋,35.6978957,139.7428494
ブランズ渋谷桜丘,東京都渋谷区桜丘町,ＪＲ山手線「渋谷」徒歩4分,2023年11月,428000000.0,1LDK,60.95,13.43,東京,渋谷,25,42800.0,2317,ＪＲ山手線,渋谷,35.6557349,139.7007103
クラッシィタワー新宿御苑,東京都新宿区四谷４,東京メトロ丸ノ内線「新宿御苑前」徒歩4分,2024年10月,428000000.0,2LDK,97.68,10.55,東京,新宿,14,42800.0,1446,東京メトロ丸ノ内線,新宿御苑前,35.6894241,139.7160301
クラッシィタワー新宿御苑,東京都新宿区四谷４,東京メトロ丸ノ内線「新宿御苑前」徒歩4分,2024年10月,428000000.0,2LDK,97.68,10.55,東京,新宿,14,42800.0,1446,東京メトロ丸ノ内線,新宿御苑前,35.6894241,139.7160301
ザ・パークハウス白金二丁目タワー,東京都港区白金２-5-20,東京メトロ南北線「白金台」徒歩5分,2018年7月,428000000.0,2LDK,88.26,11.79,東京,港,89,42800.0,1600,東京メトロ南北線,白金台,35.6404138,139.730607
クラッシィタワー新宿御苑,東京都新宿区四谷４,東京メトロ丸ノ内線「新宿御苑前」徒歩4分,2024年10月,428000000.0,3LDK,97.68,10.55,東京,新宿,14,42800.0,1446,東京メトロ丸ノ内線,新宿御苑前,35.6894241,139.7160301
クラッシィタワー新宿御苑,東京都新宿区四谷４,東京メトロ丸ノ内線「新宿御苑前」徒歩4分,2024年10月,428000000.0,2LDK,97.68,10.55,東京,新宿,14,42800.0,1446,東京メトロ丸ノ内線,新宿御苑前,35.6894241,139.7160301
パークコート浜離宮ザ・タワー,東京都港区浜松町１,ＪＲ山手線「浜松町」徒歩5分,2019年2月,428000000.0,2LDK,68.86,17.68,東京,港,82,42800.0,2051,ＪＲ山手線,浜松町,35.658259,139.7556247
ブリリアタワー浜離宮,東京都港区海岸１,ＪＲ山手線「浜松町」徒歩5分,2023年9月,428000000.0,2LDK,83.01,18.59,東京,港,27,42800.0,1701,ＪＲ山手線,浜松町,35.6553975,139.7613745
クラッシィタワー新宿御苑,東京都新宿区四谷４,東京メトロ丸ノ内線「新宿御苑前」徒歩4分,2024年10月,428000000.0,2LDK,97.68,10.55,東京,新宿,14,42800.0,1446,東京メトロ丸ノ内線,新宿御苑前,35.6894241,139.7160301
東京ツインパークス　レフトウイング,東京都港区東新橋１,都営大江戸線「汐留」徒歩3分,2002年9月,428000000.0,1LDK,104.89,10.41,東京,港,279,42800.0,1347,都営大江戸線,汐留,35.664582,139.7613745
パークコート渋谷ザタワー,東京都渋谷区宇田川町,東急東横線「渋谷」徒歩8分,2020年7月,430000000.0,2LDK,89.85,8.16,東京,渋谷,65,43000.0,1579,東急東横線,渋谷,35.661594,139.6981574
パークコート千代田富士見ザ・タワー,東京都千代田区富士見２,ＪＲ中央線「飯田橋」徒歩3分,2014年3月,430000000.0,3LDK,71.82,18.32,東京,千代田,141,43000.0,1976,ＪＲ中央線,飯田橋,35.6978957,139.7428494
クラッシィタワー新宿御苑,東京都新宿区四谷４,東京メトロ丸ノ内線「新宿御苑前」徒歩4分,2024年11月,430000000.0,3LDK,90.09,0.0,東京,新宿,13,43000.0,1575,東京メトロ丸ノ内線,新宿御苑前,35.6894241,139.7160301
パークコート浜離宮　ザ　タワー,東京都港区浜松町１,ＪＲ山手線「浜松町」徒歩5分,2019年2月,432900000.0,1LDK,75.95,19.5,東京,港,82,43290.0,1881,ＪＲ山手線,浜松町,35.658259,139.7556247
プラウドタワー渋谷,東京都渋谷区渋谷３,東京メトロ銀座線「渋谷」徒歩5分,2025年3月,434800000.0,2LDK,70.39,9.54,東京,渋谷,9,43480.0,2038,東京メトロ銀座線,渋谷,35.6566382,139.7058165
WORLD TOWER RESIDENCE,東京都港区浜松町２,ＪＲ山手線「浜松町」徒歩2分,2024年11月,434800000.0,2LDK,70.74,14.78,東京,港,13,43480.0,2028,ＪＲ山手線,浜松町,35.6548149,139.7556247
ＷＯＲＬＤ　ＴＯＷＥＲ　ＲＥＳＩＤＥＮＣＥ,東京都港区浜松町２,ＪＲ山手線「浜松町」徒歩2分,2024年11月,434800000.0,2LDK,70.74,14.78,東京,港,13,43480.0,2028,ＪＲ山手線,浜松町,35.6548149,139.7556247
プレミストタワー白金高輪,東京都港区高輪１-3-2,都営三田線「白金高輪」徒歩1分,2022年11月,435000000.0,2LDK,86.84,5.7,東京,港,37,43500.0,1653,都営三田線,白金高輪,35.6439376,139.7351476
パークコート麻布十番ザ・タワー,東京都港区三田１,東京メトロ南北線「麻布十番」徒歩3分,2010年5月,438000000.0,3LDK,89.69,8.04,東京,港,187,43800.0,1612,東京メトロ南北線,麻布十番,35.6537721,139.741572
ブランズタワー芝浦,東京都港区芝浦２,ＪＲ山手線「田町」徒歩8分,2021年8月,438000000.0,3LDK,100.35,19.86,東京,港,52,43800.0,1440,ＪＲ山手線,田町,35.6446055,139.7530694
白金ザ・スカイ　EAST棟　23階　南西角,東京都港区白金１-2－2,東京メトロ南北線「白金高輪」徒歩3分,2023年2月,438000000.0,3LDK,84.66,7.0,東京,港,34,43800.0,1707,東京メトロ南北線,白金高輪,35.6462101,139.7339881
ブランズタワー芝浦,東京都港区芝浦２,ＪＲ山手線「田町」徒歩9分,2021年8月,438000000.0,3LDK+S（納戸）,100.35,19.86,東京,港,52,43800.0,1440,ＪＲ山手線,田町,35.6446055,139.7530694
白金ザ・スカイ,東京都港区白金１,東京メトロ南北線「白金高輪」徒歩3分,2023年2月,438000000.0,3LDK,80.82,11.2,東京,港,34,43800.0,1788,東京メトロ南北線,白金高輪,35.6449583,139.7339083
白金ザ・スカイ　EAST,東京都港区白金１,東京メトロ南北線「白金高輪」徒歩3分,2023年2月,438000000.0,3LDK,80.82,11.2,東京,港,34,43800.0,1788,東京メトロ南北線,白金高輪,35.6449583,139.7339083
パークコート赤坂ザタワー,東京都港区赤坂４,東京メトロ千代田線「赤坂」徒歩8分,2009年6月,438000000.0,2LDK,83.84,0.0,東京,港,198,43800.0,1724,東京メトロ千代田線,赤坂,35.6748007,139.7339083
白金ザ・スカイ　E棟,東京都港区白金１,東京メトロ南北線「白金高輪」徒歩3分,2023年3月,438000000.0,3LDK,84.66,7.0,東京,港,33,43800.0,1707,東京メトロ南北線,白金高輪,35.6449583,139.7339083
キャピタルゲートプレイスザ・タワー,東京都中央区月島１,東京メトロ有楽町線「月島」徒歩1分,2015年7月,439800000.0,2LDK,85.21,14.85,東京,中央,125,43980.0,1703,東京メトロ有楽町線,月島,35.6644207,139.7824618
東京TWIN PARKS LEFT WING　18階…,東京都港区西新橋１,都営大江戸線「汐留」徒歩3分,2002年11月,440000000.0,4LDK,104.89,10.41,東京,港,277,44000.0,1384,都営大江戸線,汐留,35.6687141,139.7530694
ザ・パークハウス西麻布レジデンス,東京都港区西麻布４,東京メトロ日比谷線「広尾」徒歩6分,2014年5月,440000000.0,3LDK,99.77,0.0,東京,港,139,44000.0,1455,東京メトロ日比谷線,広尾,35.6581991,139.7211376
東京ツインパークス　レフトウィング,東京都港区東新橋１,都営大江戸線「汐留」徒歩3分,2002年9月,440000000.0,1LDK,104.89,10.41,東京,港,279,44000.0,1384,都営大江戸線,汐留,35.664582,139.7613745
六本木ヒルズレジデンスB棟,東京都港区六本木６,東京メトロ日比谷線「六本木」徒歩6分,2003年4月,447800000.0,1LDK+S（納戸）,64.56,11.0,東京,港,272,44780.0,2289,東京メトロ日比谷線,六本木,35.6606389,139.7300768
六本木ヒルズレジデンス　Ｂ棟,東京都港区六本木６,東京メトロ日比谷線「六本木」徒歩6分,2003年4月,447800000.0,1LDK+S（納戸）,64.56,11.0,東京,港,272,44780.0,2289,東京メトロ日比谷線,六本木,35.6606389,139.7300768
芝浦アイランドケープタワー,東京都港区芝浦４,ＪＲ山手線「田町」徒歩12分,2006年10月,448000000.0,3LDK,133.58,16.62,東京,港,230,44800.0,1107,ＪＲ山手線,田町,35.6400662,139.7460429
芝浦アイランド　ケープタワー,東京都港区芝浦４,ＪＲ山手線「田町」徒歩12分,2006年10月,448000000.0,3LDK,133.58,16.62,東京,港,230,44800.0,1107,ＪＲ山手線,田町,35.6400662,139.7460429
パークコート神宮北参道ザタワー,東京都渋谷区千駄ヶ谷４,東京メトロ副都心線「北参道」徒歩1分,2023年1月,448000000.0,3LDK,90.57,7.36,東京,渋谷,35,44800.0,1632,東京メトロ副都心線,北参道,35.6791468,139.709008
芝浦アイランドケープタワー,東京都港区芝浦４,ＪＲ山手線「田町」徒歩13分,2006年10月,448000000.0,3LDK,133.58,16.62,東京,港,230,44800.0,1107,ＪＲ山手線,田町,35.6400662,139.7460429
パークタワー晴海,東京都中央区晴海２,東京メトロ有楽町線「月島」徒歩11分,2019年2月,448000000.0,2LDK,105.65,24.9,東京,中央,82,44800.0,1399,東京メトロ有楽町線,月島,35.6564518,139.7869359
ブランズ渋谷桜丘,東京都渋谷区桜丘町,ＪＲ山手線「渋谷」徒歩4分,2023年11月,448000000.0,1LDK,63.8,11.54,東京,渋谷,25,44800.0,2317,ＪＲ山手線,渋谷,35.6557349,139.7007103
プラウドタワー千代田富士見,東京都千代田区富士見２,ＪＲ中央線「飯田橋」徒歩1分,2009年2月,448000000.0,3LDK,80.07,11.47,東京,千代田,202,44800.0,1846,ＪＲ中央線,飯田橋,35.6978957,139.7428494
シティタワー麻布十番,東京都港区三田１,都営大江戸線「麻布十番」徒歩5分,2009年6月,449800000.0,2LDK,78.12,6.0,東京,港,198,44980.0,1900,都営大江戸線,麻布十番,35.6537721,139.741572
パークコート浜離宮　ザ　タワー,東京都港区浜松町１,ＪＲ山手線「浜松町」徒歩5分,2019年2月,455800000.0,2LDK,76.05,20.56,東京,港,82,45580.0,1978,ＪＲ山手線,浜松町,35.658259,139.7556247
ＴＯＫＹＯ　ＴＩＭＥＳ　ＴＯＷＥＲ,東京都千代田区外神田４-14-2,東京メトロ銀座線「末広町」徒歩3分,2004年9月,458000000.0,3LDK,118.81,17.75,東京,千代田,255,45800.0,1272,東京メトロ銀座線,末広町,35.7013742,139.7725881
WORLD TOWER RESIDENCE,東京都港区浜松町２,ＪＲ山手線「浜松町」徒歩2分,2024年11月,458000000.0,2LDK,70.74,14.78,東京,港,13,45800.0,2137,ＪＲ山手線,浜松町,35.6548149,139.7556247
東京タイムズタワー,東京都千代田区外神田４,ＪＲ山手線「秋葉原」徒歩3分,2004年9月,458000000.0,3LDK,118.0,20.0,東京,千代田,255,45800.0,1281,ＪＲ山手線,秋葉原,35.7005017,139.7722367
ブリリアタワー浜離宮,東京都港区海岸１,ＪＲ山手線「浜松町」徒歩5分,2023年9月,458000000.0,2LDK,83.01,18.59,東京,港,27,45800.0,1821,ＪＲ山手線,浜松町,35.6553975,139.7613745
ブランズタワー芝浦,東京都港区芝浦２,ＪＲ山手線「田町」徒歩8分,2021年8月,458000000.0,3LDK,103.11,22.34,東京,港,52,45800.0,1466,ＪＲ山手線,田町,35.6446055,139.7530694
ＴＯＫＹＯ　ＴＩＭＥＳ　ＴＯＷＥＲ,東京都千代田区外神田４,ＪＲ山手線「秋葉原」徒歩6分,2004年9月,458000000.0,3LDK,118.81,17.75,東京,千代田,255,45800.0,1272,ＪＲ山手線,秋葉原,35.7005017,139.7722367
ブリリアタワー浜離宮30階,東京都港区海岸１,新交通ゆりかもめ「竹芝」徒歩2分,2023年9月,458000000.0,2LDK,83.1,8.4,東京,港,27,45800.0,1819,新交通ゆりかもめ,竹芝,35.6553975,139.7613745
ブリリアタワー浜離宮,東京都港区海岸１,新交通ゆりかもめ「竹芝」徒歩2分,2023年9月,458000000.0,2LDK,83.1,8.4,東京,港,27,45800.0,1819,新交通ゆりかもめ,竹芝,35.6553975,139.7613745
ブランズタワー芝浦,東京都港区芝浦２,ＪＲ山手線「田町」徒歩8分,2021年9月,460000000.0,3LDK,105.71,10.45,東京,港,51,46000.0,1436,ＪＲ山手線,田町,35.6446055,139.7530694
東京ツインパークス　レフトウィング,東京都港区東新橋１,都営大江戸線「汐留」徒歩3分,2002年9月,465000000.0,3LDK,116.01,10.16,東京,港,279,46500.0,1323,都営大江戸線,汐留,35.664582,139.7613745
パークコート青山ザ・タワー,東京都港区南青山２,東京メトロ半蔵門線「青山一丁目」徒歩3分,2017年12月,465000000.0,2LDK,80.98,0.0,東京,港,96,46500.0,1895,東京メトロ半蔵門線,青山一丁目,35.6652799,139.723053
東京タイムズタワー,東京都千代田区外神田４,東京メトロ銀座線「末広町」徒歩2分,2004年9月,468000000.0,3LDK,118.81,17.75,東京,千代田,255,46800.0,1300,東京メトロ銀座線,末広町,35.7005017,139.7722367
TOKYO TIMES TOWER,東京都千代田区外神田４,東京メトロ銀座線「末広町」徒歩2分,2004年9月,468000000.0,3LDK,118.0,0.0,東京,千代田,255,46800.0,1309,東京メトロ銀座線,末広町,35.7005017,139.7722367
プラウドタワー千代田富士見,東京都千代田区富士見２,ＪＲ中央線「飯田橋」徒歩2分,2009年2月,468000000.0,2LDK,94.88,4.54,東京,千代田,202,46800.0,1628,ＪＲ中央線,飯田橋,35.6978957,139.7428494
ＴＯＫＹＯ　ＴＩＭＥＳ　ＴＯＷＥＲ,東京都千代田区外神田４,ＪＲ山手線「秋葉原」徒歩3分,2004年9月,468000000.0,3LDK,118.81,0.0,東京,千代田,255,46800.0,1300,ＪＲ山手線,秋葉原,35.7005017,139.7722367
TOKYO TIMES TOWER,東京都千代田区外神田４-14-2,東京メトロ銀座線「末広町」徒歩2分,2004年9月,468000000.0,3LDK,118.0,7.0,東京,千代田,255,46800.0,1309,東京メトロ銀座線,末広町,35.7013742,139.7725881
TOKYO TIMES TOWER,東京都千代田区外神田４,東京メトロ銀座線「末広町」徒歩2分,2004年9月,468000000.0,3LDK,118.81,17.75,東京,千代田,255,46800.0,1300,東京メトロ銀座線,末広町,35.7005017,139.7722367
東京タイムズタワー,東京都千代田区外神田４,東京メトロ銀座線「末広町」徒歩2分,2004年9月,468000000.0,3LDK,118.81,0.0,東京,千代田,255,46800.0,1300,東京メトロ銀座線,末広町,35.7005017,139.7722367
パークコート浜離宮ザタワー,東京都港区浜松町１,ＪＲ山手線「浜松町」徒歩5分,2019年2月,475000000.0,3LDK,74.23,20.55,東京,港,82,47500.0,2112,ＪＲ山手線,浜松町,35.658259,139.7556247
TOKYO TIMES TOWER,東京都千代田区外神田４,ＪＲ山手線「秋葉原」徒歩5分,2004年9月,478000000.0,3LDK,118.81,17.75,東京,千代田,255,47800.0,1328,ＪＲ山手線,秋葉原,35.7005017,139.7722367
プラウドタワー渋谷,東京都渋谷区渋谷３,東京メトロ半蔵門線「渋谷」徒歩5分,2025年3月,480000000.0,3LDK,86.36,0.0,東京,渋谷,9,48000.0,1834,東京メトロ半蔵門線,渋谷,35.6566382,139.7058165
マジェスタワー六本木,東京都港区六本木７,都営大江戸線「六本木」徒歩5分,2006年2月,480000000.0,2LDK,117.14,4.55,東京,港,238,48000.0,1352,都営大江戸線,六本木,35.6642047,139.7275226
パークコート千代田富士見ザ　タワー,東京都千代田区富士見２,ＪＲ中央線「飯田橋」徒歩3分,2014年3月,480000000.0,2LDK+S（納戸）,78.82,12.6,東京,千代田,141,48000.0,2010,ＪＲ中央線,飯田橋,35.6978957,139.7428494
パークタワー勝どきサウス,東京都中央区勝どき４,都営大江戸線「勝どき」徒歩2分,2023年8月,488000000.0,3LDK,106.15,16.63,東京,中央,28,48800.0,1517,都営大江戸線,勝どき,35.6572676,139.7760709
パークコート千代田富士見ザ・タワー,東京都千代田区富士見２,ＪＲ総武線「飯田橋」徒歩3分,2014年3月,490000000.0,3LDK,87.51,23.78,東京,千代田,141,49000.0,1848,ＪＲ総武線,飯田橋,35.6978957,139.7428494
THE ROPPONGI TOKYO CLUB RE…,東京都港区六本木３,東京メトロ日比谷線「六本木」徒歩3分,2011年11月,498000000.0,2LDK+S（納戸）,96.06,9.01,東京,港,169,49800.0,1711,東京メトロ日比谷線,六本木,35.6632012,139.7364627
ＴＨＥ　ＲＯＰＰＯＮＧＩ　ＴＯＫＹＯ　ＣＬＵＢ　ＲＥ…,東京都港区六本木３,東京メトロ日比谷線「六本木」徒歩3分,2011年11月,498000000.0,2LDK,96.06,9.01,東京,港,169,49800.0,1711,東京メトロ日比谷線,六本木,35.6632012,139.7364627
ワテラス　タワーレジデンス,東京都千代田区神田淡路町２,東京メトロ千代田線「新御茶ノ水」徒歩3分,2013年2月,498000000.0,3LDK,98.08,4.64,東京,千代田,154,49800.0,1676,東京メトロ千代田線,新御茶ノ水,35.6971459,139.7674443
東京ツインパークス　レフトウィング,東京都港区東新橋１,都営大江戸線「汐留」徒歩3分,2002年9月,498000000.0,2LDK,103.63,9.9,東京,港,279,49800.0,1586,都営大江戸線,汐留,35.664582,139.7613745
東京ツインパークス　レフトウィング,東京都港区東新橋１,ＪＲ山手線「浜松町」徒歩7分,2002年9月,498000000.0,2LDK,109.39,9.43,東京,港,279,49800.0,1502,ＪＲ山手線,浜松町,35.664582,139.7613745
パークコート麻布十番ザ・タワー,東京都港区三田１,東京メトロ南北線「麻布十番」徒歩3分,2010年5月,498000000.0,2LDK,94.55,7.35,東京,港,187,49800.0,1738,東京メトロ南北線,麻布十番,35.6537721,139.741572
ＴＨＥ　ＲＯＰＰＯＮＧＩ　ＴＯＫＹＯ,東京都港区六本木３,東京メトロ日比谷線「六本木」徒歩3分,2011年11月,498000000.0,2LDK,98.27,3.49,東京,港,169,49800.0,1672,東京メトロ日比谷線,六本木,35.6632012,139.7364627
東京ツインパークス　レフトウィング,東京都港区東新橋１,都営大江戸線「汐留」徒歩3分,2002年9月,498000000.0,2LDK,109.39,9.43,東京,港,279,49800.0,1502,都営大江戸線,汐留,35.664582,139.7613745
ＴＨＥ　ＲＯＰＰＯＮＧＩ　ＴＯＫＹＯ,東京都港区六本木３,東京メトロ日比谷線「六本木」徒歩3分,2011年11月,498000000.0,2LDK,98.27,3.49,東京,港,169,49800.0,1672,東京メトロ日比谷線,六本木,35.6632012,139.7364627
パークコート麻布十番ザ・タワー,東京都港区三田１,東京メトロ南北線「麻布十番」徒歩3分,2010年5月,498000000.0,2LDK,94.55,7.35,東京,港,187,49800.0,1738,東京メトロ南北線,麻布十番,35.6537721,139.741572
シティタワー麻布十番,東京都港区三田１,東京メトロ南北線「麻布十番」徒歩4分,2009年5月,498000000.0,1LDK,80.4,5.52,東京,港,199,49800.0,2044,東京メトロ南北線,麻布十番,35.6537721,139.741572
プラウドタワー渋谷,東京都渋谷区渋谷３,ＪＲ山手線「渋谷」徒歩9分,2025年3月,498000000.0,2LDK,97.15,7.58,東京,渋谷,9,49800.0,1692,ＪＲ山手線,渋谷,35.6566382,139.7058165
ＴＨＥ　ＲＯＰＰＯＮＧＩ　ＴＯＫＹＯ,東京都港区六本木３,東京メトロ日比谷線「六本木」徒歩3分,2011年11月,498000000.0,2LDK,96.06,9.01,東京,港,169,49800.0,1711,東京メトロ日比谷線,六本木,35.6632012,139.7364627
プラウドタワー渋谷,東京都渋谷区渋谷３-3-1,東京メトロ銀座線「渋谷」徒歩6分,2025年3月,498000000.0,2LDK,97.15,7.58,東京,渋谷,9,49800.0,1692,東京メトロ銀座線,渋谷,35.6570204,139.7066343
パークコート赤坂ザ・タワー,東京都港区赤坂４,東京メトロ千代田線「赤坂」徒歩8分,2009年6月,498000000.0,2LDK,92.92,11.11,東京,港,198,49800.0,1769,東京メトロ千代田線,赤坂,35.6748007,139.7339083
THE ROPPONGI TOKYO CLUB RE…,東京都港区六本木３,都営大江戸線「六本木」徒歩3分,2011年11月,498000000.0,2LDK+S（納戸）,96.06,9.01,東京,港,169,49800.0,1711,都営大江戸線,六本木,35.6632012,139.7364627
WORLD TOWER RESIDENCE,東京都港区浜松町２,ＪＲ山手線「浜松町」徒歩2分,2024年11月,499000000.0,2LDK,74.67,19.63,東京,港,13,49900.0,2205,ＪＲ山手線,浜松町,35.6548149,139.7556247
プラウドタワー渋谷,東京都渋谷区渋谷３,東急東横線「渋谷」徒歩5分,2025年3月,499000000.0,2LDK,98.08,11.86,東京,渋谷,9,49900.0,1679,東急東横線,渋谷,35.6566382,139.7058165
パークコート虎ノ門愛宕タワー,東京都港区虎ノ門３,東京メトロ日比谷線「神谷町」徒歩4分,2008年4月,500000000.0,2LDK,86.14,7.14,東京,港,212,50000.0,1915,東京メトロ日比谷線,神谷町,35.6642718,139.747001
パークコート虎ノ門愛宕タワー,東京都港区虎ノ門３,東京メトロ日比谷線「神谷町」徒歩4分,2008年4月,500000000.0,2LDK,86.14,7.14,東京,港,212,50000.0,1915,東京メトロ日比谷線,神谷町,35.6642718,139.747001
パークタワー勝どきミッド,東京都中央区勝どき４,都営大江戸線「勝どき」徒歩1分,2023年8月,500000000.0,3LDK+S（納戸）,101.46,16.15,東京,中央,28,50000.0,1626,都営大江戸線,勝どき,35.6572676,139.7760709
パークタワー勝どきミッド,東京都中央区勝どき４,都営大江戸線「勝どき」徒歩1分,2023年8月,500000000.0,3LDK+S（納戸）,101.46,16.15,東京,中央,28,50000.0,1626,都営大江戸線,勝どき,35.6572676,139.7760709
パークコート赤坂　ザ　タワー,東京都港区赤坂４,東京メトロ千代田線「赤坂」徒歩8分,2009年6月,508000000.0,2LDK,105.0,16.43,東京,港,198,50800.0,1597,東京メトロ千代田線,赤坂,35.6748007,139.7339083
パークコート虎ノ門,東京都港区虎ノ門４,東京メトロ日比谷線「神谷町」徒歩4分,2021年11月,508800000.0,2LDK,75.46,12.13,東京,港,49,50880.0,2225,東京メトロ日比谷線,神谷町,35.6651277,139.7441268
ザ・パークハウス西麻布レジデンス,東京都港区西麻布４,東京メトロ日比谷線「広尾」徒歩6分,2014年5月,510000000.0,3LDK+S（納戸）,105.22,15.73,東京,港,139,51000.0,1600,東京メトロ日比谷線,広尾,35.6581991,139.7211376
パークコート赤坂ザ・タワー,東京都港区赤坂４,東京メトロ千代田線「赤坂」徒歩8分,2009年6月,520000000.0,2LDK,110.04,11.62,東京,港,198,52000.0,1559,東京メトロ千代田線,赤坂,35.6748007,139.7339083
東京パークタワー,東京都千代田区神田神保町１,都営三田線「神保町」徒歩1分,2003年1月,528000000.0,2LDK,116.65,15.16,東京,千代田,275,52800.0,1494,都営三田線,神保町,35.6953781,139.7594578
東京パークタワー,東京都千代田区神田神保町１,東京メトロ半蔵門線「神保町」徒歩1分,2003年1月,528000000.0,2LDK,116.65,15.16,東京,千代田,275,52800.0,1494,東京メトロ半蔵門線,神保町,35.6953781,139.7594578
東京パークタワー,東京都千代田区神田神保町１,都営三田線「神保町」徒歩1分,2003年1月,528000000.0,2LDK,116.65,15.16,東京,千代田,275,52800.0,1494,都営三田線,神保町,35.6953781,139.7594578
ＨＡＲＵＭＩ　ＦＬＡＧ　ＰＡＲＫ　ＶＩＬＬＡＧＥ　Ｔ…,東京都中央区晴海５,都営大江戸線「勝どき」徒歩15分,2025年8月,528000000.0,3LDK,109.39,45.34,東京,中央,4,52800.0,1593,都営大江戸線,勝どき,35.6490356,139.7741538
プラウドタワー千代田富士見レジデンス,東京都千代田区富士見１,東京メトロ東西線「飯田橋」徒歩4分,2014年2月,528000000.0,2LDK,96.6,24.14,東京,千代田,142,52800.0,1804,東京メトロ東西線,飯田橋,35.6971385,139.7466817
プラウドタワー千代田富士見レジデンス,東京都千代田区富士見１,ＪＲ中央線「飯田橋」徒歩6分,2014年2月,528000000.0,2LDK,96.6,24.14,東京,千代田,142,52800.0,1804,ＪＲ中央線,飯田橋,35.6971385,139.7466817
プラウドタワー千代田富士見レジデンス,東京都千代田区富士見１,東京メトロ東西線「飯田橋」徒歩4分,2014年2月,528000000.0,2LDK,96.6,24.14,東京,千代田,142,52800.0,1804,東京メトロ東西線,飯田橋,35.6971385,139.7466817
プラウドタワー千代田富士見レジデンス,東京都千代田区富士見１,ＪＲ中央線「飯田橋」徒歩4分,2014年2月,528000000.0,2LDK,96.6,24.14,東京,千代田,142,52800.0,1804,ＪＲ中央線,飯田橋,35.6971385,139.7466817
白金ザ・スカイ,東京都港区白金１,東京メトロ南北線「白金高輪」徒歩3分,2023年2月,530000000.0,4LDK,92.84,7.0,東京,港,34,53000.0,1884,東京メトロ南北線,白金高輪,35.6449583,139.7339083
白金ザ・スカイEAST,東京都港区白金１,東京メトロ南北線「白金高輪」徒歩3分,2023年2月,530000000.0,3LDK,92.84,7.0,東京,港,34,53000.0,1884,東京メトロ南北線,白金高輪,35.6449583,139.7339083
白金ザ・スカイ　ＥＡＳＴ棟,東京都港区白金１,東京メトロ南北線「白金高輪」徒歩3分,2023年2月,530000000.0,3LDK,92.84,7.0,東京,港,34,53000.0,1884,東京メトロ南北線,白金高輪,35.6449583,139.7339083
白金ザ・スカイ,東京都港区白金１,東京メトロ南北線「白金高輪」徒歩3分,2023年2月,530000000.0,3LDK+S（納戸）,92.84,7.0,東京,港,34,53000.0,1884,東京メトロ南北線,白金高輪,35.6449583,139.7339083
白金ザ・スカイE棟,東京都港区白金１,都営三田線「白金高輪」徒歩3分,2023年2月,530000000.0,3LDK,92.84,7.0,東京,港,34,53000.0,1884,都営三田線,白金高輪,35.6449583,139.7339083
THE ROPPONGI TOKYO CLUB RE…,東京都港区六本木３,東京メトロ日比谷線「六本木」徒歩3分,2011年11月,530000000.0,2LDK,83.83,6.3,東京,港,169,53000.0,2086,東京メトロ日比谷線,六本木,35.6632012,139.7364627
白金ザ・スカイ,東京都港区白金１-２－１,東京メトロ南北線「白金高輪」徒歩4分,2022年12月,530000000.0,3LDK,92.84,7.0,東京,港,36,53000.0,1884,東京メトロ南北線,白金高輪,35.6460844,139.7351057
白金ザ・スカイ,東京都港区白金１-2-1,東京メトロ南北線「白金高輪」徒歩3分,2023年2月,530000000.0,3LDK,92.84,7.0,東京,港,34,53000.0,1884,東京メトロ南北線,白金高輪,35.6460844,139.7351057
プラウドタワー渋谷,東京都渋谷区渋谷３,東京メトロ半蔵門線「渋谷」徒歩5分,2025年3月,540000000.0,2LDK,97.15,7.58,東京,渋谷,9,54000.0,1834,東京メトロ半蔵門線,渋谷,35.6566382,139.7058165
ＷＯＲＬＤ　ＴＯＷＥＲ　ＲＥＳＩＤＥＮＣＥ,東京都港区浜松町２,ＪＲ山手線「浜松町」徒歩2分,2024年11月,548000000.0,3LDK,81.2,0.0,東京,港,13,54800.0,2227,ＪＲ山手線,浜松町,35.6548149,139.7556247
東京パークタワー,東京都千代田区神田神保町１,東京メトロ半蔵門線「神保町」徒歩1分,2003年1月,548000000.0,2LDK,100.65,40.13,東京,千代田,275,54800.0,1797,東京メトロ半蔵門線,神保町,35.6953781,139.7594578
東京ガーデンテラス紀尾井町　紀尾井レジデンス,東京都千代田区紀尾井町,東京メトロ半蔵門線「永田町」徒歩1分,2016年5月,548000000.0,1LDK,55.65,11.12,東京,千代田,115,54800.0,3250,東京メトロ半蔵門線,永田町,35.6810509,139.7351855
赤坂タワーレジデンストップオブザヒル,東京都港区赤坂２,東京メトロ千代田線「赤坂」徒歩4分,2008年4月,548000000.0,3LDK,95.07,16.09,東京,港,212,54800.0,1902,東京メトロ千代田線,赤坂,35.6711124,139.7390173
東京ガーデンテラス紀尾井町　紀尾井レジデンス,東京都千代田区紀尾井町,東京メトロ銀座線「赤坂見附」徒歩1分,2016年5月,548000000.0,1LDK,55.65,11.12,東京,千代田,115,54800.0,3250,東京メトロ銀座線,赤坂見附,35.6810509,139.7351855
ＨＡＲＵＭＩ　ＦＬＡＧ　ＳＵＮ　ＶＩＬＬＡＧＥ　Ｔ棟,東京都中央区晴海５,都営大江戸線「勝どき」徒歩14分,2025年8月,549800000.0,3LDK,121.66,51.72,東京,中央,4,54980.0,1491,都営大江戸線,勝どき,35.6490356,139.7741538
パークコート神宮北参道ザ・タワー,東京都渋谷区千駄ヶ谷４-6-8,東京メトロ副都心線「北参道」徒歩1分,2023年1月,550000000.0,2LDK,97.14,5.83,東京,渋谷,35,55000.0,1868,東京メトロ副都心線,北参道,35.6802369,139.7047582
パークコート神宮北参道ザタワー,東京都渋谷区千駄ヶ谷４,東京メトロ副都心線「北参道」徒歩1分,2023年1月,550000000.0,2LDK,97.14,5.83,東京,渋谷,35,55000.0,1868,東京メトロ副都心線,北参道,35.6791468,139.709008
ＷＯＲＬＤ　ＴＯＷＥＲ　ＲＥＳＩＤＥＮＣＥ,東京都港区浜松町２,ＪＲ山手線「浜松町」徒歩2分,2024年11月,550000000.0,2LDK,74.67,19.63,東京,港,13,55000.0,2431,ＪＲ山手線,浜松町,35.6548149,139.7556247
パークコート神宮北参道ザタワー,東京都渋谷区千駄ヶ谷４,東京メトロ副都心線「北参道」徒歩1分,2023年1月,550000000.0,2LDK,97.14,5.83,東京,渋谷,35,55000.0,1868,東京メトロ副都心線,北参道,35.6791468,139.709008
パークコート六本木ヒルトップ,東京都港区六本木１-7-10,東京メトロ南北線「六本木一丁目」徒歩3分,2012年8月,550000000.0,3LDK,80.94,8.19,東京,港,160,55000.0,2242,東京メトロ南北線,六本木一丁目,35.6638359,139.7401299
パークコート神宮北参道/97.14㎡/2LDK＋WI…,東京都渋谷区千駄ヶ谷４,東京メトロ副都心線「北参道」徒歩1分,2023年6月,550000000.0,2LDK,97.14,5.83,東京,渋谷,30,55000.0,1868,東京メトロ副都心線,北参道,35.6791468,139.709008
ウェリスタワー愛宕虎ノ門,東京都港区虎ノ門３,東京メトロ日比谷線「神谷町」徒歩2分,2014年2月,558000000.0,2LDK,65.46,15.5,東京,港,142,55800.0,2813,東京メトロ日比谷線,神谷町,35.6642718,139.747001
ラ・トゥール飯田橋,東京都文京区後楽２,ＪＲ中央線「飯田橋」徒歩5分,2010年12月,558000000.0,3LDK,119.6,0.0,東京,文京,180,55800.0,1540,ＪＲ中央線,飯田橋,35.7058049,139.7454042
ウェリスタワー愛宕虎ノ門21階,東京都港区虎ノ門３,東京メトロ日比谷線「神谷町」徒歩2分,2014年3月,558000000.0,2LDK,65.46,15.5,東京,港,141,55800.0,2813,東京メトロ日比谷線,神谷町,35.6642718,139.747001
パークコート六本木ヒルトップ,東京都港区六本木１,東京メトロ南北線「六本木一丁目」徒歩3分,2012年8月,558000000.0,3LDK,80.94,8.19,東京,港,160,55800.0,2275,東京メトロ南北線,六本木一丁目,35.6647384,139.7402946
ラ・トゥール飯田橋,東京都文京区後楽２,東京メトロ有楽町線「飯田橋」徒歩4分,2010年12月,558000000.0,3LDK,119.6,0.0,東京,文京,180,55800.0,1540,東京メトロ有楽町線,飯田橋,35.7058049,139.7454042
東京ツインパークスＬＥＦＴ　ＷＩＮＧ,東京都港区東新橋１,ＪＲ山手線「浜松町」徒歩7分,2002年9月,560000000.0,2LDK,109.39,9.43,東京,港,279,56000.0,1689,ＪＲ山手線,浜松町,35.664582,139.7613745
東京ツインパークス,東京都港区東新橋１,都営大江戸線「汐留」徒歩3分,2002年9月,560000000.0,2LDK,109.39,9.43,東京,港,279,56000.0,1689,都営大江戸線,汐留,35.664582,139.7613745
東京ツインパークス　レフトウイング,東京都港区東新橋１,都営大江戸線「汐留」徒歩3分,2002年9月,560000000.0,2LDK,109.39,9.43,東京,港,279,56000.0,1689,都営大江戸線,汐留,35.664582,139.7613745
TokyoTwinParksLeftWing,東京都港区東新橋１,都営大江戸線「汐留」徒歩3分,2002年9月,560000000.0,2LDK,109.39,10.85,東京,港,279,56000.0,1689,都営大江戸線,汐留,35.664582,139.7613745
マジェスタワー六本木,東京都港区六本木７,都営大江戸線「六本木」徒歩4分,2003年2月,560000000.0,2LDK,117.14,4.55,東京,港,274,56000.0,1578,都営大江戸線,六本木,35.6642047,139.7275226
中目黒アトラスタワー,東京都目黒区上目黒１,東急東横線「中目黒」徒歩2分,2009年9月,560000000.0,3LDK,116.87,13.0,東京,目黒,195,56000.0,1581,東急東横線,中目黒,35.6460419,139.6994338
マジェスタワー六本木,東京都港区六本木７,東京メトロ日比谷線「六本木」徒歩5分,2006年2月,560000000.0,2LDK,117.14,4.55,東京,港,238,56000.0,1578,東京メトロ日比谷線,六本木,35.6642047,139.7275226
マジェスタワー六本木,東京都港区六本木７,東京メトロ日比谷線「六本木」徒歩6分,2006年2月,560000000.0,2LDK,117.14,4.55,東京,港,238,56000.0,1578,東京メトロ日比谷線,六本木,35.6642047,139.7275226
東京ツインパークス・レフトウィング,東京都港区東新橋１,都営大江戸線「汐留」徒歩3分,2002年9月,560000000.0,2LDK,109.39,10.85,東京,港,279,56000.0,1689,都営大江戸線,汐留,35.664582,139.7613745
東京ツインパークスレフトウィング,東京都港区東新橋１,都営大江戸線「汐留」徒歩3分,2002年9月,560000000.0,2LDK,109.39,10.85,東京,港,279,56000.0,1689,都営大江戸線,汐留,35.664582,139.7613745
パークコート麻布十番ザタワー,東京都港区三田１,東京メトロ南北線「麻布十番」徒歩3分,2010年5月,568000000.0,3LDK,88.41,11.91,東京,港,187,56800.0,2120,東京メトロ南北線,麻布十番,35.6537721,139.741572
ザ・パークハウス白金二丁目タワー,東京都港区白金２,東京メトロ南北線「白金台」徒歩5分,2018年7月,577000000.0,2LDK,100.39,10.02,東京,港,89,57700.0,1897,東京メトロ南北線,白金台,35.6416377,139.7313539
ザ・パークハウス白金二丁目タワー,東京都港区白金２,東京メトロ南北線「白金台」徒歩5分,2018年7月,577000000.0,2LDK,100.39,10.02,東京,港,89,57700.0,1897,東京メトロ南北線,白金台,35.6416377,139.7313539
ウェリスタワー愛宕虎ノ門,東京都港区虎ノ門３,東京メトロ日比谷線「神谷町」徒歩2分,2014年2月,578000000.0,2LDK,65.46,15.5,東京,港,142,57800.0,2914,東京メトロ日比谷線,神谷町,35.6642718,139.747001
青山パークタワー,東京都渋谷区渋谷１,ＪＲ山手線「渋谷」徒歩8分,2003年5月,580000000.0,4LDK,107.46,4.36,東京,渋谷,271,58000.0,1781,ＪＲ山手線,渋谷,35.66135020000001,139.7032633
パークコート渋谷ザタワー,東京都渋谷区宇田川町,東急東横線「渋谷」徒歩8分,2020年7月,580000000.0,2LDK,120.66,5.01,東京,渋谷,65,58000.0,1586,東急東横線,渋谷,35.661594,139.6981574
パークコート虎ノ門愛宕タワー,東京都港区虎ノ門３,東京メトロ日比谷線「神谷町」徒歩4分,2008年4月,580000000.0,2LDK,97.99,6.46,東京,港,212,58000.0,1953,東京メトロ日比谷線,神谷町,35.6642718,139.747001
SAION SAKURAZAKA,東京都港区赤坂１-12-1,東京メトロ南北線「六本木一丁目」徒歩5分,2009年11月,580000000.0,2LDK,107.48,22.18,東京,港,193,58000.0,1781,東京メトロ南北線,六本木一丁目,35.6689583,139.7414072
パークコート赤坂檜町ザ・タワー,東京都港区赤坂９,東京メトロ千代田線「乃木坂」徒歩3分,2018年2月,585000000.0,1LDK,57.61,12.92,東京,港,94,58500.0,3351,東京メトロ千代田線,乃木坂,35.6668899,139.7313539
パークコート赤坂檜町ザ　タワー,東京都港区赤坂９,東京メトロ千代田線「乃木坂」徒歩3分,2018年2月,585000000.0,1LDK,57.61,12.92,東京,港,94,58500.0,3351,東京メトロ千代田線,乃木坂,35.6668899,139.7313539
ワールドタワーレジデンス,東京都港区浜松町２,ＪＲ山手線「浜松町」徒歩2分,2024年11月,593000000.0,2LDK,80.88,16.46,東京,港,13,59300.0,2420,ＪＲ山手線,浜松町,35.6548149,139.7556247
グランスイート虎ノ門,東京都港区虎ノ門１,東京メトロ日比谷線「虎ノ門ヒルズ」徒歩1分,2007年3月,598000000.0,2LDK,111.96,26.79,東京,港,225,59800.0,1763,東京メトロ日比谷線,虎ノ門ヒルズ,35.668325,139.7492367
ラ・トゥール渋谷宇田川,東京都渋谷区宇田川町,東京メトロ半蔵門線「渋谷」徒歩6分,2019年2月,598000000.0,3LDK,69.51,6.3,東京,渋谷,82,59800.0,2839,東京メトロ半蔵門線,渋谷,35.661594,139.6981574
ＷＯＲＬＤ　ＴＯＷＥＲ　ＲＥＳＩＤＥＮＣＥ,東京都港区浜松町２,ＪＲ山手線「浜松町」徒歩2分,2024年11月,598000000.0,2LDK,80.88,16.46,東京,港,13,59800.0,2440,ＪＲ山手線,浜松町,35.6548149,139.7556247
ラ・トゥール渋谷宇田川,東京都渋谷区宇田川町,東京メトロ半蔵門線「渋谷」徒歩6分,2019年2月,598000000.0,3LDK,69.51,6.3,東京,渋谷,82,59800.0,2839,東京メトロ半蔵門線,渋谷,35.661594,139.6981574
パークコート青山ザ・タワー,東京都港区南青山２,東京メトロ銀座線「青山一丁目」徒歩3分,2017年12月,598000000.0,2LDK,85.34,0.0,東京,港,96,59800.0,2312,東京メトロ銀座線,青山一丁目,35.6652799,139.723053
ＨＡＲＵＭＩ　ＦＬＡＧ　ＳＵＮ　ＶＩＬＬＡＧＥ　Ｔ棟,東京都中央区晴海５,都営大江戸線「勝どき」徒歩14分,2025年9月,598000000.0,3LDK,94.49,20.92,東京,中央,3,59800.0,2088,都営大江戸線,勝どき,35.6490356,139.7741538
パークコート乃木坂ザタワー,東京都港区南青山１,東京メトロ千代田線「乃木坂」徒歩1分,2019年1月,598000000.0,2LDK,100.65,13.26,東京,港,83,59800.0,1961,東京メトロ千代田線,乃木坂,35.6689177,139.7249685
パークコート乃木坂ザタワー,東京都港区南青山１,東京メトロ千代田線「乃木坂」徒歩2分,2019年1月,598000000.0,2LDK,100.65,13.26,東京,港,83,59800.0,1961,東京メトロ千代田線,乃木坂,35.6689177,139.7249685
ザ・パークハウス白金二丁目タワー,東京都港区白金２,都営三田線「白金高輪」徒歩5分,2018年7月,600000000.0,2LDK,100.39,10.02,東京,港,89,60000.0,1972,都営三田線,白金高輪,35.6416377,139.7313539
ザ・パークハウス三田ガーデン,東京都港区三田５,東京メトロ南北線「白金高輪」徒歩8分,2021年10月,600000000.0,2LDK,113.49,15.11,東京,港,50,60000.0,1745,東京メトロ南北線,白金高輪,35.6464953,139.73774
元麻布ヒルズ　フォレストタワー,東京都港区元麻布１,都営大江戸線「麻布十番」徒歩6分,2002年5月,605000000.0,2LDK,107.17,0.0,東京,港,283,60500.0,1863,都営大江戸線,麻布十番,35.6536293,139.7326311
グランスイート麻布台ヒルトップタワー,東京都港区麻布台３,都営大江戸線「麻布十番」徒歩8分,2014年1月,613000000.0,2LDK,86.83,6.48,東京,港,143,61300.0,2330,都営大江戸線,麻布十番,35.6601113,139.7380593
グランスイート麻布台ヒルトップタワー,東京都港区麻布台３,東京メトロ南北線「麻布十番」徒歩8分,2014年1月,613000000.0,2LDK,89.12,6.48,東京,港,143,61300.0,2270,東京メトロ南北線,麻布十番,35.6601113,139.7380593
パークコート赤坂ザ・タワー,東京都港区赤坂４,東京メトロ丸ノ内線「赤坂見附」徒歩8分,2009年6月,620000000.0,2LDK,108.4,11.5,東京,港,198,62000.0,1887,東京メトロ丸ノ内線,赤坂見附,35.6748007,139.7339083
グランスイート虎ノ門,東京都港区虎ノ門１,東京メトロ日比谷線「虎ノ門ヒルズ」徒歩1分,2007年4月,628000000.0,2LDK,111.96,26.79,東京,港,224,62800.0,1851,東京メトロ日比谷線,虎ノ門ヒルズ,35.668325,139.7492367
グランスイート虎ノ門,東京都港区虎ノ門１,東京メトロ日比谷線「虎ノ門ヒルズ」徒歩1分,2007年3月,628000000.0,2LDK,111.96,26.79,東京,港,225,62800.0,1851,東京メトロ日比谷線,虎ノ門ヒルズ,35.668325,139.7492367
グランスイート虎ノ門◆最上階角住戸×東南向き◆新規リ…,東京都港区虎ノ門１,東京メトロ日比谷線「虎ノ門ヒルズ」徒歩1分,2007年4月,628000000.0,2LDK,111.96,26.79,東京,港,224,62800.0,1851,東京メトロ日比谷線,虎ノ門ヒルズ,35.668325,139.7492367
グランスイート虎ノ門,東京都港区虎ノ門１,東京メトロ日比谷線「虎ノ門ヒルズ」徒歩1分,2007年5月,628000000.0,2LDK,111.96,26.79,東京,港,223,62800.0,1851,東京メトロ日比谷線,虎ノ門ヒルズ,35.668325,139.7492367
グランスイート虎ノ門,東京都港区虎ノ門１,東京メトロ日比谷線「虎ノ門ヒルズ」徒歩1分,2007年4月,628000000.0,2LDK,111.96,26.79,東京,港,224,62800.0,1851,東京メトロ日比谷線,虎ノ門ヒルズ,35.668325,139.7492367
元麻布ヒルズフォレストタワー,東京都港区元麻布１,東京メトロ南北線「麻布十番」徒歩8分,2002年5月,640000000.0,2LDK+S（納戸）,105.96,5.28,東京,港,283,64000.0,1993,東京メトロ南北線,麻布十番,35.6536293,139.7326311
元麻布ヒルズフォレストタワー,東京都港区元麻布１,東京メトロ南北線「麻布十番」徒歩10分,2002年5月,640000000.0,2LDK+S（納戸）,105.96,5.28,東京,港,283,64000.0,1993,東京メトロ南北線,麻布十番,35.6536293,139.7326311
白金ザ・スカイ,東京都港区白金１,東京メトロ南北線「白金高輪」徒歩3分,2023年2月,640000000.0,2LDK,92.84,7.0,東京,港,34,64000.0,2275,東京メトロ南北線,白金高輪,35.6449583,139.7339083
グランスイート麻布台ヒルトップタワー,東京都港区麻布台３,東京メトロ南北線「六本木一丁目」徒歩6分,2014年1月,646800000.0,2LDK,89.12,6.48,東京,港,143,64680.0,2395,東京メトロ南北線,六本木一丁目,35.6601113,139.7380593
晴海フラッグパークヴィレッジT棟,東京都中央区晴海５,都営大江戸線「勝どき」徒歩14分,2025年9月,648000000.0,3LDK,119.4,16.68,東京,中央,3,64800.0,1791,都営大江戸線,勝どき,35.6490356,139.7741538
パークコート赤坂檜町ザタワー,東京都港区赤坂９,東京メトロ千代田線「乃木坂」徒歩3分,2018年2月,648000000.0,2LDK,67.01,17.46,東京,港,94,64800.0,3191,東京メトロ千代田線,乃木坂,35.6668899,139.7313539
ザ・パークハウス三田ガーデン レジデンス＆タワー,東京都港区三田５-2 22,東京メトロ南北線「白金高輪」徒歩8分,2021年10月,648000000.0,3LDK,121.44,18.83,東京,港,50,64800.0,1761,東京メトロ南北線,白金高輪,35.6464953,139.73774
パークコート浜離宮ザタワー,東京都港区浜松町１,ＪＲ山手線「浜松町」徒歩5分,2019年2月,648000000.0,3LDK,86.29,20.64,東京,港,82,64800.0,2478,ＪＲ山手線,浜松町,35.658259,139.7556247
ザ・パークハウス三田ガーデン　タワー棟,東京都港区三田５,東京メトロ南北線「白金高輪」徒歩7分,2021年10月,648000000.0,3LDK,121.44,18.83,東京,港,50,64800.0,1761,東京メトロ南北線,白金高輪,35.6464953,139.73774
SAION SAKURAZAKA,東京都港区赤坂１,東京メトロ銀座線「溜池山王」徒歩3分,2010年10月,649800000.0,2LDK,103.69,22.18,東京,港,182,64980.0,2068,東京メトロ銀座線,溜池山王,35.6692065,139.7428494
ＳＡＩＯＮ　ＳＡＫＵＲＡＺＡＫＡ,東京都港区赤坂１,東京メトロ銀座線「溜池山王」徒歩3分,2009年11月,649800000.0,2LDK,107.48,22.18,東京,港,193,64980.0,1995,東京メトロ銀座線,溜池山王,35.6692065,139.7428494
クラッシィタワー新宿御苑,東京都新宿区四谷４,東京メトロ丸ノ内線「新宿御苑前」徒歩4分,2024年11月,649800000.0,3LDK,116.14,20.56,東京,新宿,13,64980.0,1846,東京メトロ丸ノ内線,新宿御苑前,35.6894241,139.7160301
クラッシィタワー新宿御苑,東京都新宿区四谷４,東京メトロ丸ノ内線「新宿御苑前」徒歩4分,2024年11月,649800000.0,3LDK,116.14,20.56,東京,新宿,13,64980.0,1846,東京メトロ丸ノ内線,新宿御苑前,35.6894241,139.7160301
ＳＡＩＯＮ　ＳＡＫＵＲＡＺＡＫＡ,東京都港区赤坂１,東京メトロ南北線「溜池山王」徒歩3分,2009年11月,649800000.0,2LDK,107.48,22.18,東京,港,193,64980.0,1995,東京メトロ南北線,溜池山王,35.6692065,139.7428494
クラッシィタワー新宿御苑,東京都新宿区四谷４,東京メトロ丸ノ内線「新宿御苑前」徒歩4分,2024年11月,649800000.0,3LDK,116.14,20.56,東京,新宿,13,64980.0,1846,東京メトロ丸ノ内線,新宿御苑前,35.6894241,139.7160301
クラッシィタワー新宿御苑,東京都新宿区四谷４,東京メトロ丸ノ内線「新宿御苑前」徒歩4分,2024年11月,649800000.0,3LDK,116.14,20.56,東京,新宿,13,64980.0,1846,東京メトロ丸ノ内線,新宿御苑前,35.6894241,139.7160301
クラッシィタワー新宿御苑,東京都新宿区四谷４,東京メトロ丸ノ内線「新宿御苑前」徒歩4分,2024年11月,649800000.0,3LDK,116.14,20.56,東京,新宿,13,64980.0,1846,東京メトロ丸ノ内線,新宿御苑前,35.6894241,139.7160301
クラッシィタワー新宿御苑,東京都新宿区四谷４,東京メトロ丸ノ内線「新宿御苑前」徒歩4分,2024年10月,649800000.0,3LDK,116.14,20.56,東京,新宿,14,64980.0,1846,東京メトロ丸ノ内線,新宿御苑前,35.6894241,139.7160301
パークコート虎ノ門,東京都港区虎ノ門４,東京メトロ日比谷線「神谷町」徒歩4分,2021年11月,650000000.0,3LDK,86.37,12.85,東京,港,49,65000.0,2484,東京メトロ日比谷線,神谷町,35.6651277,139.7441268
ザ・レジデンス六本木,東京都港区六本木１-9-4,東京メトロ南北線「六本木一丁目」徒歩1分,2019年8月,650000000.0,2LDK+S（納戸）,82.15,3.54,東京,港,76,65000.0,2611,東京メトロ南北線,六本木一丁目,35.6632441,139.7404144
ウェリスタワー愛宕虎ノ門,東京都港区虎ノ門３-25,東京メトロ日比谷線「神谷町」徒歩2分,2014年2月,658000000.0,3LDK,76.31,22.86,東京,港,142,65800.0,2845,東京メトロ日比谷線,神谷町,35.6642718,139.747001
ＷＯＲＬＤ　ＴＯＷＥＲ　ＲＥＳＩＤＥＮＣＥ,東京都港区浜松町２,ＪＲ山手線「浜松町」徒歩2分,2024年11月,670000000.0,2LDK,80.88,16.46,東京,港,13,67000.0,2734,ＪＲ山手線,浜松町,35.6548149,139.7556247
白金ザ・スカイ,東京都港区白金１,東京メトロ南北線「白金高輪」徒歩3分,2023年2月,670000000.0,2LDK,92.84,7.0,東京,港,34,67000.0,2382,東京メトロ南北線,白金高輪,35.6449583,139.7339083
シティタワー麻布十番,東京都港区三田１,東京メトロ南北線「麻布十番」徒歩5分,2009年6月,679800000.0,2LDK,102.58,0.0,東京,港,198,67980.0,2187,東京メトロ南北線,麻布十番,35.6537721,139.741572
パークコート虎ノ門愛宕タワー,東京都港区虎ノ門３,東京メトロ日比谷線「神谷町」徒歩4分,2008年4月,680000000.0,3LDK,122.43,16.06,東京,港,212,68000.0,1833,東京メトロ日比谷線,神谷町,35.6642718,139.747001
【新規内装リフォーム実施！】グランスイート虎ノ門,東京都港区虎ノ門１,東京メトロ日比谷線「虎ノ門ヒルズ」徒歩1分,2007年4月,698000000.0,2LDK,111.96,26.79,東京,港,224,69800.0,2057,東京メトロ日比谷線,虎ノ門ヒルズ,35.668325,139.7492367
グランスイート虎ノ門,東京都港区虎ノ門１,東京メトロ日比谷線「虎ノ門ヒルズ」徒歩1分,2007年4月,698000000.0,2LDK,111.96,26.79,東京,港,224,69800.0,2057,東京メトロ日比谷線,虎ノ門ヒルズ,35.668325,139.7492367
グランスイート虎ノ門,東京都港区虎ノ門１,東京メトロ日比谷線「虎ノ門ヒルズ」徒歩1分,2007年4月,698000000.0,2LDK,111.96,26.79,東京,港,224,69800.0,2057,東京メトロ日比谷線,虎ノ門ヒルズ,35.668325,139.7492367
パークコート赤坂ザ・タワー,東京都港区赤坂４,東京メトロ千代田線「赤坂」徒歩8分,2009年6月,698000000.0,2LDK,130.96,17.11,東京,港,198,69800.0,1759,東京メトロ千代田線,赤坂,35.6748007,139.7339083
グランスイート虎ノ門,東京都港区虎ノ門１,東京メトロ日比谷線「虎ノ門ヒルズ」徒歩1分,2007年4月,698000000.0,2LDK,111.96,26.79,東京,港,224,69800.0,2057,東京メトロ日比谷線,虎ノ門ヒルズ,35.668325,139.7492367
グランスイート虎ノ門,東京都港区虎ノ門１,東京メトロ日比谷線「虎ノ門ヒルズ」徒歩1分,2007年4月,698000000.0,2LDK,111.96,26.79,東京,港,224,69800.0,2057,東京メトロ日比谷線,虎ノ門ヒルズ,35.668325,139.7492367
HARUMI FLAG PARK VILLAGE T…,東京都中央区晴海５-6-7,都営大江戸線「勝どき」徒歩14分,2025年9月,700000000.0,3LDK+S（納戸）,117.27,27.1,東京,中央,3,70000.0,1970,都営大江戸線,勝どき,35.6497754,139.7745565
虎ノ門タワーズレジデンス,東京都港区虎ノ門４,東京メトロ日比谷線「神谷町」徒歩4分,2006年7月,700000000.0,2LDK,113.44,11.67,東京,港,233,70000.0,2036,東京メトロ日比谷線,神谷町,35.6651277,139.7441268
プラウドタワー渋谷,東京都渋谷区渋谷３,東京メトロ半蔵門線「渋谷」徒歩5分,2025年3月,710000000.0,2LDK,113.56,16.02,東京,渋谷,9,71000.0,2063,東京メトロ半蔵門線,渋谷,35.6566382,139.7058165
ラトゥール千代田,東京都千代田区西神田３,東京メトロ東西線「九段下」徒歩5分,2004年1月,728000000.0,3LDK,128.01,0.0,東京,千代田,263,72800.0,1877,東京メトロ東西線,九段下,35.6978211,139.7533888
六本木ヒルズレジデンスB棟,東京都港区六本木６,東京メトロ日比谷線「六本木」徒歩6分,2003年4月,729900000.0,2LDK,104.44,7.87,東京,港,272,72990.0,2306,東京メトロ日比谷線,六本木,35.6606389,139.7300768
パークコート赤坂檜町ザ　タワー,東京都港区赤坂９,東京メトロ日比谷線「六本木」徒歩8分,2018年2月,730000000.0,3LDK+S（納戸）,76.52,17.94,東京,港,94,73000.0,3148,東京メトロ日比谷線,六本木,35.6668899,139.7313539
パークコート赤坂檜町ザ　タワー,東京都港区赤坂９,東京メトロ千代田線「乃木坂」徒歩3分,2018年2月,748000000.0,2LDK,80.59,17.23,東京,港,94,74800.0,3063,東京メトロ千代田線,乃木坂,35.6668899,139.7313539
赤坂タワーレジデンス　Top of the Hill,東京都港区赤坂２,東京メトロ千代田線「赤坂」徒歩5分,2008年4月,748000000.0,3LDK,129.5,15.0,東京,港,212,74800.0,1906,東京メトロ千代田線,赤坂,35.6711124,139.7390173
恵比寿ガーデンテラス壱番館,東京都目黒区三田１,ＪＲ山手線「恵比寿」徒歩10分,1994年7月,778000000.0,3LDK,154.95,20.37,東京,目黒,377,77800.0,1657,ＪＲ山手線,恵比寿,35.6407158,139.7147533
マジェスタワー六本木,東京都港区六本木７,都営大江戸線「六本木」徒歩4分,2006年2月,788000000.0,2LDK,111.71,6.52,東京,港,238,78800.0,2328,都営大江戸線,六本木,35.6642047,139.7275226
パークコート青山ザタワー,東京都港区南青山２,東京メトロ銀座線「青山一丁目」徒歩3分,2017年12月,790000000.0,2LDK,111.25,0.0,東京,港,96,79000.0,2343,東京メトロ銀座線,青山一丁目,35.6652799,139.723053
パークコート青山ザ・タワー,東京都港区南青山２,東京メトロ銀座線「青山一丁目」徒歩3分,2017年12月,790000000.0,2LDK,115.41,0.0,東京,港,96,79000.0,2259,東京メトロ銀座線,青山一丁目,35.6652799,139.723053
パークコート青山ザタワー,東京都港区南青山２,東京メトロ銀座線「青山一丁目」徒歩3分,2017年12月,790000000.0,2LDK,115.41,0.0,東京,港,96,79000.0,2259,東京メトロ銀座線,青山一丁目,35.6652799,139.723053
ザ・パークハウス西麻布レジデンス,東京都港区西麻布４,東京メトロ日比谷線「広尾」徒歩6分,2014年5月,798000000.0,2LDK,122.55,18.01,東京,港,139,79800.0,2149,東京メトロ日比谷線,広尾,35.6581991,139.7211376
パークコート渋谷ザタワー,東京都渋谷区宇田川町,東急東横線「渋谷」徒歩9分,2020年7月,798000000.0,3LDK,141.05,13.38,東京,渋谷,65,79800.0,1867,東急東横線,渋谷,35.661594,139.6981574
ザ・パークハウス西麻布レジデンス,東京都港区西麻布４,東京メトロ日比谷線「広尾」徒歩6分,2014年5月,798000000.0,2LDK,122.55,18.01,東京,港,139,79800.0,2149,東京メトロ日比谷線,広尾,35.6581991,139.7211376
白金ザ・スカイ,東京都港区白金１,東京メトロ南北線「白金高輪」徒歩3分,2023年2月,800000000.0,2LDK+S（納戸）,103.1,7.0,東京,港,34,80000.0,2561,東京メトロ南北線,白金高輪,35.6449583,139.7339083
SHIROKANE THE SKY,東京都港区白金１,東京メトロ南北線「白金高輪」徒歩3分,2023年2月,800000000.0,2LDK,103.1,7.0,東京,港,34,80000.0,2561,東京メトロ南北線,白金高輪,35.6449583,139.7339083
HARUMI FLAG PARK VILLAGE T…,東京都中央区晴海５-6-7,都営大江戸線「勝どき」徒歩18分,2025年9月,800000000.0,2LDK,117.82,49.71,東京,中央,3,80000.0,2241,都営大江戸線,勝どき,35.6497754,139.7745565
赤坂タワーレジデンス　トップオブザヒル,東京都港区赤坂２,東京メトロ千代田線「赤坂」徒歩4分,2008年4月,800000000.0,2LDK,101.59,12.81,東京,港,212,80000.0,2599,東京メトロ千代田線,赤坂,35.6711124,139.7390173
白金ザ・スカイ　東棟,東京都港区白金１,東京メトロ南北線「白金高輪」徒歩3分,2023年2月,800000000.0,2LDK,103.1,0.0,東京,港,34,80000.0,2561,東京メトロ南北線,白金高輪,35.6449583,139.7339083
赤坂タワーレジデンストップオブザヒル,東京都港区赤坂２,東京メトロ千代田線「赤坂」徒歩4分,2008年4月,800000000.0,2LDK,101.59,12.81,東京,港,212,80000.0,2599,東京メトロ千代田線,赤坂,35.6711124,139.7390173
ＨＡＲＵＭＩ　ＦＬＡＧ　ＰＡＲＫ　ＶＩＬＬＡＧＥ　Ｔ…,東京都中央区晴海５,都営大江戸線「勝どき」徒歩15分,2025年8月,800000000.0,2LDK,117.82,49.71,東京,中央,4,80000.0,2241,都営大江戸線,勝どき,35.6490356,139.7741538
プラウドタワー渋谷,東京都渋谷区渋谷３,ＪＲ山手線「渋谷」徒歩7分,2025年3月,800000000.0,3LDK,111.27,13.5,東京,渋谷,9,80000.0,2373,ＪＲ山手線,渋谷,35.6566382,139.7058165
グランスイート麻布台ヒルトップタワー,東京都港区麻布台３,東京メトロ南北線「六本木一丁目」徒歩7分,2014年1月,820000000.0,2LDK,94.21,6.48,東京,港,143,82000.0,2872,東京メトロ南北線,六本木一丁目,35.6601113,139.7380593
虎ノ門ヒルズ　レジデンシャルタワー,東京都港区愛宕１,東京メトロ日比谷線「虎ノ門ヒルズ」徒歩2分,2022年1月,828000000.0,2LDK,94.64,15.57,東京,港,47,82800.0,2887,東京メトロ日比谷線,虎ノ門ヒルズ,35.6650403,139.7489173
中目黒アトラスタワー,東京都目黒区上目黒１,東急東横線「中目黒」徒歩2分,2009年9月,878000000.0,2LDK,165.24,11.9,東京,目黒,195,87800.0,1753,東急東横線,中目黒,35.6460419,139.6994338
中目黒アトラスタワー　最上階角部屋　45階,東京都目黒区上目黒１,東京メトロ日比谷線「中目黒」徒歩2分,2009年9月,878000000.0,2LDK,165.24,11.9,東京,目黒,195,87800.0,1753,東京メトロ日比谷線,中目黒,35.6460419,139.6994338
中目黒アトラスタワー,東京都目黒区上目黒１,東急東横線「中目黒」徒歩2分,2009年9月,878000000.0,2LDK,165.24,11.9,東京,目黒,195,87800.0,1753,東急東横線,中目黒,35.6460419,139.6994338
プラウドタワー渋谷,東京都渋谷区渋谷３-3,東京メトロ銀座線「渋谷」徒歩5分,2025年3月,880000000.0,1LDK,98.41,11.81,東京,渋谷,9,88000.0,2951,東京メトロ銀座線,渋谷,35.657128,139.7066343
高輪ザ・レジデンス,東京都港区高輪１,東京メトロ南北線「白金台」徒歩8分,2005年10月,887000000.0,2LDK,261.94,16.3,東京,港,242,88700.0,1117,東京メトロ南北線,白金台,35.6403663,139.7339083
高輪ザ・レジデンス,東京都港区高輪１,都営浅草線「高輪台」徒歩7分,2005年10月,887000000.0,3LDK,261.94,16.3,東京,港,242,88700.0,1117,都営浅草線,高輪台,35.6403663,139.7339083
パークコート乃木坂ザタワー,東京都港区南青山１,東京メトロ千代田線「乃木坂」徒歩2分,2019年1月,898000000.0,3LDK,100.65,11.42,東京,港,83,89800.0,2944,東京メトロ千代田線,乃木坂,35.6689177,139.7249685
SAION SAKURAZAKA,東京都港区赤坂１-11-12,東京メトロ南北線「六本木一丁目」徒歩5分,2009年11月,950000000.0,3LDK,142.85,22.18,東京,港,193,95000.0,2195,東京メトロ南北線,六本木一丁目,35.6677111,139.7416644
ＴＨＥ　ＣＯＵＲＴ神宮外苑,東京都渋谷区神宮前２,東京メトロ銀座線「外苑前」徒歩8分,2020年1月,980000000.0,3LDK,127.82,0.0,東京,渋谷,71,98000.0,2530,東京メトロ銀座線,外苑前,35.6736057,139.7109231
パークコート青山ザタワー,東京都港区南青山２,東京メトロ銀座線「青山一丁目」徒歩3分,2017年12月,980000000.0,3LDK,135.21,0.0,東京,港,96,98000.0,2392,東京メトロ銀座線,青山一丁目,35.6652799,139.723053
乃木坂パークハウス,東京都港区赤坂８,東京メトロ千代田線「乃木坂」徒歩2分,2010年6月,998000000.0,3LDK,176.87,24.9,東京,港,186,99800.0,1862,東京メトロ千代田線,乃木坂,35.6710904,139.7275226
パークコート青山ザタワー,東京都港区南青山２,東京メトロ半蔵門線「青山一丁目」徒歩3分,2017年12月,999900000.0,3LDK,143.7,0.0,東京,港,96,99990.0,2296,東京メトロ半蔵門線,青山一丁目,35.6652799,139.723053
東京ツインパークス レフトウィング,東京都港区東新橋１,都営大江戸線「汐留」徒歩3分,2002年9月,999990000.0,2LDK,183.19,12.57,東京,港,279,99999.0,1801,都営大江戸線,汐留,35.664582,139.7613745
東京ツインパークス　レフトウィング,東京都港区東新橋１-10-1,都営大江戸線「汐留」徒歩3分,2002年9月,999990000.0,2LDK,183.19,12.57,東京,港,279,99999.0,1801,都営大江戸線,汐留,35.6612914,139.7601337
東京ツインパークスレフトウイング（46階）,東京都港区東新橋１,都営大江戸線「汐留」徒歩3分,2002年9月,999990000.0,2LDK,183.19,12.57,東京,港,279,99999.0,1801,都営大江戸線,汐留,35.664582,139.7613745
サイオン桜坂　SAION　SAKURAZAKA,東京都港区赤坂１,東京メトロ南北線「溜池山王」徒歩3分,2009年11月,1020000000.0,3LDK,142.85,22.18,東京,港,193,102000.0,2356,東京メトロ南北線,溜池山王,35.6692065,139.7428494
ザ・パークハウス白金二丁目タワー,東京都港区白金２,東京メトロ南北線「白金台」徒歩5分,2018年7月,1050000000.0,3LDK,150.37,17.91,東京,港,89,105000.0,2304,東京メトロ南北線,白金台,35.6416377,139.7313539
ザ・パークハウス白金二丁目タワー,東京都港区白金２,東京メトロ南北線「白金台」徒歩5分,2018年7月,1080000000.0,3LDK,138.86,21.62,東京,港,89,108000.0,2567,東京メトロ南北線,白金台,35.6416377,139.7313539
乃木坂パークハウス,東京都港区赤坂８,東京メトロ千代田線「乃木坂」徒歩2分,2010年6月,1080000000.0,3LDK,176.87,24.9,東京,港,186,108000.0,2015,東京メトロ千代田線,乃木坂,35.6710904,139.7275226
青山パークタワー,東京都渋谷区渋谷１,ＪＲ山手線「渋谷」徒歩8分,2003年3月,1120000000.0,3LDK,186.47,8.12,東京,渋谷,273,112000.0,1982,ＪＲ山手線,渋谷,35.66135020000001,139.7032633
元麻布ヒルズ フォレストテラスイースト,東京都港区元麻布１,東京メトロ南北線「麻布十番」徒歩7分,2002年5月,1129800000.0,3LDK,191.91,16.37,東京,港,283,112980.0,1943,東京メトロ南北線,麻布十番,35.6536293,139.7326311
六本木ヒルズレジデンスB棟,東京都港区六本木６,東京メトロ日比谷線「六本木」徒歩5分,2003年4月,1220000000.0,2LDK+S（納戸）,141.75,12.22,東京,港,272,122000.0,2840,東京メトロ日比谷線,六本木,35.6606389,139.7300768
パークコート神宮北参道ザタワー,東京都渋谷区千駄ヶ谷４,東京メトロ副都心線「北参道」徒歩1分,2023年1月,1230000000.0,2LDK,136.47,0.0,東京,渋谷,35,123000.0,2974,東京メトロ副都心線,北参道,35.6791468,139.709008
シティタワー麻布十番,東京都港区三田１,東京メトロ南北線「麻布十番」徒歩5分,2009年6月,1250000000.0,2LDK,133.19,11.04,東京,港,198,125000.0,3097,東京メトロ南北線,麻布十番,35.6537721,139.741572
SAION SAKURAZAKA　　サイオン桜坂,東京都港区赤坂１-11-12,東京メトロ銀座線「溜池山王」徒歩3分,2009年11月,1260000000.0,4LDK,185.44,25.2,東京,港,193,126000.0,2242,東京メトロ銀座線,溜池山王,35.6677111,139.7416644
ＳＡＩＯＮ　ＳＡＫＵＲＡＺＡＫＡ,東京都港区赤坂１,東京メトロ銀座線「溜池山王」徒歩3分,2009年11月,1260000000.0,4LDK,185.44,25.2,東京,港,193,126000.0,2242,東京メトロ銀座線,溜池山王,35.6692065,139.7428494
ＳＡＩＯＮ　ＳＡＫＵＲＡＺＡＫＡ,東京都港区赤坂１,東京メトロ銀座線「溜池山王」徒歩3分,2009年11月,1260000000.0,4LDK,185.44,25.2,東京,港,193,126000.0,2242,東京メトロ銀座線,溜池山王,35.6692065,139.7428494
平河町森タワーレジデンス,東京都千代田区平河町２,東京メトロ半蔵門線「永田町」徒歩1分,2009年12月,1280000000.0,2LDK,158.03,4.85,東京,千代田,192,128000.0,2673,東京メトロ半蔵門線,永田町,35.6808059,139.7402946
平河町森タワーレジデンス,東京都千代田区平河町２,東京メトロ半蔵門線「永田町」徒歩1分,2009年12月,1280000000.0,2LDK,158.03,4.85,東京,千代田,192,128000.0,2673,東京メトロ半蔵門線,永田町,35.6808059,139.7402946
虎ノ門ヒルズレジデンス,東京都港区虎ノ門１,東京メトロ日比谷線「虎ノ門ヒルズ」徒歩1分,2014年5月,1300000000.0,2LDK,101.09,0.0,東京,港,139,130000.0,4244,東京メトロ日比谷線,虎ノ門ヒルズ,35.668325,139.7492367
パークコート青山ザタワー,東京都港区南青山２,東京メトロ銀座線「青山一丁目」徒歩3分,2017年12月,1300000000.0,2LDK,140.94,0.0,東京,港,96,130000.0,3044,東京メトロ銀座線,青山一丁目,35.6652799,139.723053
元麻布ヒルズ フォレストタワー,東京都港区元麻布１,東京メトロ南北線「麻布十番」徒歩7分,2002年5月,1380000000.0,2LDK,152.9,11.08,東京,港,283,138000.0,2978,東京メトロ南北線,麻布十番,35.6536293,139.7326311
アークヒルズ仙石山レジデンス,東京都港区六本木１,東京メトロ南北線「六本木一丁目」徒歩4分,2012年8月,1390000000.0,3LDK,178.84,0.0,東京,港,160,139000.0,2565,東京メトロ南北線,六本木一丁目,35.6647384,139.7402946
虎ノ門ヒルズ　レジデンシャルタワー,東京都港区愛宕１,東京メトロ日比谷線「虎ノ門ヒルズ」徒歩2分,2022年1月,1500000000.0,2LDK,170.97,18.55,東京,港,47,150000.0,2895,東京メトロ日比谷線,虎ノ門ヒルズ,35.6650403,139.7489173
虎ノ門ヒルズレジデンシャルタワー,東京都港区愛宕１,東京メトロ日比谷線「虎ノ門ヒルズ」徒歩2分,2022年1月,1500000000.0,2LDK,170.97,18.55,東京,港,47,150000.0,2895,東京メトロ日比谷線,虎ノ門ヒルズ,35.6650403,139.7489173
パークコート赤坂檜町ザタワー,東京都港区赤坂９,東京メトロ千代田線「乃木坂」徒歩3分,2018年2月,1580000000.0,3LDK,123.18,23.58,東京,港,94,158000.0,4233,東京メトロ千代田線,乃木坂,35.6668899,139.7313539
パークコート赤坂檜町ザ　タワー,東京都港区赤坂９,東京メトロ日比谷線「六本木」徒歩6分,2018年2月,1580000000.0,3LDK,123.18,23.58,東京,港,94,158000.0,4233,東京メトロ日比谷線,六本木,35.6668899,139.7313539
パークコート麻布十番ザタワー,東京都港区三田１,東京メトロ南北線「麻布十番」徒歩3分,2010年5月,1780000000.0,3LDK,161.58,31.95,東京,港,187,178000.0,3635,東京メトロ南北線,麻布十番,35.6537721,139.741572
パークコート青山ザタワー,東京都港区南青山２,東京メトロ銀座線「青山一丁目」徒歩3分,2017年12月,1940000000.0,3LDK+S（納戸）,234.04,0.0,東京,港,96,194000.0,2735,東京メトロ銀座線,青山一丁目,35.6652799,139.723053
